25000
95	1466	1
217	1229	1
2093	1534	1
1405	707	1
2488	515	1
2933	1244	1
1443	163	1
1212	1600	1
2988	1236	1
649	1013	1
2287	1364	1
335	1441	1
2316	335	1
120	1762	1
1355	1753	1
642	508	1
2630	808	1
2323	559	1
1199	198	1
628	1618	1
2815	1449	1
51	1798	1
804	913	1
1379	1837	1
1302	342	1
837	1644	1
557	764	1
2688	1036	1
618	1524	1
2326	592	1
2974	381	1
2769	632	1
1182	804	1
2317	731	1
1167	463	1
2838	1376	1
1767	850	1
2432	92	1
2539	891	1
1492	137	1
1807	1678	1
1502	1597	1
10	209	1
1703	1686	1
1282	963	1
1165	2	1
668	1670	1
1510	665	1
2419	36	1
698	327	1
1373	1340	1
521	1473	1
316	772	1
460	1024	1
1313	221	1
1579	1546	1
2337	974	1
1482	252	1
1752	1160	1
2850	89	1
1191	737	1
466	1265	1
877	202	1
2584	1020	1
2757	1782	1
172	1933	1
624	350	1
1337	1325	1
953	1520	1
1913	1115	1
892	1951	1
2987	1675	1
798	1072	1
2210	1672	1
1293	1608	1
271	789	1
2265	1808	1
395	1988	1
2724	531	1
2039	1631	1
1680	720	1
2660	704	1
2546	1614	1
941	866	1
2690	176	1
1290	1765	1
1381	690	1
2561	117	1
57	1412	1
2646	412	1
1568	1559	1
574	1417	1
2637	628	1
2852	398	1
1104	204	1
2315	1987	1
2270	408	1
1656	1058	1
2035	1136	1
600	1862	1
520	1424	1
92	1581	1
1091	1876	1
646	1018	1
1431	1437	1
1530	775	1
1239	1686	1
2961	1719	1
2621	1419	1
2490	25	1
47	1171	1
2699	375	1
1510	63	1
1418	1472	1
1962	1570	1
308	1952	1
440	369	1
607	1645	1
2534	1283	1
2949	713	1
86	1262	1
2392	1507	1
2884	732	1
104	16	1
1906	1413	1
1891	780	1
1938	1353	1
977	1055	1
638	1313	1
784	652	1
278	286	1
2308	1998	1
75	624	1
1890	664	1
2100	1724	1
2360	1673	1
116	1808	1
2632	636	1
1600	1486	1
939	1368	1
1781	1576	1
100	1899	1
1269	1508	1
1938	1910	1
330	1954	1
2204	1822	1
2386	1979	1
194	1483	1
2357	526	1
809	534	1
2412	1990	1
387	835	1
1096	1051	1
2963	1143	1
1138	1204	1
135	1313	1
789	1982	1
1402	1762	1
2871	1264	1
1580	846	1
180	1788	1
504	635	1
1628	1679	1
2913	1698	1
1383	1520	1
1598	68	1
1126	686	1
12	887	1
453	721	1
278	82	1
1281	949	1
2343	593	1
201	993	1
368	1647	1
740	85	1
2288	664	1
22	1300	1
298	1621	1
1822	234	1
2594	1986	1
2098	901	1
1385	804	1
2225	843	1
1649	572	1
727	1039	1
1255	1286	1
1283	1953	1
2795	1771	1
1045	1236	1
1092	542	1
2289	533	1
2632	1953	1
919	235	1
529	445	1
2636	1611	1
1333	1959	1
398	1200	1
2524	1753	1
1227	466	1
281	1236	1
2143	766	1
1203	919	1
1292	1194	1
195	329	1
2777	173	1
1935	1716	1
68	1834	1
2840	531	1
772	1468	1
2068	1496	1
2802	925	1
2133	1957	1
2368	1483	1
734	1440	1
825	1756	1
739	855	1
105	212	1
1190	1774	1
1898	1442	1
2876	1603	1
2664	853	1
30	292	1
822	473	1
553	108	1
265	701	1
1964	1723	1
904	1361	1
2395	1643	1
2691	1912	1
1928	487	1
2347	1542	1
1191	900	1
2109	1664	1
2418	1110	1
1980	1584	1
141	1318	1
2681	103	1
2771	51	1
2338	1501	1
2321	1911	1
2855	152	1
1446	385	1
2646	496	1
2613	895	1
1771	863	1
1458	15	1
740	1560	1
1872	1945	1
2904	315	1
228	571	1
2623	92	1
2118	1226	1
1384	1251	1
200	766	1
1508	1489	1
564	276	1
1522	1996	1
2813	1966	1
1426	468	1
2313	582	1
2922	671	1
2470	1700	1
107	557	1
2360	1476	1
2776	604	1
891	1212	1
2802	1789	1
2523	1179	1
327	1984	1
1398	1561	1
1334	1168	1
967	344	1
646	47	1
914	1495	1
1811	1905	1
223	1645	1
2552	434	1
2000	1275	1
1125	1427	1
423	874	1
637	707	1
1712	385	1
2935	1033	1
2700	1868	1
753	1946	1
65	1104	1
2856	137	1
1247	438	1
965	1649	1
1668	915	1
1187	1744	1
112	90	1
2504	602	1
2516	1679	1
2314	794	1
1461	1101	1
1057	1644	1
2935	1879	1
2337	1539	1
2116	17	1
742	60	1
1436	1453	1
1048	1989	1
2689	1325	1
718	291	1
1889	1013	1
2008	366	1
2731	1496	1
842	1882	1
1829	230	1
337	290	1
1474	1242	1
2761	1560	1
2110	1757	1
654	591	1
1070	502	1
1525	1060	1
1155	360	1
431	1229	1
2782	1912	1
2571	1890	1
116	1117	1
1177	1822	1
2255	1329	1
2429	1137	1
198	776	1
2309	1048	1
533	1854	1
2534	1622	1
2567	579	1
1986	86	1
2063	1556	1
1036	135	1
2492	1532	1
2693	258	1
2348	616	1
888	1413	1
2435	1102	1
547	1308	1
396	475	1
360	1285	1
1737	30	1
2042	472	1
1138	40	1
2255	167	1
1386	1440	1
40	669	1
2100	706	1
1372	623	1
1611	611	1
1819	184	1
1600	360	1
985	1696	1
266	321	1
2981	143	1
1588	1427	1
2608	1660	1
646	805	1
2983	226	1
1215	205	1
547	859	1
1565	1791	1
1830	390	1
2714	1662	1
454	1079	1
261	1070	1
840	1320	1
1113	70	1
2534	1253	1
1943	1127	1
393	1943	1
552	1471	1
1619	470	1
903	1872	1
1231	1555	1
1316	1120	1
1442	1034	1
1711	583	1
1354	362	1
875	953	1
2138	1235	1
2434	1567	1
2297	346	1
1588	1532	1
434	221	1
1583	913	1
102	1112	1
2356	1128	1
1720	860	1
944	1724	1
2382	438	1
2182	757	1
2628	379	1
2839	1234	1
210	502	1
2821	1593	1
2200	230	1
1160	654	1
1621	272	1
2450	1097	1
288	836	1
71	1491	1
2091	1236	1
2137	904	1
809	1133	1
1787	1093	1
1780	1999	1
723	1162	1
1984	44	1
655	417	1
1577	872	1
1744	1440	1
1365	1847	1
2285	972	1
2825	770	1
2293	245	1
2229	889	1
1789	562	1
2438	173	1
1473	593	1
454	93	1
707	1974	1
774	1768	1
2814	1541	1
60	692	1
757	1039	1
923	1962	1
349	261	1
1104	1320	1
2374	185	1
2944	603	1
700	1215	1
2193	1468	1
1454	1610	1
1369	826	1
1448	912	1
2281	991	1
2008	1220	1
2975	1906	1
484	1211	1
532	565	1
908	688	1
1285	1896	1
1605	1726	1
1491	181	1
1029	282	1
2683	1248	1
375	7	1
999	1215	1
2867	1882	1
1916	743	1
1813	23	1
1121	1028	1
492	211	1
1674	648	1
28	749	1
1357	873	1
1417	417	1
2838	1351	1
2129	1417	1
874	386	1
2466	1914	1
1136	632	1
1444	1626	1
2373	1922	1
487	928	1
1412	1070	1
1942	1679	1
320	260	1
821	464	1
140	1492	1
1898	1066	1
31	397	1
896	65	1
651	1570	1
372	1791	1
1927	70	1
2479	1724	1
2760	1708	1
1142	1932	1
1105	516	1
1	777	1
1545	1424	1
827	1479	1
970	417	1
1703	1634	1
2600	795	1
1639	1513	1
389	1442	1
238	602	1
935	761	1
2120	69	1
335	205	1
466	665	1
1974	40	1
1124	575	1
1713	373	1
109	1650	1
1957	424	1
229	951	1
901	736	1
2552	785	1
808	896	1
2134	410	1
113	1868	1
2562	1501	1
2656	1820	1
1628	543	1
2594	1296	1
516	1794	1
1377	744	1
1649	361	1
899	981	1
1880	269	1
1617	1071	1
2045	1796	1
1086	556	1
1114	1325	1
1455	1334	1
1578	301	1
1750	80	1
2407	1238	1
841	1994	1
804	735	1
698	75	1
817	512	1
555	852	1
527	1978	1
2383	1743	1
1141	1643	1
493	1149	1
705	1127	1
945	19	1
1479	1362	1
2976	190	1
1323	1702	1
570	1446	1
1173	348	1
999	1840	1
1166	1098	1
1532	10	1
1456	1995	1
2913	1635	1
2905	346	1
462	893	1
1317	375	1
418	457	1
2079	960	1
2638	115	1
1924	194	1
282	1712	1
2970	1224	1
1977	797	1
1435	955	1
716	311	1
2701	1062	1
472	1058	1
8	127	1
2177	823	1
1401	612	1
653	407	1
2252	83	1
1258	1047	1
2128	962	1
1221	822	1
2453	194	1
1191	382	1
1022	120	1
1987	1327	1
2749	1745	1
165	558	1
1586	1588	1
2645	385	1
2757	91	1
2633	1232	1
260	1855	1
2431	656	1
1929	929	1
2070	838	1
1616	1301	1
2669	254	1
1056	1884	1
1497	1751	1
2392	638	1
720	230	1
90	1765	1
478	666	1
251	1933	1
2718	258	1
47	1287	1
2144	805	1
2957	1481	1
94	832	1
2850	1554	1
213	280	1
956	85	1
552	342	1
169	1425	1
2376	1187	1
2467	1069	1
1596	567	1
340	348	1
2099	1376	1
158	581	1
2244	448	1
2265	1926	1
2479	932	1
1828	278	1
2949	1526	1
1902	1057	1
1125	707	1
2952	1568	1
2403	251	1
2537	1229	1
2927	1538	1
895	1629	1
2037	1225	1
1537	1317	1
2664	603	1
2815	440	1
2847	1748	1
2376	721	1
2238	1267	1
496	1248	1
2618	1051	1
2409	513	1
1228	1283	1
1720	1609	1
48	1889	1
1071	308	1
1918	1047	1
2201	699	1
664	804	1
2161	1708	1
1530	183	1
1559	197	1
2356	600	1
1290	380	1
1893	1408	1
2603	1402	1
682	1148	1
2518	172	1
1066	1529	1
682	665	1
2586	807	1
2833	1628	1
1062	376	1
332	1264	1
532	259	1
551	879	1
1577	535	1
561	693	1
2077	1484	1
2789	247	1
2104	1381	1
2379	1431	1
2864	255	1
1614	1153	1
1606	1873	1
1718	1464	1
2864	1538	1
2818	1888	1
300	248	1
1563	2	1
605	284	1
1242	1803	1
820	1368	1
1301	264	1
1749	90	1
58	638	1
1471	1199	1
2659	1487	1
1229	702	1
1213	1348	1
2345	1751	1
1839	263	1
2637	702	1
248	1640	1
507	1665	1
795	1647	1
1767	49	1
2208	1575	1
297	905	1
2889	1038	1
364	683	1
1707	1666	1
238	453	1
1437	1222	1
1405	1886	1
548	227	1
1122	509	1
1657	614	1
2251	784	1
2610	1051	1
1558	949	1
1287	410	1
2242	830	1
2890	1758	1
2565	1299	1
2644	1848	1
745	306	1
1919	349	1
2997	310	1
2262	1287	1
2967	858	1
2363	1606	1
1797	644	1
2834	735	1
1160	1813	1
1099	1138	1
2397	1376	1
2553	866	1
1088	1597	1
85	119	1
2882	90	1
1910	846	1
1557	127	1
1316	971	1
2778	1608	1
2780	49	1
1899	1413	1
2989	754	1
115	229	1
2506	1559	1
737	1240	1
987	90	1
1661	685	1
1069	1963	1
2569	337	1
2973	1514	1
2228	811	1
1221	1800	1
1354	1192	1
1201	1169	1
2336	1454	1
2001	423	1
2582	8	1
2353	1038	1
2728	1527	1
2352	696	1
189	1747	1
825	1912	1
311	1613	1
1777	144	1
1380	1975	1
2021	149	1
69	882	1
2918	766	1
275	898	1
1644	777	1
2459	480	1
1268	676	1
1755	141	1
1133	1434	1
1930	1973	1
738	765	1
636	653	1
1018	1708	1
2141	1910	1
1816	91	1
1287	701	1
2202	1372	1
177	506	1
1335	471	1
202	1104	1
1522	1264	1
2005	103	1
342	1561	1
2456	1687	1
7	13	1
1119	1601	1
1844	1358	1
121	429	1
360	1323	1
1146	365	1
2657	1687	1
2738	173	1
686	1394	1
161	87	1
162	501	1
1558	337	1
2704	366	1
2643	238	1
846	367	1
983	1629	1
2854	462	1
573	1958	1
1251	24	1
2227	947	1
473	715	1
2118	1075	1
718	1011	1
1847	952	1
936	609	1
236	492	1
1492	201	1
2338	713	1
2418	1657	1
782	783	1
1662	862	1
1378	233	1
2428	1749	1
2872	874	1
557	33	1
2533	47	1
2433	1195	1
312	5	1
2351	281	1
1805	354	1
328	1276	1
1111	353	1
102	897	1
755	64	1
399	302	1
1878	1527	1
1113	1766	1
2357	493	1
2873	1697	1
881	326	1
2407	974	1
2293	1906	1
1588	1447	1
286	1876	1
305	1704	1
726	195	1
1126	476	1
485	945	1
3	864	1
2287	314	1
707	408	1
1670	1293	1
1969	1099	1
2300	173	1
1864	1254	1
1955	1451	1
2889	1810	1
474	1677	1
633	1228	1
2124	431	1
1887	1174	1
748	1045	1
2961	322	1
1539	418	1
1022	1023	1
765	503	1
2145	1907	1
2708	1789	1
2145	1490	1
1146	553	1
956	1684	1
1264	1059	1
2384	846	1
736	1724	1
592	185	1
412	1405	1
1928	11	1
384	1101	1
1785	341	1
2366	160	1
1668	998	1
1469	242	1
773	1516	1
2612	1289	1
955	457	1
1694	1688	1
532	255	1
2129	1367	1
1286	110	1
1634	1220	1
402	225	1
1421	486	1
458	184	1
2252	522	1
750	807	1
2916	293	1
166	1537	1
423	227	1
442	1346	1
2532	1878	1
749	270	1
572	894	1
1774	739	1
420	1772	1
496	810	1
1652	1175	1
464	1453	1
2091	228	1
2760	832	1
957	209	1
570	958	1
572	956	1
239	755	1
2989	1029	1
368	1001	1
2013	143	1
858	1604	1
2713	1114	1
393	1016	1
1574	1564	1
2691	496	1
1223	1837	1
1339	1501	1
2579	1469	1
754	123	1
1616	1395	1
361	747	1
234	772	1
276	1218	1
2891	410	1
2740	1595	1
2478	1152	1
2264	1501	1
669	630	1
656	22	1
2781	1054	1
1841	1071	1
2329	431	1
2209	497	1
2248	278	1
763	204	1
2983	1863	1
2300	663	1
233	1802	1
1550	1243	1
2376	822	1
1785	369	1
2684	1757	1
1886	647	1
1812	1336	1
2280	1087	1
2003	1230	1
2748	756	1
2890	864	1
2386	66	1
877	6	1
887	30	1
2871	196	1
2869	134	1
917	1175	1
1296	77	1
1472	780	1
1975	1985	1
160	1538	1
1421	1635	1
714	1918	1
1710	1653	1
1258	1727	1
2929	366	1
972	299	1
1521	1507	1
2554	1624	1
1896	1827	1
2934	880	1
2501	1723	1
2773	387	1
968	1053	1
1970	163	1
805	43	1
30	542	1
1215	1360	1
2180	1214	1
1665	1240	1
297	1280	1
1362	1744	1
1121	1158	1
2833	574	1
721	1327	1
2461	1406	1
2439	234	1
2860	969	1
935	1075	1
596	1253	1
815	1514	1
244	1540	1
2530	1742	1
103	1440	1
141	1340	1
935	937	1
651	1192	1
2853	685	1
2147	1	1
2550	1905	1
2796	764	1
1559	1846	1
512	1720	1
606	1011	1
1451	1935	1
211	1641	1
1259	1149	1
1513	568	1
1985	596	1
728	534	1
275	1987	1
2067	1183	1
1053	851	1
2717	1485	1
2968	1594	1
1856	1781	1
945	897	1
2919	1302	1
1044	266	1
1578	144	1
587	483	1
2573	944	1
317	553	1
2286	1360	1
629	853	1
2858	1632	1
712	1806	1
2890	1668	1
848	1540	1
174	1351	1
1117	1316	1
347	612	1
29	1342	1
2598	1772	1
834	1427	1
2606	975	1
1852	203	1
2491	798	1
2585	53	1
66	1807	1
31	1149	1
158	202	1
1625	272	1
2885	1826	1
589	1161	1
1480	794	1
2643	44	1
2057	1721	1
1619	85	1
2919	1212	1
213	812	1
1346	3	1
630	1408	1
1849	1351	1
1492	1375	1
2352	1865	1
760	1307	1
1043	1951	1
1880	1898	1
608	1592	1
127	1371	1
1724	803	1
1759	689	1
1877	1968	1
2370	518	1
1018	566	1
2353	209	1
2833	618	1
2801	1950	1
55	338	1
2812	866	1
1328	226	1
1593	787	1
803	1588	1
2028	488	1
2334	567	1
2723	668	1
114	1870	1
382	480	1
1462	1324	1
2268	223	1
2773	1201	1
2067	1238	1
543	600	1
259	182	1
1487	1049	1
2336	1048	1
2204	1557	1
1751	1111	1
973	1696	1
2135	650	1
1728	907	1
2600	583	1
2603	635	1
1503	947	1
1945	920	1
798	681	1
1264	307	1
1016	362	1
487	1769	1
2302	630	1
2778	1730	1
2650	1509	1
1395	793	1
896	495	1
429	724	1
869	1135	1
913	144	1
879	730	1
1044	530	1
2299	350	1
1019	363	1
2541	242	1
1228	294	1
1562	1847	1
2126	1835	1
2357	1548	1
443	926	1
2682	227	1
1475	458	1
2692	1709	1
2631	171	1
2524	1319	1
662	1855	1
10	1755	1
1142	302	1
70	110	1
2296	1325	1
1317	420	1
307	338	1
861	1634	1
2349	1429	1
883	1995	1
298	1605	1
2329	1620	1
2007	176	1
2634	620	1
2841	754	1
205	313	1
332	1786	1
441	1014	1
1854	1979	1
2534	744	1
2206	323	1
2322	245	1
701	767	1
238	1416	1
40	1622	1
509	76	1
876	342	1
22	350	1
2997	221	1
1543	89	1
1728	506	1
451	122	1
408	925	1
1039	1893	1
816	1952	1
257	971	1
2339	1191	1
505	301	1
450	868	1
1383	1708	1
2592	1498	1
836	1120	1
1517	242	1
1484	174	1
1323	409	1
308	1128	1
906	1210	1
30	1872	1
1037	1952	1
471	682	1
2904	901	1
1395	1346	1
2535	114	1
668	1680	1
1829	867	1
660	1042	1
2223	1306	1
42	1953	1
1267	1342	1
485	635	1
1944	132	1
2930	1422	1
1454	767	1
2011	839	1
2821	1001	1
2254	283	1
1915	186	1
1164	227	1
1987	1500	1
97	469	1
1226	1425	1
1434	329	1
2819	1846	1
604	356	1
1756	507	1
166	1828	1
1620	1638	1
2255	1195	1
1773	1621	1
121	1365	1
833	68	1
2218	1262	1
552	1259	1
2533	1941	1
329	1381	1
1014	507	1
254	105	1
1720	819	1
1206	1099	1
1760	492	1
2576	1481	1
928	1400	1
988	99	1
848	1681	1
2343	597	1
2764	1277	1
1405	1377	1
1209	1139	1
1229	1238	1
876	949	1
161	1651	1
436	809	1
2195	616	1
2703	146	1
1012	286	1
237	156	1
1562	1016	1
1352	1898	1
1527	1599	1
2151	748	1
570	1926	1
1939	1172	1
1452	525	1
2054	1248	1
2186	165	1
928	1656	1
1636	1284	1
2376	712	1
687	572	1
1080	594	1
1892	1003	1
530	1439	1
2078	937	1
527	1029	1
562	1797	1
1143	1750	1
627	93	1
2969	1162	1
1325	839	1
2597	364	1
2373	1845	1
2818	782	1
1105	1878	1
801	1753	1
394	1314	1
221	1740	1
156	969	1
1790	492	1
1723	1537	1
2254	1313	1
1291	118	1
175	913	1
656	753	1
85	1647	1
5	1330	1
460	1368	1
1399	1540	1
1715	470	1
1326	1016	1
545	1925	1
2913	173	1
817	1852	1
1276	1485	1
2790	102	1
550	405	1
1703	599	1
1510	1671	1
2813	1810	1
2072	1495	1
62	1449	1
2010	385	1
658	806	1
521	486	1
807	655	1
976	925	1
2084	615	1
1591	538	1
797	1941	1
559	1501	1
338	430	1
1812	1577	1
2435	199	1
893	1633	1
1717	209	1
1238	1443	1
2175	671	1
2596	1523	1
1312	1867	1
1989	1920	1
58	1403	1
2627	1880	1
825	804	1
2595	1823	1
143	415	1
1699	1126	1
54	1181	1
459	1030	1
1246	1597	1
144	1509	1
802	1791	1
1439	1617	1
1928	1245	1
65	1659	1
920	1327	1
2490	1787	1
2437	1509	1
1629	980	1
1008	1249	1
575	1259	1
288	712	1
220	296	1
2173	1075	1
2665	1706	1
2490	1970	1
194	1721	1
1220	1815	1
1956	1631	1
2490	674	1
2279	911	1
666	1696	1
88	1018	1
1963	699	1
856	1257	1
1027	1887	1
1089	954	1
1663	704	1
2277	1611	1
1783	1112	1
2133	1664	1
1327	984	1
1015	172	1
106	1822	1
1158	1918	1
2794	834	1
1034	254	1
1755	1931	1
2945	1119	1
1482	1136	1
2465	888	1
479	1186	1
1694	1533	1
902	1833	1
575	546	1
2757	700	1
2793	951	1
2621	1031	1
2668	988	1
2964	1306	1
2020	1762	1
34	186	1
1683	969	1
1257	209	1
120	1705	1
1524	1366	1
941	380	1
2730	1362	1
1403	1457	1
1596	523	1
2070	1163	1
1140	1468	1
2562	1905	1
415	563	1
1758	1502	1
2928	1021	1
2023	1237	1
184	851	1
797	444	1
584	550	1
1962	1126	1
1441	1066	1
596	1569	1
916	1327	1
1646	965	1
2384	1207	1
1197	1759	1
2078	108	1
1414	198	1
1009	1532	1
2394	1381	1
1105	132	1
866	737	1
1093	1405	1
2005	1673	1
2422	878	1
1132	1871	1
2515	1469	1
1543	476	1
1651	1476	1
2942	1805	1
2224	1751	1
261	93	1
2523	743	1
2080	960	1
1940	932	1
1459	1584	1
1457	12	1
2414	1054	1
1802	477	1
1783	1569	1
2076	1369	1
2263	925	1
2305	1078	1
929	1660	1
2942	783	1
1774	1823	1
1566	1085	1
2111	553	1
1005	783	1
2103	1733	1
566	85	1
1653	1638	1
2892	140	1
2483	833	1
1305	1764	1
2113	495	1
115	1663	1
999	463	1
790	1689	1
2233	807	1
2442	587	1
2894	1385	1
872	173	1
2837	396	1
1533	1858	1
2498	889	1
1387	848	1
2300	905	1
1740	1650	1
2215	1128	1
863	1074	1
555	143	1
1550	965	1
1462	1999	1
143	63	1
528	1238	1
1608	448	1
727	508	1
981	1927	1
1736	1993	1
359	1716	1
1254	1833	1
1357	886	1
1534	706	1
768	860	1
64	487	1
957	19	1
2582	1077	1
1395	212	1
2413	854	1
1306	1846	1
659	748	1
2420	1802	1
2010	882	1
94	1914	1
371	813	1
1344	1425	1
1787	1911	1
1891	418	1
2204	1263	1
1744	1774	1
249	259	1
1451	883	1
1931	1120	1
706	974	1
1834	1675	1
754	1108	1
774	479	1
232	259	1
2540	929	1
2556	1830	1
659	295	1
2028	657	1
263	1164	1
2276	1320	1
1006	1232	1
1697	1648	1
2785	1389	1
94	1133	1
2280	627	1
839	350	1
2717	685	1
785	614	1
1641	945	1
233	1220	1
643	684	1
998	437	1
519	1279	1
942	354	1
1534	1673	1
1226	1779	1
320	1661	1
418	203	1
2107	1389	1
1784	592	1
642	411	1
2817	1871	1
2243	1283	1
1620	364	1
1417	939	1
2955	65	1
190	1504	1
1196	124	1
580	1676	1
686	283	1
2248	934	1
376	1545	1
2211	1595	1
1994	1569	1
1654	1820	1
2735	1594	1
2038	949	1
1842	989	1
2144	1578	1
229	1167	1
2087	168	1
1853	1775	1
0	1309	1
1650	923	1
2060	1422	1
2442	707	1
2110	1335	1
1109	103	1
636	1503	1
2365	429	1
1366	242	1
1012	1207	1
2167	1556	1
2977	363	1
1708	35	1
2124	1238	1
1632	1257	1
2035	527	1
193	1390	1
369	288	1
614	1867	1
828	570	1
1311	969	1
2138	149	1
1950	648	1
1324	1440	1
1516	1690	1
2516	205	1
1648	979	1
2536	1265	1
348	618	1
1865	465	1
496	325	1
1795	1789	1
1792	520	1
800	507	1
900	1884	1
1793	1335	1
538	1906	1
167	1813	1
1470	12	1
508	927	1
1384	863	1
876	565	1
833	663	1
2044	1039	1
27	135	1
1555	29	1
402	1774	1
595	536	1
2873	1972	1
1689	58	1
1447	1540	1
1817	1498	1
2259	413	1
648	1353	1
1017	1577	1
1236	1714	1
1581	758	1
1219	352	1
1085	832	1
2643	613	1
2042	607	1
422	696	1
1069	1500	1
902	1436	1
426	884	1
1521	117	1
307	751	1
1636	1779	1
1158	663	1
568	1669	1
1480	1521	1
688	611	1
2609	872	1
903	1306	1
534	187	1
2999	937	1
2918	521	1
2800	1511	1
1441	543	1
883	1333	1
265	759	1
2299	301	1
964	285	1
1032	1261	1
2558	519	1
1008	719	1
2292	332	1
2576	1452	1
968	1836	1
180	620	1
186	40	1
1010	496	1
2449	1735	1
2557	1532	1
294	158	1
521	665	1
2137	590	1
830	219	1
1235	59	1
291	366	1
2916	1798	1
613	1427	1
882	901	1
1074	770	1
645	433	1
1865	1281	1
1481	1944	1
1270	1487	1
2346	1863	1
2265	1297	1
2077	159	1
99	150	1
784	1374	1
1539	324	1
1032	181	1
2642	1576	1
1163	511	1
2982	669	1
2610	1385	1
2874	1537	1
2164	882	1
718	274	1
653	749	1
2192	549	1
46	1247	1
1839	964	1
949	436	1
1434	266	1
2709	1862	1
1285	1393	1
2710	1693	1
1552	316	1
545	1305	1
1422	1360	1
2289	377	1
2599	69	1
2184	1232	1
184	127	1
1860	629	1
140	661	1
2359	1451	1
425	137	1
1032	269	1
1805	1446	1
2225	1843	1
1767	1434	1
683	1959	1
1886	531	1
290	299	1
1300	1796	1
7	1973	1
2028	423	1
2692	1141	1
818	1161	1
2405	1191	1
2693	1134	1
1629	1709	1
2054	807	1
1023	1820	1
1858	1401	1
1239	1034	1
1667	665	1
1067	822	1
1124	1594	1
2864	1456	1
725	1	1
2546	856	1
2018	1446	1
49	305	1
184	423	1
736	452	1
2869	208	1
456	617	1
1800	871	1
2990	15	1
2277	1323	1
2353	333	1
1726	1696	1
2873	950	1
820	975	1
495	896	1
2618	220	1
702	205	1
2892	699	1
2334	1900	1
780	84	1
1817	1513	1
1285	1496	1
725	177	1
701	496	1
705	833	1
1956	70	1
2081	1502	1
244	1532	1
2671	1140	1
1661	1524	1
1857	1291	1
885	981	1
1392	989	1
1612	1138	1
1644	740	1
365	1027	1
715	1896	1
2660	475	1
851	1107	1
2045	1167	1
1179	389	1
2974	385	1
909	1601	1
273	1429	1
1339	1215	1
30	939	1
1741	317	1
2838	1513	1
1229	1899	1
69	841	1
1532	366	1
459	1706	1
1872	1577	1
1833	298	1
2003	1126	1
2068	1017	1
1932	1269	1
81	4	1
93	1346	1
1481	22	1
489	808	1
304	240	1
2864	1236	1
590	921	1
2482	60	1
1274	1236	1
2469	1065	1
1392	886	1
1193	1426	1
1643	222	1
2533	1424	1
312	1680	1
2459	928	1
843	1777	1
1497	289	1
2602	398	1
1045	927	1
1476	320	1
891	1396	1
1538	490	1
2946	466	1
2108	1879	1
477	1948	1
751	810	1
2211	200	1
217	1630	1
2381	236	1
2368	1304	1
573	1832	1
939	677	1
1436	81	1
1025	1164	1
1197	302	1
716	1992	1
329	1744	1
338	1558	1
2054	1057	1
1081	338	1
650	16	1
2812	1810	1
1813	1208	1
2709	623	1
508	1439	1
1548	1274	1
122	1040	1
44	1039	1
1934	485	1
1109	847	1
2960	982	1
2338	912	1
266	491	1
2660	897	1
2157	318	1
2922	1224	1
1795	1823	1
2248	1613	1
1719	427	1
1900	1343	1
529	283	1
1939	129	1
1041	244	1
2679	1413	1
1409	1924	1
62	1509	1
485	116	1
1266	384	1
649	1339	1
1719	351	1
1790	553	1
1630	729	1
951	437	1
2914	1684	1
2616	1071	1
414	605	1
737	1797	1
2429	757	1
2555	1860	1
2362	768	1
2917	924	1
125	1314	1
2780	1020	1
1318	206	1
2867	1602	1
1889	1946	1
1104	1200	1
1109	1588	1
2134	1901	1
427	1968	1
1119	1181	1
1578	748	1
1587	693	1
2454	561	1
1253	625	1
1018	1925	1
1303	595	1
2713	1936	1
168	870	1
2833	681	1
1679	1749	1
28	1341	1
1044	1603	1
1123	1904	1
1432	1505	1
626	1690	1
1883	472	1
646	1046	1
701	45	1
1861	1933	1
153	0	1
250	824	1
203	1331	1
250	598	1
1304	836	1
862	168	1
782	1138	1
868	1140	1
1777	1503	1
1453	1866	1
1015	1133	1
2694	682	1
1125	779	1
2970	1710	1
786	770	1
673	466	1
1853	180	1
2611	1326	1
1010	1261	1
445	1111	1
2826	1718	1
497	1024	1
2950	390	1
1534	997	1
2240	1168	1
1895	1595	1
2621	92	1
2399	244	1
356	1636	1
1803	1165	1
2480	1602	1
2236	25	1
2853	1981	1
1041	506	1
854	708	1
2787	146	1
1898	174	1
1899	223	1
1018	405	1
566	1432	1
2733	773	1
705	1337	1
2460	369	1
2348	1575	1
51	1275	1
1127	545	1
1068	1211	1
536	109	1
642	556	1
878	1015	1
128	267	1
758	766	1
703	432	1
165	413	1
30	1780	1
2243	950	1
979	568	1
2724	1661	1
1761	97	1
622	1092	1
2573	470	1
2439	1134	1
2035	199	1
801	1732	1
1204	387	1
2106	1632	1
2828	910	1
27	432	1
2482	610	1
2824	252	1
2641	1617	1
1528	12	1
2078	160	1
2402	1728	1
1403	1509	1
2386	1964	1
1169	1183	1
612	954	1
1595	1584	1
2461	1766	1
217	942	1
1923	1968	1
2205	1553	1
2993	602	1
2173	349	1
64	1760	1
615	14	1
1129	1633	1
1293	1002	1
2857	57	1
192	796	1
1489	1631	1
234	1058	1
947	1150	1
2619	951	1
1936	100	1
34	212	1
1540	1288	1
2284	1958	1
925	810	1
771	1466	1
977	825	1
475	299	1
2286	1418	1
595	1870	1
496	516	1
20	429	1
2126	538	1
83	1005	1
1110	1244	1
779	467	1
2066	216	1
767	1919	1
864	1514	1
1548	1799	1
1304	1855	1
510	1041	1
444	1500	1
1990	1483	1
1361	1913	1
166	784	1
2879	1721	1
2729	1596	1
1522	990	1
1594	1457	1
794	1379	1
1317	768	1
2567	1869	1
2196	1085	1
2042	1550	1
1775	159	1
292	75	1
1433	244	1
2274	128	1
2031	371	1
2463	1219	1
2940	469	1
1984	1666	1
2645	756	1
1375	679	1
829	1924	1
1138	1858	1
2235	375	1
2564	1977	1
1522	734	1
2116	374	1
1947	1096	1
1132	1428	1
459	264	1
2455	973	1
65	228	1
1210	620	1
1150	1256	1
2585	582	1
377	1931	1
1532	1058	1
2704	1554	1
497	1726	1
149	824	1
502	762	1
2563	1086	1
2979	142	1
2819	8	1
2465	1258	1
1160	572	1
2344	1084	1
6	1250	1
42	445	1
1918	846	1
2914	1224	1
1930	1554	1
2484	1931	1
2585	673	1
464	828	1
1306	263	1
2639	1914	1
1175	692	1
1106	1657	1
2402	1218	1
2802	1866	1
2482	1844	1
723	1610	1
497	579	1
1926	342	1
527	623	1
1843	37	1
1895	1688	1
563	681	1
918	137	1
1287	250	1
1060	655	1
1801	161	1
2716	197	1
2716	172	1
1782	216	1
2805	1004	1
1983	229	1
1586	1041	1
2087	1452	1
2898	1113	1
2911	776	1
2836	811	1
348	651	1
258	1964	1
2861	1704	1
970	842	1
947	1013	1
2515	130	1
1959	1421	1
2221	1892	1
2052	413	1
1787	1483	1
495	899	1
1887	970	1
1644	673	1
275	629	1
2562	156	1
645	858	1
332	380	1
772	1376	1
1778	1934	1
1739	18	1
57	310	1
1747	584	1
2973	780	1
1547	1985	1
2883	638	1
1129	1941	1
2241	1327	1
2696	1979	1
1750	896	1
2567	1255	1
1223	550	1
820	1675	1
2844	259	1
2897	1864	1
1241	584	1
995	1629	1
1507	1103	1
1790	662	1
2177	430	1
1875	1719	1
144	1406	1
686	1983	1
1115	843	1
621	562	1
1798	1684	1
2921	1749	1
1537	1053	1
1075	629	1
2895	1218	1
1866	148	1
2013	953	1
2360	43	1
564	1641	1
1752	382	1
1730	1579	1
663	1669	1
2960	1468	1
904	508	1
878	202	1
178	1283	1
1810	356	1
2398	675	1
1768	795	1
2150	620	1
2498	711	1
2478	1645	1
597	409	1
2849	1441	1
1572	1795	1
2423	615	1
1023	24	1
2859	506	1
2802	128	1
738	1931	1
2603	412	1
2396	919	1
2116	1377	1
1144	1077	1
424	1981	1
216	617	1
781	1866	1
1683	1631	1
332	1641	1
1029	799	1
870	26	1
1421	1046	1
1083	1735	1
1842	1829	1
1736	1172	1
1713	1304	1
927	1213	1
210	1531	1
916	2	1
1370	1141	1
515	132	1
2971	1163	1
798	644	1
169	951	1
1292	1558	1
2065	930	1
2959	1527	1
539	1718	1
1318	944	1
949	169	1
706	1645	1
531	1241	1
363	411	1
2284	49	1
1584	243	1
1068	620	1
2200	1728	1
1401	839	1
461	813	1
2905	1850	1
1440	650	1
2320	1557	1
2734	1192	1
1438	1726	1
2068	484	1
1116	179	1
2732	260	1
2604	268	1
2280	329	1
789	118	1
1639	866	1
374	754	1
1074	1738	1
502	1788	1
1308	534	1
1000	948	1
2573	963	1
1623	700	1
1741	760	1
2018	528	1
2317	868	1
470	810	1
2074	572	1
2088	1743	1
796	687	1
544	398	1
879	400	1
1050	1023	1
2980	421	1
1029	815	1
2249	1506	1
1914	1457	1
2498	1439	1
883	1670	1
743	788	1
2608	1257	1
1830	1216	1
1208	137	1
2474	1538	1
1589	1302	1
2463	844	1
1065	1809	1
683	247	1
264	1562	1
1548	1772	1
263	123	1
2013	1565	1
1754	764	1
2749	243	1
808	1450	1
251	133	1
971	121	1
2148	1609	1
393	1217	1
118	912	1
1402	1436	1
472	1086	1
2446	1566	1
2801	1431	1
1101	1044	1
36	1622	1
2467	947	1
2832	1655	1
2317	1987	1
392	815	1
2216	279	1
110	531	1
159	125	1
1200	1462	1
1571	580	1
310	565	1
1272	1740	1
1590	327	1
328	1418	1
2493	358	1
2438	1779	1
1806	1473	1
1188	1001	1
175	1122	1
1949	1410	1
1475	1991	1
538	57	1
2638	459	1
1200	161	1
188	1930	1
799	1120	1
2658	1063	1
1600	113	1
492	1653	1
1322	1607	1
2680	1371	1
1152	1544	1
1858	720	1
2870	1941	1
678	642	1
1065	622	1
2637	390	1
409	79	1
787	1739	1
1761	1677	1
425	174	1
1064	1796	1
785	852	1
1857	37	1
1305	888	1
1766	219	1
2945	1318	1
2710	1854	1
2264	129	1
2072	163	1
2050	1158	1
1590	73	1
259	852	1
2550	175	1
2466	1488	1
107	219	1
2073	910	1
1879	1512	1
1556	789	1
713	74	1
1322	217	1
2555	1906	1
2833	743	1
2617	1128	1
356	1038	1
2277	1058	1
999	1756	1
12	1837	1
1168	1615	1
2650	1185	1
378	1249	1
233	565	1
1745	1098	1
1370	303	1
1254	1238	1
414	165	1
2518	1215	1
2861	111	1
2356	1076	1
2261	1047	1
101	1043	1
2218	65	1
1745	219	1
480	1483	1
1878	1682	1
2892	1367	1
2132	681	1
2809	1153	1
843	1953	1
741	167	1
81	543	1
1152	1668	1
2353	316	1
2309	807	1
138	553	1
647	345	1
2225	258	1
317	1038	1
2523	1286	1
517	268	1
2298	1174	1
1698	782	1
2321	1862	1
1524	957	1
21	736	1
1930	771	1
1842	529	1
485	589	1
1758	1269	1
2738	159	1
2447	1366	1
345	400	1
2564	1351	1
1776	1686	1
1138	978	1
2670	1936	1
1639	1107	1
1169	1769	1
2429	921	1
2039	1613	1
154	880	1
2616	1723	1
727	1995	1
389	1946	1
384	1373	1
1655	275	1
2676	996	1
69	867	1
1040	633	1
477	181	1
2068	1027	1
435	267	1
2804	1090	1
784	706	1
388	1228	1
1365	1480	1
2046	1931	1
451	441	1
2106	919	1
1488	397	1
1515	951	1
2866	1736	1
1053	1380	1
1027	28	1
13	136	1
1755	1268	1
860	1392	1
207	1041	1
1736	483	1
1592	626	1
1914	1857	1
2431	954	1
1430	1484	1
2712	420	1
725	1693	1
1256	1066	1
1778	1353	1
2081	1728	1
2426	1165	1
152	1165	1
2406	729	1
1493	1486	1
57	1698	1
2037	222	1
128	1722	1
2000	1962	1
2324	1873	1
886	653	1
2199	1190	1
2707	605	1
1716	45	1
148	1159	1
234	1941	1
1323	535	1
1210	330	1
2587	1714	1
1407	364	1
2955	1551	1
2411	1511	1
462	86	1
1604	31	1
1052	1756	1
165	89	1
2571	311	1
999	673	1
2519	914	1
1017	159	1
1349	1039	1
761	712	1
1284	1821	1
131	716	1
1985	51	1
1543	261	1
1075	268	1
1852	646	1
2032	1115	1
961	978	1
763	522	1
1292	345	1
1413	297	1
1971	1484	1
1951	531	1
1895	1474	1
2433	565	1
2262	219	1
2767	1773	1
1664	1776	1
2086	597	1
1449	363	1
194	1039	1
1194	1269	1
2706	1745	1
2474	466	1
836	1338	1
1120	735	1
2958	43	1
743	1155	1
366	1667	1
312	1039	1
1829	372	1
1762	1988	1
1740	1414	1
129	1787	1
1048	1632	1
1544	1289	1
1926	1275	1
2783	584	1
956	1556	1
2572	1793	1
289	682	1
1153	260	1
574	491	1
2627	81	1
1742	1404	1
778	485	1
1137	476	1
2110	884	1
1518	1401	1
2788	528	1
2586	1393	1
2236	1174	1
2473	232	1
1167	671	1
1773	691	1
978	1422	1
1184	560	1
1691	1914	1
1347	897	1
1762	721	1
1354	204	1
2758	985	1
1255	940	1
1159	710	1
2987	626	1
1904	623	1
1849	1869	1
4	110	1
1374	1690	1
2618	1045	1
2024	1176	1
1591	891	1
1293	324	1
1974	724	1
1401	1532	1
2721	1495	1
1629	511	1
1186	1406	1
2645	1760	1
386	849	1
2891	1999	1
2547	105	1
1375	1672	1
2039	905	1
2136	294	1
900	1891	1
2634	1263	1
2543	1392	1
1797	1580	1
1685	1479	1
2021	973	1
288	1984	1
2530	752	1
325	295	1
1409	1193	1
512	995	1
820	1935	1
466	1940	1
2390	1141	1
192	59	1
2041	1189	1
2261	139	1
1625	1831	1
1450	657	1
2824	493	1
18	778	1
172	1546	1
1907	949	1
2560	1827	1
2153	378	1
275	231	1
563	373	1
2213	1825	1
2852	930	1
1841	1698	1
2989	1928	1
1132	734	1
2500	631	1
2336	893	1
1679	1490	1
2874	1802	1
1939	1458	1
1680	1455	1
2061	164	1
2297	692	1
1344	231	1
1039	237	1
716	1163	1
141	1047	1
729	571	1
661	79	1
2174	217	1
479	1154	1
215	208	1
633	1041	1
1845	581	1
2049	602	1
2250	1054	1
798	1861	1
1888	463	1
2435	863	1
2602	1507	1
2824	911	1
846	1902	1
284	1376	1
946	992	1
1009	1286	1
1368	108	1
1915	1501	1
1738	833	1
1935	1183	1
1088	1197	1
575	1640	1
876	830	1
963	755	1
263	126	1
1154	731	1
1663	1468	1
897	517	1
248	739	1
1521	1324	1
339	1396	1
1346	1209	1
2436	1354	1
56	1242	1
193	1369	1
2172	721	1
133	1004	1
1641	1589	1
1701	41	1
484	720	1
2703	1581	1
447	1671	1
2840	133	1
1581	129	1
2739	1128	1
1406	271	1
542	1931	1
2187	1463	1
1580	1428	1
1587	1127	1
278	824	1
786	1591	1
1524	1369	1
1866	1173	1
1284	1024	1
1286	1257	1
1546	368	1
2480	1973	1
2231	82	1
1927	1653	1
416	1123	1
2867	1643	1
2697	1756	1
2473	831	1
584	1272	1
744	186	1
2821	1102	1
1542	1706	1
2059	275	1
2169	1857	1
1810	1673	1
1572	1405	1
1693	226	1
2104	889	1
643	1476	1
785	305	1
642	327	1
707	309	1
2340	654	1
2629	1785	1
377	169	1
247	205	1
2899	436	1
2418	535	1
1664	1204	1
1278	1607	1
733	481	1
1247	1646	1
223	891	1
2407	1792	1
2669	320	1
903	1574	1
2098	1588	1
1449	1315	1
1882	546	1
2663	774	1
2026	1138	1
2764	1279	1
2419	1094	1
2116	1005	1
2623	1318	1
1020	1605	1
2935	524	1
2435	706	1
1356	1063	1
1257	1277	1
863	528	1
2965	418	1
123	1895	1
724	651	1
274	1692	1
2525	296	1
121	724	1
1019	1056	1
792	1734	1
1087	1660	1
852	1381	1
744	1121	1
73	392	1
2598	1891	1
1803	615	1
1254	1476	1
2451	97	1
2866	1054	1
1741	509	1
836	257	1
2928	1685	1
700	223	1
1342	414	1
2547	594	1
765	510	1
2495	1207	1
1583	1444	1
1524	479	1
1798	1759	1
2825	1664	1
753	149	1
587	137	1
178	992	1
697	1343	1
1183	314	1
205	1544	1
426	1524	1
2447	341	1
164	398	1
125	683	1
962	1126	1
2423	1350	1
1032	797	1
1816	1305	1
567	1911	1
2653	1282	1
299	1803	1
1294	180	1
2190	949	1
1869	91	1
1500	917	1
1767	1804	1
2734	1449	1
67	1844	1
1856	1888	1
2489	1811	1
2410	1845	1
1164	221	1
1871	276	1
1054	1758	1
2970	65	1
1428	541	1
2293	1251	1
1408	660	1
841	195	1
1730	426	1
2408	301	1
45	1939	1
1204	370	1
614	569	1
612	921	1
2356	1732	1
1439	63	1
1085	1118	1
75	1654	1
236	1322	1
1581	366	1
1104	1192	1
435	1561	1
982	894	1
941	1160	1
454	1883	1
1250	1397	1
510	867	1
1599	1050	1
2792	235	1
2660	33	1
1964	1165	1
2622	437	1
1443	1112	1
586	1244	1
2702	142	1
693	1112	1
2248	914	1
2182	850	1
955	1587	1
1634	1271	1
2184	1620	1
1056	1907	1
1083	198	1
1820	310	1
528	593	1
591	1871	1
1444	1570	1
1781	1940	1
2257	429	1
2596	1233	1
2453	1184	1
1516	746	1
2031	1161	1
2345	1913	1
1375	232	1
829	744	1
1008	514	1
1635	469	1
1525	1819	1
1659	1061	1
2207	59	1
631	593	1
743	1878	1
2913	624	1
439	443	1
2448	731	1
1702	1939	1
382	1008	1
849	1977	1
912	657	1
2367	159	1
2078	1401	1
1265	116	1
439	729	1
1765	1920	1
2630	11	1
1981	486	1
1004	641	1
2360	742	1
2858	1282	1
2926	1261	1
1641	45	1
1145	810	1
2073	1537	1
1	662	1
191	449	1
187	1756	1
113	1265	1
2287	1122	1
1185	289	1
2341	1843	1
1629	1984	1
1987	1600	1
1953	1019	1
566	89	1
1904	1694	1
547	1714	1
652	1489	1
2562	270	1
119	667	1
838	246	1
1543	499	1
2113	1382	1
2875	1383	1
24	1310	1
2937	1127	1
1966	592	1
2957	185	1
2945	160	1
1311	149	1
2970	314	1
874	779	1
2847	1159	1
1045	1599	1
276	686	1
2242	487	1
1039	1029	1
2203	583	1
2342	859	1
2036	911	1
811	675	1
1930	1231	1
639	495	1
2579	581	1
717	1454	1
2840	1527	1
314	1772	1
1510	1875	1
687	393	1
1925	363	1
719	558	1
839	1023	1
2222	1616	1
2954	1631	1
445	1	1
253	1175	1
2524	226	1
1369	1526	1
2341	706	1
470	1527	1
195	288	1
1947	1494	1
143	1840	1
2786	336	1
1715	39	1
2810	1500	1
607	755	1
2591	674	1
153	543	1
750	1377	1
137	236	1
1287	199	1
2295	1997	1
2201	1983	1
311	406	1
2290	71	1
1945	1422	1
2445	406	1
2463	957	1
307	395	1
1047	60	1
1169	1407	1
2421	202	1
1448	1369	1
2047	61	1
871	788	1
1709	1058	1
902	1099	1
1077	1746	1
146	1943	1
2750	1170	1
2559	808	1
2309	650	1
267	635	1
1728	767	1
2938	910	1
1233	1652	1
1000	1392	1
2919	1124	1
2685	1151	1
1543	1747	1
366	1688	1
127	843	1
594	429	1
1229	1492	1
138	745	1
1628	495	1
2800	344	1
1147	322	1
1892	1263	1
1337	1744	1
325	1864	1
1941	612	1
1619	318	1
2745	937	1
164	1471	1
1526	961	1
1837	1271	1
1134	1108	1
2858	1654	1
660	1024	1
2728	483	1
962	1204	1
2457	614	1
1332	473	1
1383	1477	1
1161	1451	1
183	1111	1
2152	164	1
2517	1430	1
87	1196	1
2737	167	1
294	697	1
328	814	1
948	1580	1
1492	513	1
2436	472	1
995	338	1
2729	1463	1
672	1184	1
873	1171	1
1098	356	1
1588	106	1
1508	1494	1
2301	1978	1
27	1988	1
1260	611	1
1564	1069	1
419	259	1
1114	1944	1
2085	969	1
2140	38	1
2944	1725	1
2036	1957	1
1289	1431	1
396	1156	1
1407	1527	1
1606	1184	1
1602	778	1
706	858	1
1868	1	1
378	671	1
1038	1733	1
1058	1671	1
364	1989	1
225	952	1
2082	1073	1
1588	194	1
1272	644	1
1320	280	1
2398	483	1
1421	1606	1
601	1247	1
1789	881	1
2516	148	1
2048	16	1
209	1017	1
2050	127	1
656	191	1
631	989	1
1222	744	1
985	1701	1
2103	85	1
1500	1609	1
2819	22	1
168	1961	1
371	1980	1
273	474	1
1197	1456	1
1544	1553	1
2650	1614	1
1060	159	1
1733	1525	1
144	1925	1
1586	205	1
260	461	1
1681	163	1
478	950	1
2311	1860	1
2981	1073	1
691	1913	1
599	1460	1
1669	1817	1
1580	1774	1
346	151	1
1363	1006	1
680	1230	1
1247	193	1
1055	500	1
122	1597	1
36	130	1
2042	305	1
929	823	1
704	10	1
2348	1971	1
2858	1223	1
1925	310	1
2515	1143	1
2850	459	1
1214	1975	1
2499	296	1
1109	951	1
1846	1616	1
744	813	1
2932	1100	1
2240	1195	1
718	717	1
1569	200	1
2255	232	1
2420	64	1
1934	714	1
2584	1573	1
1032	1098	1
1474	919	1
301	1453	1
2207	237	1
1570	476	1
2293	1455	1
1487	1151	1
1800	252	1
1916	1181	1
1534	1777	1
2507	9	1
1224	41	1
2036	1103	1
69	1589	1
832	725	1
473	987	1
158	173	1
301	1246	1
2998	1843	1
2568	874	1
1188	1832	1
1342	789	1
1553	372	1
1865	854	1
81	1897	1
1263	891	1
1202	1639	1
1704	473	1
504	1783	1
1285	846	1
2954	1909	1
1243	1981	1
1618	138	1
2256	1317	1
473	397	1
211	1975	1
1061	763	1
2175	451	1
1378	1211	1
2989	1467	1
2578	734	1
1895	1245	1
1020	11	1
992	270	1
219	18	1
691	1147	1
2490	356	1
1008	1331	1
2290	1151	1
2292	1851	1
826	1089	1
2358	943	1
2237	817	1
2608	240	1
535	1749	1
2531	1343	1
1683	1578	1
2530	848	1
90	139	1
368	1528	1
2830	1452	1
1732	1208	1
1054	1042	1
1684	170	1
49	1952	1
1162	1139	1
2346	774	1
26	1683	1
2776	1445	1
57	1494	1
252	210	1
202	39	1
336	908	1
692	560	1
2990	413	1
2044	915	1
1725	512	1
656	1752	1
325	122	1
2466	122	1
1122	553	1
2195	857	1
2691	413	1
2014	1938	1
554	1077	1
55	1786	1
621	193	1
970	1536	1
2967	826	1
842	470	1
1222	236	1
949	909	1
888	1179	1
2144	1850	1
425	183	1
584	744	1
381	191	1
1020	1838	1
2393	24	1
227	1701	1
523	489	1
2645	965	1
198	960	1
2357	1643	1
2853	945	1
9	770	1
908	454	1
89	1743	1
416	160	1
2111	1371	1
1762	1018	1
1264	1842	1
763	456	1
1922	1575	1
2572	901	1
2261	1620	1
1302	626	1
1235	1800	1
168	360	1
915	932	1
1052	1583	1
17	592	1
559	683	1
48	1235	1
1764	226	1
543	10	1
575	1157	1
1437	1457	1
2653	1672	1
944	1364	1
881	1557	1
369	1972	1
1893	1478	1
387	125	1
2071	231	1
318	1588	1
2742	1411	1
253	902	1
929	128	1
2545	579	1
1256	618	1
158	424	1
939	1420	1
1297	1826	1
985	1203	1
2758	438	1
482	647	1
6	1654	1
225	990	1
1850	1776	1
2233	1087	1
368	1782	1
1026	964	1
201	566	1
1305	274	1
959	609	1
2360	638	1
1601	489	1
269	1447	1
2632	1347	1
2670	1625	1
2304	189	1
1921	1779	1
943	591	1
1108	679	1
713	982	1
68	1349	1
2811	1204	1
2096	297	1
577	1684	1
2098	1353	1
2547	298	1
2540	1583	1
1178	109	1
1686	1177	1
873	347	1
154	430	1
2779	47	1
2030	1666	1
881	1345	1
2812	1250	1
742	1441	1
2212	1295	1
1007	1153	1
1131	1457	1
2118	1403	1
1452	579	1
1682	1774	1
196	55	1
2961	641	1
2696	1542	1
718	1922	1
2916	133	1
1470	1095	1
866	1194	1
2856	885	1
1156	372	1
188	611	1
2909	503	1
2550	576	1
841	763	1
878	1280	1
1245	583	1
2557	93	1
1810	1421	1
2401	407	1
2027	1091	1
194	1610	1
2327	184	1
530	760	1
988	94	1
1329	1011	1
1988	670	1
1542	841	1
1340	701	1
963	1626	1
1919	1573	1
1567	717	1
2166	1790	1
2619	831	1
2281	575	1
606	53	1
2488	181	1
1334	1641	1
1061	244	1
1616	939	1
237	1005	1
1559	1159	1
1133	57	1
1108	250	1
2932	1619	1
108	431	1
2678	183	1
2916	1456	1
470	417	1
2210	1395	1
1046	1250	1
2918	469	1
2950	562	1
806	730	1
112	1698	1
1622	508	1
454	449	1
2181	1699	1
1786	323	1
2676	1508	1
804	190	1
2117	199	1
2564	634	1
730	1480	1
2885	298	1
2306	400	1
1635	1837	1
1414	1372	1
1437	104	1
2493	1027	1
2999	479	1
2062	281	1
291	1356	1
246	1239	1
1128	1564	1
1361	1393	1
748	113	1
486	157	1
423	640	1
2817	672	1
2564	239	1
1399	1973	1
2095	1981	1
996	1250	1
2989	1384	1
563	904	1
792	315	1
2730	1219	1
924	381	1
47	313	1
651	220	1
2719	639	1
657	666	1
2298	1933	1
1924	1047	1
2482	147	1
1362	534	1
2188	1535	1
70	1076	1
2925	963	1
1682	1859	1
2375	568	1
331	1555	1
1251	1341	1
2129	186	1
837	776	1
2882	1632	1
2809	143	1
1997	410	1
170	1737	1
2515	681	1
398	1781	1
534	1561	1
1486	433	1
1527	663	1
1469	1378	1
2027	1492	1
563	980	1
1547	1962	1
2958	713	1
432	212	1
1706	511	1
2884	1544	1
2920	1562	1
1501	1939	1
2828	1226	1
2852	552	1
1820	87	1
1606	324	1
2188	1334	1
438	1595	1
1961	138	1
1090	832	1
1039	315	1
911	1205	1
2839	876	1
976	768	1
2826	792	1
2890	400	1
1835	319	1
708	1449	1
1368	647	1
2121	1711	1
2714	1867	1
2443	728	1
2063	1830	1
1834	1563	1
2726	1647	1
2215	1248	1
2167	147	1
1561	1604	1
382	237	1
1438	1908	1
2275	1940	1
1857	783	1
1705	306	1
2254	172	1
1842	1123	1
1611	1939	1
1978	1770	1
1415	329	1
2185	770	1
1195	847	1
1101	24	1
1038	734	1
223	313	1
2609	190	1
2113	563	1
2076	1359	1
2178	1935	1
2214	294	1
1292	1180	1
856	1574	1
544	553	1
531	1732	1
1033	1886	1
1839	870	1
1367	1640	1
1666	1330	1
2796	1200	1
2232	1032	1
2749	1232	1
1355	458	1
2931	1190	1
2432	1714	1
635	1255	1
2865	1853	1
1789	844	1
2230	658	1
2481	642	1
1874	1340	1
2780	1256	1
1341	1970	1
1613	1101	1
2170	977	1
1709	1902	1
1143	947	1
1603	1700	1
2439	691	1
1097	1430	1
1929	1350	1
2320	1776	1
2670	1007	1
713	1965	1
2865	124	1
935	1379	1
1066	755	1
526	945	1
1155	995	1
2559	759	1
1067	1275	1
1740	707	1
2844	517	1
242	554	1
1644	206	1
1254	563	1
2798	773	1
286	14	1
2365	256	1
1940	737	1
1671	863	1
1923	633	1
1904	944	1
1888	66	1
2095	1653	1
398	1665	1
1003	833	1
2641	1568	1
1441	1343	1
1658	513	1
810	855	1
1313	99	1
2638	385	1
2988	1923	1
2270	308	1
1578	1097	1
2651	998	1
195	1093	1
2861	1164	1
2991	1280	1
189	1711	1
325	566	1
951	460	1
614	1597	1
2410	1286	1
2012	1889	1
583	153	1
1055	41	1
600	1761	1
2617	1878	1
2010	252	1
621	256	1
2632	1416	1
37	781	1
2475	1128	1
787	1756	1
2368	87	1
2931	1013	1
2562	1797	1
2494	520	1
1247	461	1
251	1600	1
2881	1271	1
998	194	1
1180	1106	1
1054	5	1
2469	1637	1
90	1382	1
891	856	1
2534	123	1
1403	1295	1
2705	1313	1
616	1836	1
2788	769	1
1489	371	1
2362	700	1
2011	1460	1
2801	1601	1
1630	1595	1
449	167	1
2848	1729	1
864	1255	1
2088	297	1
2852	647	1
2101	1510	1
2895	1972	1
128	1505	1
2884	1334	1
2361	1563	1
1610	148	1
771	68	1
1733	1832	1
2594	1641	1
1096	1983	1
1957	1736	1
1977	1240	1
961	485	1
1663	527	1
1572	836	1
162	1066	1
2921	1096	1
1756	751	1
1410	1380	1
1786	138	1
622	191	1
1810	870	1
2947	146	1
1727	1718	1
736	273	1
1617	424	1
2099	1691	1
99	436	1
635	640	1
1668	221	1
2781	1760	1
316	1012	1
1752	1923	1
752	1684	1
2238	1326	1
322	1133	1
77	1107	1
1991	255	1
2663	600	1
1234	1590	1
1752	662	1
24	1402	1
2208	1742	1
1133	1619	1
2844	1394	1
2131	127	1
2717	1868	1
1769	1436	1
2521	1083	1
138	365	1
1648	431	1
1582	990	1
1812	1531	1
2500	1242	1
2815	927	1
2461	1440	1
2618	710	1
1329	305	1
2419	391	1
2850	1571	1
2492	364	1
1422	1832	1
62	145	1
732	134	1
2128	155	1
1518	1155	1
2881	1484	1
1856	1003	1
1614	1407	1
216	484	1
1746	836	1
2516	1881	1
2542	1502	1
1447	640	1
634	900	1
1746	476	1
2158	1183	1
2432	1209	1
1570	977	1
2180	98	1
2501	71	1
1946	1425	1
2430	1263	1
1675	1320	1
2937	172	1
1495	1800	1
1416	718	1
79	641	1
1601	1341	1
1144	1522	1
1330	350	1
1508	154	1
2904	1766	1
1556	470	1
513	281	1
270	674	1
2851	1880	1
421	799	1
1877	1992	1
2986	1619	1
2456	1334	1
933	658	1
672	1603	1
1336	194	1
2563	191	1
1138	1232	1
1785	1622	1
511	632	1
1419	1771	1
550	676	1
908	1652	1
1020	1323	1
2670	482	1
1322	1019	1
1714	1921	1
1081	1035	1
2827	20	1
85	607	1
2014	1900	1
717	1037	1
2645	993	1
2683	1111	1
1273	1774	1
1863	1345	1
691	789	1
2936	1725	1
736	1794	1
804	736	1
1227	1995	1
540	281	1
2825	1694	1
35	327	1
2734	1953	1
2636	808	1
43	1970	1
2330	1708	1
1857	710	1
2760	1565	1
65	1370	1
2997	1686	1
2401	744	1
2635	1379	1
783	705	1
1918	1874	1
519	1656	1
1312	1598	1
2165	1366	1
831	1269	1
1273	348	1
410	636	1
2133	902	1
1004	931	1
1875	793	1
2295	1986	1
349	883	1
1724	1112	1
1639	1924	1
2280	139	1
1661	419	1
1623	902	1
1542	1971	1
1164	131	1
294	1081	1
499	1425	1
1766	365	1
1383	520	1
1898	1446	1
333	836	1
224	553	1
2227	876	1
117	1192	1
2468	1528	1
2459	800	1
353	1593	1
307	967	1
2025	1631	1
1608	1241	1
2706	533	1
318	1171	1
1171	131	1
564	1589	1
2555	480	1
1011	1283	1
2955	1339	1
2048	1045	1
1333	762	1
1083	267	1
1899	1797	1
2705	1312	1
1237	934	1
2314	179	1
915	290	1
2239	1757	1
196	1212	1
661	92	1
700	242	1
2183	1191	1
1764	197	1
625	699	1
2888	1389	1
2665	1336	1
978	569	1
920	577	1
2228	507	1
1688	467	1
2500	288	1
2517	328	1
1469	1161	1
1502	1390	1
40	1099	1
2419	1119	1
273	717	1
1868	283	1
763	1490	1
574	1016	1
169	1141	1
1386	692	1
2887	596	1
793	1698	1
562	1883	1
1146	689	1
799	433	1
1884	976	1
2009	1504	1
2699	1745	1
2189	819	1
2870	106	1
34	1010	1
145	1915	1
2505	879	1
2380	1465	1
995	1636	1
348	1106	1
2351	1594	1
2773	274	1
324	1077	1
1099	926	1
1453	1577	1
1064	701	1
1850	1840	1
2575	83	1
1412	770	1
1766	413	1
323	1781	1
237	1457	1
1925	415	1
2707	823	1
435	1110	1
460	726	1
471	1769	1
1011	1836	1
2604	532	1
853	1411	1
952	1158	1
1088	223	1
1248	973	1
1060	555	1
924	560	1
1735	1768	1
2770	1145	1
440	1561	1
715	592	1
1423	781	1
429	250	1
2218	1238	1
1407	1304	1
2055	466	1
925	1496	1
1537	1886	1
2008	220	1
1160	1972	1
2209	1187	1
1703	881	1
316	1562	1
257	1289	1
1706	895	1
340	1938	1
1775	1626	1
442	1781	1
1885	839	1
1812	1781	1
781	1505	1
1815	1335	1
2197	1105	1
2042	0	1
2873	786	1
605	411	1
638	1150	1
2150	853	1
1276	1562	1
1452	1829	1
114	1518	1
1042	1897	1
1247	1325	1
584	1050	1
1929	444	1
2743	1993	1
1388	1376	1
2027	1209	1
2536	101	1
2778	1206	1
362	604	1
295	2	1
984	858	1
1612	1794	1
1834	478	1
241	970	1
2163	694	1
580	1758	1
376	151	1
515	449	1
501	1344	1
1562	1820	1
2541	1379	1
547	249	1
267	320	1
156	437	1
2969	47	1
2191	554	1
1442	1696	1
2666	789	1
362	1498	1
2095	1288	1
1475	686	1
1140	1651	1
2865	1995	1
2683	1996	1
2879	1000	1
1059	659	1
807	640	1
504	43	1
1652	684	1
2	178	1
1881	1253	1
2060	1477	1
70	1769	1
195	1857	1
1743	1280	1
2401	1779	1
1421	1631	1
1660	1664	1
2253	1443	1
1691	841	1
1814	1472	1
1686	1907	1
2965	1500	1
2208	910	1
171	1390	1
2557	1473	1
227	1914	1
1225	1726	1
1792	737	1
1745	1484	1
295	1346	1
889	804	1
2817	1416	1
2876	929	1
599	179	1
710	1741	1
367	1592	1
474	1669	1
1238	1611	1
1969	947	1
1505	1242	1
810	1474	1
525	1595	1
2682	1547	1
2317	1650	1
769	858	1
1360	1842	1
2060	32	1
1553	1046	1
1996	1489	1
1213	1549	1
763	1971	1
182	1446	1
2426	1382	1
897	1464	1
1372	1267	1
416	504	1
2586	719	1
2040	284	1
1370	73	1
2015	199	1
1030	1026	1
1316	1548	1
496	1735	1
2538	1939	1
2224	470	1
652	749	1
100	1911	1
2202	88	1
725	1116	1
1449	1272	1
1830	705	1
2548	1265	1
233	1517	1
1950	1736	1
1780	469	1
2701	1449	1
1527	81	1
616	1029	1
1568	1518	1
620	161	1
1885	295	1
2488	1075	1
2368	589	1
830	1863	1
445	1104	1
1030	1287	1
2455	1640	1
991	622	1
1690	956	1
1078	1886	1
518	370	1
387	883	1
1916	174	1
1248	551	1
147	1358	1
887	1505	1
1347	202	1
339	1914	1
1264	17	1
205	1944	1
1176	883	1
980	1191	1
766	470	1
475	302	1
2465	251	1
856	404	1
685	1821	1
1651	949	1
1900	1797	1
2827	255	1
1935	1115	1
131	942	1
2994	80	1
1170	924	1
550	1294	1
1325	1122	1
2348	1638	1
544	1123	1
2890	111	1
2078	1255	1
1846	411	1
1026	234	1
1156	1886	1
1584	656	1
2619	701	1
630	1714	1
1604	389	1
809	501	1
1950	1315	1
2094	1238	1
1758	917	1
1742	322	1
876	890	1
2286	1353	1
6	1116	1
1802	1192	1
183	1154	1
2199	108	1
274	1504	1
1054	90	1
522	1605	1
1992	1909	1
768	1657	1
1855	270	1
2383	1449	1
1223	973	1
1499	1963	1
276	1533	1
2998	837	1
2238	947	1
1339	1956	1
1903	815	1
2792	917	1
2704	1352	1
2745	1905	1
1435	11	1
2604	1235	1
2931	1292	1
838	114	1
2386	777	1
2533	961	1
2019	1432	1
975	1891	1
1795	1845	1
2235	1542	1
1073	1093	1
473	1589	1
2444	1671	1
326	1662	1
2382	880	1
2114	1503	1
431	911	1
2208	1764	1
2264	1936	1
1818	1218	1
1371	1972	1
2151	1187	1
2725	253	1
1427	1782	1
245	379	1
1996	639	1
1283	1271	1
2701	1577	1
1633	1961	1
340	26	1
2706	1636	1
2825	1990	1
289	72	1
2942	474	1
326	906	1
1110	1483	1
2510	942	1
2592	1940	1
2883	1750	1
1838	589	1
2225	1001	1
1779	198	1
477	154	1
2204	1515	1
1540	849	1
171	1367	1
602	594	1
1468	923	1
1597	1345	1
446	322	1
1722	1727	1
1334	595	1
7	1780	1
1084	1332	1
1249	1598	1
1726	25	1
1661	197	1
1764	81	1
1377	1345	1
49	1000	1
2592	712	1
1148	864	1
1695	1310	1
405	107	1
1725	259	1
602	1743	1
534	929	1
1643	1380	1
2107	646	1
2265	1656	1
1703	1568	1
282	468	1
1350	264	1
445	440	1
190	1530	1
71	1161	1
1437	1901	1
1126	205	1
1066	16	1
354	1241	1
1814	48	1
441	1479	1
91	1823	1
460	1983	1
699	1282	1
1889	552	1
931	1099	1
85	445	1
776	1179	1
1661	1959	1
1211	1610	1
668	678	1
2690	685	1
2198	934	1
1376	730	1
1311	1163	1
1776	1512	1
1873	1910	1
2178	1117	1
691	982	1
536	54	1
1550	1242	1
2021	842	1
2662	1887	1
2140	913	1
1893	54	1
2074	160	1
2729	987	1
1362	1780	1
2190	1733	1
2411	1057	1
1678	847	1
2924	1983	1
555	1039	1
996	1281	1
2869	592	1
2237	1317	1
1532	337	1
2154	1135	1
1095	108	1
291	590	1
1258	1979	1
2434	1091	1
2189	1420	1
69	253	1
848	38	1
1695	1155	1
2492	483	1
1455	35	1
2391	236	1
1616	1588	1
2043	940	1
1415	1399	1
1283	1557	1
2293	828	1
1514	976	1
663	1829	1
2222	321	1
2745	1757	1
762	1100	1
1508	91	1
2170	497	1
872	1145	1
286	569	1
1908	368	1
2943	735	1
2639	428	1
2191	1512	1
2588	314	1
870	380	1
2228	670	1
619	1926	1
849	332	1
1360	1255	1
652	44	1
326	720	1
1420	1149	1
1335	1362	1
2977	1006	1
1745	981	1
2965	19	1
1811	853	1
1624	1907	1
55	1563	1
2850	1647	1
96	1375	1
2415	156	1
1907	1323	1
1489	1637	1
2995	934	1
2555	1437	1
1160	1191	1
2034	1039	1
665	1262	1
735	604	1
2579	369	1
2528	1648	1
2614	1641	1
2587	798	1
1416	274	1
1926	25	1
1990	420	1
706	357	1
976	1297	1
1420	796	1
2151	987	1
1252	1648	1
2031	891	1
2954	1214	1
1752	1620	1
1219	968	1
1108	1656	1
2427	62	1
1481	1331	1
2180	1864	1
1354	1180	1
576	1574	1
1638	1536	1
838	1131	1
1964	1966	1
1723	1948	1
391	1846	1
772	1787	1
2744	1356	1
163	848	1
2249	1803	1
1323	1247	1
2209	471	1
2194	1812	1
2710	920	1
1186	1900	1
1671	1408	1
1208	1653	1
2646	920	1
2191	1821	1
1672	1839	1
1268	261	1
1427	1955	1
1850	599	1
2749	225	1
2383	483	1
2121	1830	1
1046	1501	1
1135	582	1
686	1476	1
2704	75	1
2887	1060	1
491	238	1
373	931	1
2885	1195	1
2104	777	1
926	1212	1
2420	1924	1
1023	171	1
463	159	1
1974	1876	1
2240	1163	1
1367	1754	1
806	1731	1
1092	1745	1
1481	5	1
2168	289	1
1800	1966	1
192	334	1
2407	1365	1
587	71	1
1826	1605	1
2847	263	1
886	363	1
1435	952	1
1494	1374	1
1599	1227	1
2594	432	1
1506	286	1
712	1847	1
2282	1576	1
510	1088	1
1849	737	1
2410	472	1
2391	947	1
678	1626	1
345	952	1
2608	589	1
1275	601	1
940	856	1
2985	1850	1
2842	1602	1
2126	1424	1
2320	845	1
2718	1801	1
1240	1395	1
1910	75	1
2840	73	1
2780	825	1
617	1162	1
1162	23	1
1874	138	1
12	193	1
942	1347	1
1017	615	1
1337	19	1
1767	392	1
2023	713	1
1344	1632	1
314	1958	1
1103	1405	1
2870	1740	1
200	1558	1
2657	1922	1
481	1769	1
148	1038	1
1928	1807	1
501	516	1
1466	515	1
1444	1358	1
443	971	1
53	1557	1
1310	252	1
2503	518	1
104	98	1
1013	1364	1
2090	621	1
1888	1565	1
1567	414	1
401	1515	1
1819	1898	1
223	1068	1
1098	1949	1
1357	1266	1
2052	735	1
1716	800	1
971	567	1
4	305	1
1988	1065	1
1874	1141	1
847	1202	1
2727	10	1
82	1605	1
394	1222	1
811	312	1
1731	1917	1
1499	647	1
559	1580	1
2614	162	1
411	980	1
1986	1891	1
1831	1614	1
1656	1291	1
1029	468	1
2973	418	1
1175	988	1
2302	1128	1
63	747	1
1924	298	1
1996	1308	1
2815	1425	1
34	461	1
317	386	1
2045	830	1
1528	786	1
2880	732	1
1880	1607	1
1460	212	1
2226	1714	1
1530	1338	1
2543	1012	1
111	1587	1
1380	597	1
688	460	1
1148	259	1
2991	912	1
2576	1921	1
2003	1442	1
1187	1541	1
2213	451	1
366	336	1
1863	179	1
2411	1513	1
347	1834	1
648	1635	1
2843	530	1
112	289	1
2687	1491	1
2259	1031	1
2003	1313	1
699	1425	1
1959	1650	1
258	622	1
2268	1959	1
638	1641	1
2489	46	1
1003	182	1
1604	1060	1
1622	817	1
692	1783	1
958	1538	1
1390	1021	1
2489	384	1
807	1872	1
56	866	1
2183	1559	1
161	277	1
578	161	1
1931	569	1
627	166	1
2421	770	1
50	1799	1
2471	1965	1
1559	363	1
1080	1569	1
1156	1233	1
191	999	1
25	664	1
628	542	1
1187	1888	1
2107	782	1
828	602	1
1563	1104	1
2636	1604	1
616	1961	1
1151	1206	1
1784	939	1
1544	47	1
1663	1908	1
2859	1915	1
2472	1652	1
1200	1748	1
1907	1699	1
1280	678	1
1482	1133	1
2791	1041	1
125	844	1
596	1582	1
2449	154	1
2404	1566	1
1051	627	1
2184	218	1
1966	981	1
232	1253	1
485	77	1
985	691	1
803	1435	1
214	155	1
1123	60	1
440	559	1
504	1779	1
177	1568	1
633	1410	1
219	758	1
1806	1412	1
1429	1119	1
2312	1768	1
1142	121	1
678	903	1
2573	73	1
2532	463	1
668	1379	1
139	78	1
655	791	1
986	1183	1
146	1360	1
1851	876	1
2345	396	1
2245	681	1
1855	1897	1
764	1379	1
1283	371	1
2361	905	1
2523	168	1
1134	1919	1
1341	820	1
1963	1404	1
823	933	1
411	1909	1
2886	301	1
2389	1015	1
2442	1530	1
561	473	1
2772	1068	1
646	1761	1
956	204	1
2717	1472	1
248	367	1
540	299	1
2115	1387	1
2647	104	1
2465	1746	1
1168	1697	1
1611	1770	1
2146	1608	1
1544	1049	1
659	407	1
604	1041	1
1549	1939	1
1257	1404	1
1048	1072	1
1803	1187	1
160	1377	1
739	1360	1
2043	629	1
2576	993	1
734	1576	1
1655	891	1
561	1666	1
451	492	1
1947	1791	1
653	1743	1
155	1706	1
2762	1572	1
1547	1094	1
2129	1074	1
2014	190	1
803	954	1
2081	722	1
1840	428	1
2745	1845	1
873	1846	1
1867	644	1
2412	1020	1
2595	530	1
1720	638	1
1976	768	1
1448	708	1
2060	333	1
2482	1083	1
69	1299	1
515	204	1
2065	1043	1
403	1617	1
1817	103	1
2038	1679	1
1867	1863	1
825	1544	1
2876	1518	1
1346	1101	1
1796	369	1
2316	591	1
242	834	1
1855	81	1
2396	367	1
1024	270	1
1948	1083	1
2149	1096	1
1823	889	1
2150	1963	1
823	447	1
2580	1998	1
153	587	1
1389	1424	1
1042	511	1
327	1600	1
1621	338	1
2895	485	1
1863	1160	1
64	1463	1
1180	543	1
1322	1344	1
2047	1874	1
235	1834	1
2489	1016	1
2420	443	1
1237	906	1
247	397	1
843	1817	1
189	858	1
132	1628	1
689	1794	1
565	1240	1
1683	946	1
208	1432	1
2881	910	1
2698	838	1
157	887	1
1991	435	1
728	785	1
2208	481	1
2715	1412	1
2437	1327	1
1304	1065	1
2994	186	1
1462	1587	1
2061	1669	1
1656	1739	1
261	1588	1
1638	1888	1
1193	220	1
2888	1201	1
2519	928	1
498	614	1
33	1813	1
506	771	1
853	1483	1
1214	1553	1
2756	134	1
128	1798	1
1137	115	1
314	188	1
803	579	1
665	61	1
2700	906	1
1786	822	1
686	809	1
509	628	1
2626	542	1
1998	1374	1
1530	1551	1
315	680	1
1619	451	1
2028	279	1
2688	379	1
1018	1793	1
2583	157	1
370	1385	1
147	427	1
2161	840	1
2655	1239	1
1370	1818	1
1552	292	1
1734	611	1
1951	958	1
2621	1574	1
2783	369	1
2151	1908	1
2584	1195	1
1077	573	1
2337	592	1
162	1965	1
2114	1181	1
1006	1386	1
461	147	1
2496	1942	1
219	1036	1
2846	1331	1
2718	1232	1
967	1441	1
17	1086	1
2607	877	1
691	714	1
128	508	1
569	391	1
1592	621	1
2081	1967	1
636	1762	1
1149	649	1
2377	1599	1
2513	1176	1
2992	505	1
1650	21	1
931	537	1
2019	1362	1
173	137	1
696	1956	1
1562	1350	1
1209	1130	1
1930	1229	1
831	493	1
789	1151	1
2460	132	1
1735	1771	1
2564	533	1
2959	1131	1
635	1242	1
2759	1	1
511	742	1
637	1942	1
1220	1266	1
2462	382	1
133	1351	1
2327	940	1
1977	339	1
2385	1944	1
1170	461	1
2188	1178	1
563	612	1
1665	1750	1
1633	1108	1
2213	150	1
2102	975	1
1266	827	1
1165	897	1
1306	1536	1
2930	1076	1
558	33	1
2370	1439	1
2535	947	1
117	756	1
133	1610	1
1181	6	1
2807	301	1
2494	900	1
2964	1182	1
1714	1265	1
2841	466	1
2239	1440	1
1140	540	1
635	294	1
2273	860	1
689	1928	1
1388	1715	1
1303	610	1
1692	306	1
324	950	1
749	431	1
679	417	1
2100	541	1
1133	1211	1
101	813	1
2321	1209	1
2047	190	1
1600	692	1
179	585	1
1284	1776	1
782	1530	1
2386	726	1
2350	1187	1
832	1669	1
853	1025	1
2196	195	1
2185	1880	1
864	302	1
581	1781	1
2682	1723	1
554	138	1
1318	875	1
425	1291	1
1327	696	1
1900	845	1
1906	1850	1
2253	1144	1
823	764	1
2054	1457	1
2862	484	1
1880	501	1
1196	465	1
177	805	1
34	1021	1
1193	1260	1
1040	1518	1
1798	1133	1
1477	1631	1
143	1102	1
2314	912	1
680	1936	1
43	401	1
2795	1947	1
471	108	1
1163	138	1
677	390	1
2487	556	1
1482	472	1
1143	1733	1
2305	1194	1
2746	442	1
1293	1596	1
2548	536	1
415	551	1
792	921	1
2359	35	1
2243	758	1
2419	45	1
1760	827	1
1315	58	1
2706	1293	1
1296	408	1
2365	820	1
1862	23	1
1394	362	1
2987	885	1
2724	702	1
374	1377	1
2498	930	1
2949	1399	1
1729	137	1
2138	71	1
751	1482	1
1221	79	1
399	1284	1
2038	1472	1
793	1167	1
1187	1607	1
1896	807	1
15	1764	1
808	453	1
2179	436	1
2115	691	1
507	1990	1
2684	1686	1
474	230	1
2135	482	1
862	1460	1
255	1683	1
2627	699	1
2176	415	1
2039	670	1
118	631	1
1447	1969	1
2125	1679	1
530	655	1
2129	1532	1
1856	237	1
1648	1435	1
2728	407	1
2161	1023	1
2879	396	1
2441	1101	1
2951	1633	1
1485	1518	1
452	880	1
110	1035	1
2074	952	1
1023	573	1
135	571	1
1797	44	1
491	974	1
1873	323	1
1473	1029	1
1620	646	1
375	731	1
2808	1063	1
2605	1415	1
2432	909	1
1227	480	1
1803	1745	1
2858	663	1
1033	171	1
1208	1872	1
1046	231	1
591	295	1
1696	1093	1
375	1197	1
2073	1434	1
1260	578	1
1784	1808	1
397	453	1
276	1165	1
1381	217	1
1230	432	1
501	1068	1
2550	960	1
1825	168	1
2188	581	1
1317	1290	1
285	358	1
2573	375	1
1175	699	1
2112	1340	1
2428	370	1
2806	513	1
1544	275	1
2032	750	1
400	296	1
1532	1992	1
1539	1780	1
1659	531	1
1740	303	1
2069	1180	1
1720	1889	1
2773	1594	1
2416	1623	1
500	581	1
2483	1375	1
2525	1985	1
1722	64	1
173	1473	1
596	1837	1
2210	667	1
1972	646	1
1246	1748	1
2488	524	1
1366	940	1
1680	1435	1
1976	624	1
351	369	1
2489	1228	1
234	391	1
2214	992	1
2828	69	1
2974	222	1
1192	879	1
515	1078	1
1920	1158	1
1215	216	1
1266	1352	1
2458	848	1
337	59	1
1835	1551	1
2511	1823	1
408	1936	1
1077	978	1
2572	1634	1
1617	1765	1
345	1332	1
2947	737	1
336	1421	1
1331	1852	1
2747	969	1
940	1177	1
1719	1549	1
1421	1273	1
1235	355	1
2129	1850	1
2273	121	1
181	473	1
586	1600	1
2231	90	1
120	1891	1
2879	1852	1
1480	1556	1
1044	1145	1
1934	1350	1
1380	1941	1
1737	889	1
1752	1113	1
2537	532	1
1844	1028	1
2970	284	1
1563	1836	1
618	1914	1
2663	390	1
2571	382	1
1101	248	1
393	1687	1
1083	127	1
1967	1640	1
1422	96	1
1389	936	1
378	1356	1
2912	1012	1
2564	72	1
1524	1154	1
1435	144	1
1387	95	1
2636	179	1
259	1142	1
980	1585	1
461	1323	1
2307	1102	1
267	1581	1
2620	924	1
142	893	1
2893	1416	1
2230	305	1
919	1442	1
88	116	1
2814	535	1
36	207	1
2161	1976	1
270	1659	1
2943	1321	1
2559	1197	1
1986	990	1
1620	627	1
52	96	1
826	1129	1
2374	1423	1
2573	72	1
2995	1416	1
401	1635	1
2940	872	1
630	62	1
1222	774	1
1970	1667	1
1219	1302	1
1040	112	1
2525	1572	1
2051	1680	1
831	393	1
2655	864	1
313	1873	1
572	1821	1
1866	492	1
1137	77	1
854	1995	1
2240	1999	1
735	1876	1
1409	1151	1
812	503	1
1627	1509	1
816	1500	1
981	1500	1
2003	1646	1
1630	1311	1
891	1307	1
1768	1712	1
1994	28	1
2708	1947	1
161	1892	1
2415	1064	1
36	1221	1
1153	603	1
1527	1441	1
1756	929	1
741	1196	1
1953	1294	1
35	1285	1
744	599	1
2399	1934	1
1437	1943	1
511	1947	1
2044	1355	1
1943	876	1
465	1978	1
469	830	1
705	571	1
1179	1134	1
704	1729	1
2907	1416	1
330	778	1
1684	212	1
2831	1280	1
1764	659	1
1806	1180	1
1255	1205	1
1668	1821	1
2430	858	1
1787	721	1
2667	642	1
235	494	1
2306	1977	1
211	1677	1
2790	490	1
2957	980	1
1621	39	1
683	106	1
2738	625	1
1661	921	1
1272	1607	1
1738	245	1
1542	1939	1
2807	778	1
1708	451	1
1087	415	1
1824	1671	1
218	1346	1
116	1820	1
232	1802	1
1572	387	1
2491	1642	1
1036	561	1
2727	1509	1
813	1340	1
1324	1071	1
342	1869	1
363	1031	1
1684	1284	1
701	1371	1
2884	1840	1
2765	694	1
286	371	1
2419	1950	1
2002	1480	1
1056	1882	1
278	1433	1
801	543	1
1617	56	1
134	1980	1
84	1355	1
970	1881	1
2220	1178	1
1662	532	1
2304	1139	1
1450	1813	1
542	1554	1
2742	1906	1
2384	1429	1
2299	1157	1
1972	1097	1
2631	65	1
577	1117	1
2638	32	1
412	1004	1
448	942	1
366	1700	1
1681	1535	1
293	710	1
2122	1306	1
2068	1734	1
732	327	1
62	14	1
1738	565	1
2848	833	1
1763	1255	1
1043	1412	1
400	1220	1
1600	347	1
2923	1136	1
1497	1262	1
1171	652	1
611	1991	1
664	1907	1
1195	922	1
383	929	1
5	277	1
1546	340	1
1	699	1
2627	1784	1
2390	168	1
1000	1551	1
477	103	1
454	631	1
1381	909	1
1991	1771	1
2891	1221	1
170	510	1
468	180	1
1351	1884	1
2235	1664	1
1145	361	1
1435	676	1
1497	1350	1
1967	1322	1
2303	1264	1
2264	1965	1
2640	948	1
1674	1291	1
1583	1816	1
411	1503	1
13	305	1
2189	1653	1
667	1953	1
1646	1177	1
1123	653	1
1777	1130	1
503	1359	1
2779	1304	1
2573	396	1
2238	1370	1
1011	177	1
1072	875	1
697	905	1
2843	1388	1
2847	1615	1
321	1293	1
2813	1642	1
1330	153	1
1976	1389	1
1153	363	1
41	601	1
2574	956	1
558	706	1
2646	783	1
91	826	1
933	795	1
2787	202	1
459	471	1
1581	1996	1
249	949	1
1722	164	1
1220	1830	1
2452	1023	1
1168	1694	1
357	513	1
1060	1475	1
2029	776	1
1778	5	1
2970	1730	1
2985	355	1
1111	1399	1
1903	596	1
2747	932	1
1618	528	1
638	653	1
1659	1414	1
512	1521	1
1600	1380	1
415	114	1
376	1246	1
782	1015	1
2890	1934	1
515	1105	1
2689	382	1
47	1561	1
2911	1387	1
971	1343	1
279	1105	1
825	989	1
997	479	1
1381	765	1
2538	753	1
1995	1182	1
1853	1088	1
284	1957	1
748	1656	1
2190	346	1
1501	566	1
2066	217	1
1481	1409	1
2217	796	1
2226	1765	1
473	846	1
948	1402	1
579	1469	1
2394	1264	1
1630	1093	1
873	1067	1
404	1205	1
592	536	1
1672	1738	1
633	663	1
779	1352	1
2204	1648	1
1256	1386	1
2480	1182	1
1371	1691	1
1557	414	1
2316	851	1
2330	897	1
2405	1616	1
110	514	1
2360	284	1
2903	989	1
299	271	1
428	1201	1
2822	1333	1
1001	1542	1
1539	1602	1
2155	391	1
1400	282	1
119	1169	1
1590	363	1
757	1568	1
2854	1510	1
1707	1596	1
880	775	1
483	562	1
1360	1826	1
1011	1761	1
2159	51	1
130	455	1
1103	1047	1
1455	55	1
98	19	1
2988	176	1
184	1705	1
2011	1674	1
528	949	1
1379	699	1
2141	1312	1
2642	1313	1
1306	1627	1
914	175	1
1251	1640	1
1354	1074	1
2953	613	1
1669	780	1
416	780	1
2	1116	1
2511	898	1
2416	1571	1
133	48	1
2512	778	1
2917	388	1
2585	1717	1
521	909	1
2107	1085	1
176	1764	1
316	1322	1
2201	1866	1
952	1598	1
1095	671	1
1953	1481	1
2731	1668	1
1748	773	1
2175	129	1
1465	1648	1
1306	385	1
1561	7	1
148	781	1
60	460	1
867	820	1
979	931	1
2945	1163	1
1669	1256	1
104	1673	1
932	648	1
1574	1070	1
297	1636	1
375	355	1
2563	886	1
1119	1113	1
1221	810	1
1478	604	1
2075	502	1
2463	1809	1
1941	1446	1
187	1567	1
470	1736	1
1217	1797	1
2552	985	1
2122	1227	1
2964	219	1
2405	1630	1
427	159	1
1139	1725	1
116	1415	1
2885	1108	1
1554	641	1
1096	508	1
2510	430	1
827	310	1
113	212	1
1048	130	1
876	862	1
1851	473	1
1159	1316	1
491	658	1
662	935	1
1255	446	1
2425	275	1
192	758	1
1373	934	1
2908	1472	1
2184	273	1
2366	878	1
531	1456	1
2605	409	1
2981	117	1
913	1885	1
1234	1598	1
556	962	1
1538	1232	1
2742	1876	1
2571	1747	1
1813	464	1
1029	1164	1
2691	899	1
1694	935	1
1853	1777	1
1090	362	1
603	1434	1
2339	738	1
195	1274	1
1760	1042	1
2350	656	1
1723	545	1
3	65	1
2242	1440	1
1184	179	1
2423	1072	1
2468	492	1
1057	1966	1
509	1069	1
1092	1556	1
865	10	1
1558	1208	1
1018	1060	1
351	1432	1
1393	1886	1
2823	63	1
1584	1350	1
1528	1067	1
178	1523	1
1596	1015	1
1521	1499	1
1744	1320	1
961	1772	1
1651	1667	1
472	1296	1
2975	1308	1
1333	102	1
284	551	1
1000	1063	1
1407	1031	1
1398	560	1
1335	457	1
2384	49	1
1821	974	1
2059	782	1
365	396	1
663	1225	1
2058	1787	1
601	1453	1
1775	1557	1
1944	275	1
2718	1993	1
1652	1137	1
2207	1793	1
1024	1762	1
95	618	1
2647	1698	1
870	664	1
968	310	1
497	1747	1
2516	569	1
2083	1227	1
473	1855	1
799	255	1
783	1991	1
2017	1836	1
1747	898	1
480	1892	1
1286	308	1
1629	99	1
2642	766	1
1541	431	1
765	868	1
1885	274	1
2303	33	1
599	1302	1
2726	504	1
1638	262	1
429	507	1
1667	1231	1
2864	175	1
2836	1514	1
2236	832	1
2847	885	1
1140	697	1
1635	18	1
285	1076	1
2176	1711	1
525	1180	1
1444	616	1
597	584	1
1229	1825	1
2851	96	1
811	1842	1
2907	536	1
2051	546	1
2099	1305	1
1988	293	1
2153	593	1
2496	1203	1
2829	453	1
2506	249	1
1476	63	1
418	1624	1
321	1680	1
2152	1967	1
2651	1931	1
2092	1803	1
2695	849	1
428	1372	1
2336	1286	1
2011	1553	1
2414	1273	1
1185	1229	1
924	1266	1
1243	334	1
673	1477	1
2360	1415	1
92	1217	1
460	438	1
2667	1273	1
2171	29	1
1213	1456	1
2790	1222	1
1970	847	1
1170	216	1
546	1589	1
407	223	1
2343	729	1
1902	926	1
2262	962	1
741	387	1
1465	77	1
357	326	1
905	1321	1
2207	1131	1
1425	761	1
987	1831	1
392	250	1
2270	1001	1
1233	673	1
99	1767	1
1250	970	1
2948	1382	1
74	1865	1
959	1791	1
1605	332	1
605	535	1
221	1967	1
436	1730	1
468	1729	1
874	347	1
2175	1647	1
1166	339	1
2590	1347	1
865	631	1
993	1910	1
638	1202	1
694	808	1
1643	24	1
2862	1588	1
942	1906	1
106	1974	1
1003	784	1
49	663	1
1379	1699	1
1120	982	1
1494	1342	1
1027	34	1
1317	1423	1
556	799	1
2687	1450	1
2817	1227	1
2452	504	1
1886	1	1
2822	1795	1
1550	1776	1
751	631	1
286	1334	1
1810	712	1
2957	464	1
1768	383	1
1490	111	1
777	653	1
2968	764	1
2359	1891	1
2019	1364	1
438	53	1
2324	1068	1
1487	376	1
1626	374	1
963	1455	1
2547	180	1
2259	1838	1
2013	14	1
1610	218	1
2959	1551	1
2511	1875	1
528	408	1
1590	186	1
2593	1960	1
754	130	1
2756	1514	1
1105	1765	1
2077	1400	1
2544	266	1
749	35	1
1553	1350	1
1084	1753	1
2896	1805	1
1879	1304	1
1554	343	1
2121	302	1
1090	247	1
957	12	1
1316	1437	1
65	438	1
764	948	1
791	1324	1
1751	603	1
542	1444	1
502	1856	1
2407	552	1
2308	1386	1
154	1242	1
1484	1121	1
757	427	1
2359	713	1
2077	1297	1
813	715	1
2258	656	1
1381	426	1
2135	1007	1
2529	1637	1
1282	1774	1
2465	1543	1
2155	1353	1
1284	765	1
681	1445	1
590	379	1
483	1837	1
1700	222	1
818	1960	1
666	1043	1
2311	302	1
449	1380	1
2335	1156	1
1432	225	1
102	323	1
2028	38	1
197	1316	1
275	1582	1
1077	291	1
2514	1510	1
1646	286	1
1854	1148	1
2057	671	1
2397	1380	1
2656	548	1
860	1094	1
1067	1210	1
989	254	1
2084	556	1
1363	484	1
1552	1680	1
2401	1325	1
2302	1516	1
1381	494	1
1077	122	1
1325	1864	1
1409	1251	1
87	17	1
1880	218	1
2186	32	1
713	1613	1
1335	237	1
720	332	1
2274	387	1
1959	1668	1
2960	175	1
1533	1721	1
2043	1088	1
2039	411	1
2419	1064	1
145	403	1
1647	376	1
1740	1604	1
2600	1661	1
1611	1696	1
2106	1078	1
2745	1982	1
108	1238	1
723	1582	1
1228	1691	1
2477	1105	1
2808	1880	1
2157	996	1
1149	356	1
48	1086	1
1429	1512	1
1246	1171	1
2458	641	1
1012	252	1
1489	574	1
2982	1217	1
2513	1685	1
1210	387	1
320	1870	1
801	1505	1
1845	1931	1
919	1157	1
2177	664	1
1041	1385	1
891	1562	1
1248	1581	1
1922	366	1
2335	1190	1
17	476	1
2695	1289	1
387	1707	1
896	1297	1
2217	1294	1
1859	83	1
925	885	1
2134	1170	1
898	919	1
2573	636	1
2777	772	1
2561	1031	1
1677	1531	1
2843	289	1
996	1856	1
273	460	1
408	1157	1
1695	1072	1
2895	613	1
2208	1477	1
1161	1372	1
536	811	1
2326	1153	1
2173	1251	1
835	1400	1
556	89	1
2191	489	1
481	1284	1
2882	497	1
2505	1403	1
643	1912	1
736	448	1
118	1412	1
2935	1170	1
2794	1239	1
143	65	1
510	1447	1
2020	468	1
2520	1560	1
806	1479	1
2813	651	1
1637	1027	1
2426	261	1
1861	372	1
1128	1246	1
813	1932	1
2977	1692	1
2223	1854	1
851	800	1
801	418	1
1386	1600	1
1953	1973	1
2379	1563	1
2723	508	1
1615	1576	1
2857	884	1
710	1879	1
959	1562	1
2018	1834	1
1455	996	1
528	331	1
732	830	1
1905	760	1
456	570	1
1089	216	1
99	204	1
2756	1001	1
649	247	1
1298	1550	1
2877	1203	1
2509	1549	1
1249	1519	1
591	157	1
1773	1640	1
1346	852	1
358	1668	1
450	551	1
1807	1315	1
573	1934	1
2383	1032	1
2692	1837	1
791	161	1
1589	10	1
2063	1449	1
2284	25	1
1007	140	1
2807	1012	1
280	81	1
572	1181	1
2143	801	1
462	1292	1
2021	882	1
1786	691	1
1447	234	1
2132	783	1
650	585	1
1761	163	1
1816	452	1
2738	439	1
2610	1615	1
2975	924	1
2458	21	1
1002	1550	1
979	1946	1
2797	1195	1
674	983	1
879	219	1
1960	86	1
1683	53	1
2803	186	1
213	1804	1
2997	308	1
1243	1129	1
1966	1377	1
1183	875	1
1307	1880	1
962	1723	1
1308	467	1
809	33	1
1189	1314	1
2954	1683	1
352	562	1
2094	1080	1
2903	732	1
2514	1949	1
2350	1686	1
1250	1253	1
765	1089	1
1270	1171	1
1469	647	1
1926	939	1
1621	1097	1
1510	1664	1
1570	1568	1
1810	1578	1
1074	2	1
241	720	1
2496	1505	1
1367	651	1
2727	975	1
738	1124	1
1260	1401	1
573	1994	1
2690	748	1
1628	931	1
2574	532	1
1992	519	1
124	332	1
992	421	1
2467	1859	1
2678	1315	1
351	44	1
1289	1595	1
2759	973	1
65	441	1
1230	384	1
2367	1586	1
2028	1122	1
623	1312	1
998	1975	1
274	291	1
2606	794	1
2541	1051	1
2015	635	1
2542	1318	1
2997	1713	1
1172	1949	1
2614	1074	1
1959	385	1
2772	95	1
2578	715	1
851	1836	1
1406	796	1
1301	1550	1
1349	59	1
76	1753	1
87	102	1
678	1894	1
2577	1732	1
305	315	1
482	1486	1
1672	1254	1
2544	423	1
218	711	1
1499	1158	1
2120	1908	1
2718	581	1
1253	1980	1
2462	436	1
322	1812	1
1902	100	1
1014	167	1
1598	1556	1
143	1091	1
2653	999	1
2250	282	1
840	286	1
1547	1348	1
2775	1719	1
119	746	1
2658	1323	1
186	1424	1
2445	1000	1
2103	1942	1
358	1547	1
1613	1665	1
2862	149	1
371	1637	1
1385	441	1
80	1533	1
285	1548	1
2061	996	1
670	1182	1
1602	723	1
2876	53	1
661	1083	1
2834	547	1
953	1582	1
2820	252	1
172	1219	1
2519	1821	1
2683	2	1
2475	635	1
12	940	1
2805	1911	1
1844	945	1
1142	1201	1
2172	199	1
438	1525	1
600	93	1
1041	1516	1
796	1559	1
2556	1241	1
2795	364	1
160	1949	1
2112	801	1
2065	1788	1
990	1756	1
569	585	1
2213	964	1
571	1614	1
2676	458	1
57	1546	1
306	850	1
2356	695	1
2368	220	1
1596	1012	1
1887	528	1
1674	902	1
1773	1308	1
300	59	1
1700	1481	1
1468	1304	1
89	449	1
1885	1189	1
290	1420	1
2046	1381	1
717	593	1
1691	1344	1
1845	123	1
8	965	1
2293	1946	1
380	695	1
2812	1033	1
1043	1059	1
353	1168	1
2452	1961	1
2635	738	1
1318	943	1
2462	1181	1
248	619	1
596	533	1
1950	1355	1
1788	1880	1
1410	278	1
1858	388	1
154	21	1
1548	557	1
1800	193	1
2373	520	1
2988	325	1
537	267	1
1847	337	1
1210	197	1
631	618	1
125	1805	1
1409	1168	1
2817	644	1
2638	1425	1
2200	312	1
901	1379	1
2882	123	1
2490	83	1
999	159	1
122	66	1
1997	394	1
1016	331	1
1710	1421	1
369	1483	1
2968	1414	1
1833	839	1
2130	331	1
111	1299	1
959	66	1
689	609	1
689	202	1
74	1131	1
2119	580	1
1224	1625	1
2087	587	1
2869	1387	1
2467	410	1
1391	1133	1
2316	1645	1
912	1591	1
2867	261	1
2339	1509	1
2006	103	1
2278	1215	1
1533	831	1
2036	397	1
702	216	1
1071	459	1
1365	1317	1
491	385	1
57	889	1
2142	799	1
2885	1606	1
1302	1205	1
530	1913	1
1845	1602	1
2646	603	1
1199	1172	1
2855	126	1
1648	858	1
2141	1845	1
1829	664	1
2074	1880	1
1361	1738	1
2770	1318	1
2839	275	1
31	285	1
2469	1139	1
2490	1652	1
2117	1309	1
445	770	1
277	254	1
1009	436	1
1777	622	1
2748	1646	1
986	498	1
851	679	1
2878	1218	1
2058	1875	1
843	101	1
276	1688	1
988	1138	1
2235	1143	1
620	581	1
78	484	1
1635	1533	1
2264	1271	1
1909	1578	1
982	1360	1
2384	900	1
863	1695	1
1469	1115	1
2356	1459	1
1709	490	1
2174	800	1
2689	744	1
2630	52	1
782	430	1
1214	1204	1
415	258	1
394	1309	1
2314	1148	1
2141	334	1
315	991	1
2097	764	1
1342	1412	1
1414	546	1
2932	1195	1
1192	952	1
89	380	1
2446	512	1
161	1141	1
211	623	1
2878	1205	1
1175	1829	1
885	1423	1
676	496	1
978	1374	1
1821	677	1
1292	302	1
2631	1117	1
2403	1534	1
1305	701	1
2121	1216	1
536	849	1
2120	48	1
345	1845	1
2371	470	1
1259	164	1
623	1029	1
2920	94	1
376	723	1
2672	534	1
2539	687	1
270	1407	1
1539	1353	1
1868	269	1
1775	223	1
1293	1551	1
949	1720	1
2745	822	1
2676	1786	1
933	880	1
26	646	1
1583	815	1
583	1941	1
1117	1811	1
260	1241	1
1443	678	1
669	853	1
1643	614	1
28	1456	1
1691	1783	1
2109	1403	1
1690	1769	1
1114	1257	1
1404	1463	1
2574	893	1
706	977	1
933	124	1
920	1386	1
1126	507	1
228	1113	1
2870	40	1
866	1777	1
1562	1067	1
2379	1184	1
617	583	1
2456	1739	1
509	1403	1
255	1764	1
1979	1453	1
2795	551	1
2716	75	1
1740	1409	1
2055	781	1
1932	1141	1
516	1488	1
2847	106	1
1693	1428	1
2364	291	1
2181	803	1
2361	1822	1
1811	1242	1
2991	817	1
2329	508	1
2600	651	1
2620	518	1
2387	834	1
538	1218	1
2350	26	1
2307	912	1
2338	1178	1
2432	262	1
1108	1929	1
708	121	1
2280	1616	1
192	1638	1
426	197	1
2852	118	1
241	1413	1
1353	1388	1
1814	110	1
714	300	1
1092	322	1
1632	1358	1
2838	1397	1
2487	918	1
53	1568	1
2164	87	1
2904	398	1
1343	863	1
272	1354	1
1813	1592	1
1639	1396	1
1742	1573	1
880	1264	1
1461	525	1
2320	1777	1
1215	240	1
2525	1562	1
388	21	1
624	1161	1
2920	916	1
2967	481	1
1706	808	1
73	1240	1
2220	953	1
1682	1444	1
254	377	1
797	981	1
2628	1982	1
126	680	1
893	1931	1
1445	839	1
773	501	1
2271	134	1
1277	1451	1
1088	1139	1
350	735	1
1796	817	1
2282	761	1
235	1137	1
1678	376	1
114	875	1
2011	1373	1
73	287	1
677	1941	1
2430	1988	1
794	549	1
376	1382	1
213	768	1
1317	1293	1
1018	841	1
1239	1919	1
2971	766	1
2395	974	1
2697	1846	1
1626	1905	1
786	376	1
1844	1432	1
1988	1575	1
1929	1766	1
2978	988	1
2130	527	1
2695	811	1
209	343	1
301	1636	1
2243	171	1
923	1633	1
2864	1261	1
1953	1715	1
2289	757	1
2546	973	1
419	1574	1
2177	1511	1
1988	1491	1
1919	779	1
647	1979	1
2554	600	1
2588	59	1
2063	1761	1
2823	158	1
798	245	1
2543	1601	1
358	1571	1
2772	108	1
344	580	1
1049	1285	1
1859	564	1
2580	1041	1
2282	1988	1
2751	241	1
2512	1616	1
1460	1539	1
591	1562	1
369	1374	1
1281	1165	1
588	1594	1
2802	85	1
1987	1789	1
1827	1590	1
648	103	1
1741	1578	1
2797	1334	1
338	1365	1
1862	1129	1
611	448	1
2497	770	1
1996	14	1
2321	1966	1
1348	1595	1
2058	315	1
762	804	1
198	372	1
1898	78	1
328	1330	1
1895	431	1
1493	98	1
2426	105	1
755	1667	1
547	488	1
753	647	1
2495	1092	1
865	1931	1
1241	913	1
2454	559	1
1451	133	1
1333	204	1
1121	895	1
2600	1793	1
1292	847	1
301	1290	1
2035	767	1
1419	1150	1
2367	1140	1
690	1443	1
425	555	1
2056	1653	1
2886	262	1
1948	1238	1
1394	355	1
2748	1887	1
1975	63	1
1078	190	1
905	1153	1
271	1613	1
2246	1541	1
197	877	1
1613	1093	1
903	223	1
605	1622	1
74	61	1
2932	1886	1
2884	14	1
2595	661	1
1440	1156	1
1057	72	1
1989	1365	1
211	1315	1
1603	394	1
560	1549	1
230	688	1
1038	176	1
1082	325	1
693	1174	1
2491	710	1
1204	254	1
1265	1643	1
2948	670	1
71	124	1
2044	421	1
2702	644	1
2139	513	1
1840	1962	1
1229	1322	1
885	411	1
308	390	1
357	1271	1
1299	1385	1
1252	1245	1
2518	438	1
2368	1551	1
1269	25	1
1632	1957	1
2668	953	1
1076	1117	1
2135	589	1
1027	138	1
2065	1679	1
1986	315	1
2905	1199	1
1528	560	1
522	919	1
391	1320	1
1736	1386	1
2908	1640	1
652	541	1
195	664	1
2962	1534	1
2146	1599	1
1030	850	1
759	1878	1
1340	342	1
1034	318	1
2093	1654	1
2763	1638	1
1293	532	1
2526	840	1
2642	1946	1
883	1653	1
1071	1131	1
152	1260	1
963	1249	1
2070	751	1
1949	1912	1
356	72	1
2727	122	1
1671	1654	1
1016	1619	1
475	483	1
1672	828	1
475	207	1
391	345	1
1982	561	1
2654	1912	1
2996	1384	1
1478	1117	1
452	233	1
1174	190	1
1657	996	1
2240	856	1
2232	1502	1
2662	1233	1
1633	1257	1
96	110	1
2220	1744	1
2056	1362	1
1077	919	1
1509	1984	1
55	1125	1
290	843	1
2150	955	1
1103	762	1
690	1413	1
1856	624	1
2174	669	1
2323	852	1
296	846	1
1869	684	1
1018	399	1
1655	1023	1
1715	656	1
757	926	1
2080	929	1
1141	1778	1
1818	450	1
1710	1991	1
1185	1367	1
843	503	1
1428	1453	1
1529	1123	1
2469	891	1
983	446	1
2053	481	1
488	1332	1
2696	863	1
1446	1149	1
1869	1638	1
35	1180	1
2387	1653	1
2226	1395	1
2039	125	1
2934	480	1
2601	246	1
352	16	1
1057	1806	1
775	115	1
1423	976	1
1436	314	1
2762	180	1
476	616	1
2782	203	1
1055	25	1
1004	211	1
2841	1651	1
1213	1160	1
2752	57	1
2798	1163	1
398	878	1
1382	1008	1
82	866	1
932	1308	1
408	1259	1
233	449	1
2323	848	1
1995	1526	1
2602	102	1
160	635	1
1051	1160	1
2867	1773	1
2666	1637	1
1719	1099	1
417	353	1
1775	1808	1
1381	1437	1
1836	1943	1
377	1995	1
1655	19	1
994	168	1
507	1439	1
1880	93	1
945	735	1
1264	492	1
625	1954	1
1307	1012	1
1855	1459	1
2378	495	1
556	1788	1
2610	699	1
701	103	1
665	612	1
638	1054	1
2386	438	1
159	686	1
993	591	1
1745	257	1
2009	1213	1
913	605	1
1037	497	1
525	397	1
404	556	1
369	959	1
2756	1121	1
1616	79	1
2183	498	1
2123	1519	1
931	1290	1
2085	1288	1
651	1807	1
2178	281	1
421	467	1
1025	162	1
2071	754	1
2807	719	1
802	812	1
1747	513	1
2547	995	1
2422	362	1
731	1771	1
801	496	1
1338	283	1
211	637	1
1324	733	1
2253	1327	1
1672	959	1
538	459	1
1110	1682	1
386	316	1
2499	1129	1
913	214	1
1096	728	1
851	1343	1
793	1483	1
325	1987	1
19	333	1
2421	1288	1
919	208	1
1424	1614	1
2470	1657	1
800	414	1
1310	1033	1
442	371	1
2529	670	1
2849	740	1
40	1812	1
342	548	1
1729	1578	1
1851	1041	1
1048	557	1
1458	134	1
88	322	1
1540	1789	1
301	490	1
404	663	1
2081	1865	1
1758	379	1
2256	1188	1
2869	627	1
2700	298	1
1295	878	1
1113	1200	1
458	881	1
799	1919	1
80	120	1
171	198	1
1233	637	1
2076	1966	1
2784	834	1
1348	777	1
1268	1967	1
2958	1226	1
100	271	1
34	1811	1
448	107	1
921	42	1
64	1100	1
1988	1370	1
1642	1126	1
2379	28	1
2386	868	1
2800	291	1
2045	648	1
2377	1751	1
1053	1517	1
2918	909	1
1510	156	1
1911	1541	1
2410	20	1
2024	210	1
882	674	1
2836	1781	1
394	1357	1
529	1787	1
2709	1521	1
627	1313	1
1974	106	1
1198	972	1
309	1227	1
1090	488	1
2037	417	1
1043	615	1
2176	1512	1
1200	1289	1
411	1753	1
1642	1061	1
342	694	1
826	1902	1
2999	884	1
1828	1179	1
355	586	1
2936	766	1
1840	542	1
2952	1868	1
2671	956	1
2995	710	1
158	1971	1
1346	1038	1
2261	1078	1
1128	1878	1
683	1076	1
1609	210	1
1184	1355	1
2566	575	1
281	660	1
1717	1991	1
2062	206	1
576	869	1
448	1545	1
2508	804	1
342	660	1
937	173	1
123	1271	1
2681	1897	1
2657	969	1
1598	1605	1
1937	330	1
1571	1225	1
58	758	1
1919	89	1
2112	522	1
1385	1688	1
884	656	1
2062	173	1
14	1287	1
1558	306	1
398	1648	1
1934	1368	1
2086	1510	1
512	1569	1
1381	5	1
1779	207	1
2758	634	1
2079	22	1
1584	1769	1
2312	36	1
2150	1234	1
1620	1956	1
1073	1420	1
214	1212	1
827	1946	1
2841	1526	1
661	1883	1
1957	13	1
1580	1680	1
1793	1969	1
788	948	1
2043	1712	1
2266	1969	1
795	1562	1
1595	1936	1
795	80	1
546	35	1
1815	701	1
1233	475	1
2641	1423	1
2767	1322	1
2470	1931	1
879	1262	1
1120	1115	1
2024	1133	1
1438	1355	1
2905	1326	1
1576	741	1
2952	54	1
481	181	1
2548	1432	1
157	1578	1
1892	410	1
502	1234	1
1987	635	1
695	86	1
432	639	1
121	319	1
708	657	1
1094	294	1
2942	559	1
1066	1629	1
955	1686	1
1135	1401	1
2855	1878	1
621	874	1
55	1906	1
1134	1154	1
1825	1170	1
1825	999	1
1118	1076	1
1818	1776	1
2999	787	1
1557	1760	1
789	842	1
760	164	1
2583	369	1
2330	614	1
1508	1156	1
2581	832	1
880	277	1
2101	1219	1
1164	525	1
1140	989	1
942	1882	1
1339	1618	1
864	761	1
2652	1537	1
539	169	1
1076	859	1
339	722	1
789	562	1
1011	205	1
695	1647	1
2925	825	1
2637	256	1
546	818	1
395	1611	1
2826	341	1
1405	645	1
1167	775	1
52	1764	1
1284	1513	1
1065	636	1
656	186	1
1045	1876	1
936	1258	1
1885	960	1
1875	1801	1
1917	1997	1
1128	583	1
194	677	1
1724	496	1
2942	50	1
567	1055	1
414	1245	1
1535	1237	1
997	1432	1
2109	724	1
1467	834	1
2507	1568	1
1999	117	1
392	637	1
2207	1054	1
1802	511	1
1984	908	1
857	1109	1
582	890	1
1928	1244	1
2137	1257	1
218	1091	1
2006	1001	1
2275	1065	1
816	344	1
221	222	1
917	1288	1
529	1313	1
2286	1388	1
1779	1738	1
2442	41	1
1068	64	1
656	1126	1
2066	462	1
2910	207	1
2763	199	1
291	837	1
476	1369	1
183	834	1
177	567	1
1677	1922	1
1237	1014	1
2021	133	1
50	607	1
2821	1440	1
311	1749	1
1140	363	1
2408	992	1
2684	1601	1
2411	726	1
2477	558	1
2148	987	1
2104	1430	1
143	1651	1
1056	680	1
2233	1658	1
1680	944	1
1580	1201	1
1704	1122	1
1396	1807	1
1922	105	1
679	1027	1
2950	1237	1
927	988	1
784	1074	1
667	1961	1
2329	54	1
2189	1582	1
195	1665	1
451	559	1
2398	897	1
2486	1910	1
155	1654	1
653	1184	1
904	1511	1
380	618	1
1113	573	1
1283	967	1
1337	1848	1
878	1476	1
974	1002	1
2357	1819	1
160	1309	1
2693	250	1
66	1915	1
1826	1530	1
2206	1547	1
907	881	1
1146	618	1
2667	1729	1
1859	831	1
1397	98	1
2927	1321	1
272	405	1
1792	1909	1
451	1546	1
1648	362	1
2580	1684	1
1449	1635	1
766	708	1
906	173	1
2818	1675	1
1746	648	1
115	1915	1
972	1436	1
22	549	1
2083	1890	1
811	604	1
850	1739	1
2579	1778	1
1509	1739	1
2755	374	1
2543	589	1
2137	1518	1
1504	1367	1
386	460	1
2307	805	1
1234	49	1
1186	1008	1
2508	616	1
509	1868	1
713	1014	1
960	1765	1
1665	1323	1
1868	170	1
1122	939	1
2340	256	1
952	1150	1
2406	1318	1
1449	219	1
2601	1954	1
1865	1332	1
921	336	1
76	200	1
1086	1864	1
787	461	1
824	1519	1
656	1276	1
630	1820	1
2357	1581	1
1178	1995	1
787	1902	1
2193	1428	1
1344	1924	1
1654	578	1
1334	737	1
1689	783	1
2160	1107	1
2349	39	1
1342	1711	1
790	1791	1
805	1807	1
656	1690	1
1749	1917	1
2427	1104	1
1699	21	1
2719	1130	1
1363	1129	1
2412	1388	1
1520	1159	1
208	636	1
161	301	1
138	1189	1
944	1268	1
1203	1256	1
2376	1337	1
897	866	1
2987	1203	1
2490	250	1
2653	1662	1
583	327	1
1541	986	1
1539	1213	1
2520	1313	1
1064	1584	1
761	272	1
1374	698	1
180	1828	1
621	1152	1
168	1357	1
2319	294	1
1359	1692	1
595	1150	1
116	1851	1
791	416	1
842	776	1
742	740	1
2786	55	1
1533	1046	1
1147	1860	1
2823	1827	1
2335	984	1
447	1162	1
1176	1338	1
2005	195	1
11	735	1
2688	1020	1
2985	546	1
227	660	1
2840	260	1
2361	1223	1
1875	650	1
2438	221	1
1746	1614	1
23	777	1
2817	411	1
1713	164	1
922	677	1
2914	350	1
2719	437	1
260	462	1
1338	896	1
265	1081	1
1505	222	1
1367	1173	1
2260	567	1
2837	1130	1
358	1476	1
1791	768	1
1993	1785	1
2149	1531	1
263	1248	1
1037	635	1
2532	459	1
1276	1717	1
1686	637	1
1547	830	1
423	194	1
1683	1123	1
1642	609	1
1483	10	1
283	42	1
770	1820	1
2652	1484	1
902	1141	1
990	1903	1
510	830	1
1189	542	1
850	740	1
1342	382	1
2549	508	1
2229	1186	1
1412	1474	1
592	751	1
1403	1915	1
2880	524	1
1997	586	1
1483	1096	1
2343	1686	1
1001	20	1
818	1821	1
1186	167	1
2427	1403	1
2274	43	1
475	524	1
2986	634	1
658	1552	1
2146	406	1
2294	1764	1
716	611	1
2100	932	1
2772	1167	1
2201	1819	1
2598	1293	1
532	171	1
320	1747	1
1031	1545	1
1565	1428	1
1038	345	1
797	880	1
2470	416	1
1159	487	1
2926	70	1
280	743	1
1386	390	1
2779	92	1
1423	1897	1
751	1652	1
2542	544	1
2408	571	1
1594	1623	1
2799	1603	1
1353	643	1
1446	829	1
2443	1204	1
1081	1305	1
135	1583	1
1440	1605	1
917	199	1
1500	641	1
2013	1708	1
464	855	1
506	1921	1
799	1518	1
1082	1679	1
2932	1330	1
1515	854	1
968	1757	1
1201	1028	1
2468	1268	1
1316	1411	1
2557	1594	1
2464	548	1
1054	33	1
2169	133	1
392	388	1
2181	129	1
1562	583	1
410	1393	1
2180	93	1
618	660	1
2570	1421	1
817	286	1
40	546	1
1966	971	1
2300	1931	1
2804	1271	1
2775	1273	1
580	1720	1
1206	413	1
53	1853	1
1018	1475	1
2569	1828	1
2373	1203	1
2313	706	1
2577	1009	1
2214	677	1
2502	1414	1
949	1636	1
2994	1179	1
329	1061	1
2529	1214	1
2593	1503	1
1224	1175	1
1143	1723	1
2872	1351	1
2802	1136	1
2569	641	1
1071	48	1
1397	563	1
1624	1295	1
315	349	1
1346	1866	1
2991	1205	1
1639	1636	1
2051	1440	1
2448	1517	1
1372	1104	1
856	191	1
2143	7	1
2989	1487	1
75	907	1
992	1806	1
2424	1771	1
667	1451	1
348	1731	1
1102	1624	1
2702	1433	1
2464	1919	1
2857	900	1
1	457	1
2665	1927	1
101	668	1
1734	406	1
2127	1917	1
11	1735	1
265	909	1
2825	1380	1
1745	1765	1
1270	702	1
396	143	1
243	880	1
2567	955	1
1156	66	1
232	697	1
506	207	1
601	1126	1
1476	1518	1
2259	1393	1
1290	362	1
571	1637	1
1617	1127	1
828	1665	1
1933	100	1
2538	193	1
302	40	1
837	1634	1
1927	1113	1
34	619	1
1908	1479	1
2865	772	1
1648	205	1
252	25	1
2218	260	1
2105	1782	1
792	759	1
746	1098	1
510	566	1
1324	92	1
219	1691	1
1487	1290	1
2550	938	1
560	273	1
2757	714	1
690	1770	1
2434	1280	1
878	447	1
1998	903	1
1852	1453	1
1273	1731	1
2984	1098	1
708	1601	1
82	1607	1
1814	624	1
2009	1289	1
965	1167	1
2217	1487	1
549	1726	1
184	60	1
2994	269	1
875	1259	1
1912	413	1
539	406	1
732	628	1
2985	1956	1
833	1964	1
2085	1184	1
1013	994	1
564	129	1
637	1997	1
1761	793	1
2863	1228	1
1460	868	1
1542	1325	1
2	102	1
273	1988	1
1755	317	1
1523	998	1
1412	1875	1
924	1468	1
2464	136	1
1615	498	1
1746	1320	1
2262	1389	1
1814	1592	1
2860	1419	1
2601	315	1
584	1922	1
153	1050	1
583	1374	1
1886	1215	1
1213	848	1
2564	641	1
2299	1359	1
1934	1337	1
2724	544	1
1970	114	1
456	1571	1
1509	542	1
130	261	1
85	1186	1
774	444	1
1483	682	1
1575	1647	1
551	307	1
1563	1920	1
2071	258	1
2243	870	1
32	325	1
1070	1844	1
386	202	1
911	1489	1
1868	423	1
825	1350	1
392	793	1
2316	1549	1
2196	1620	1
247	1705	1
1050	1046	1
2400	141	1
106	1863	1
1328	1710	1
1057	1132	1
647	493	1
391	786	1
140	1241	1
1231	833	1
2214	892	1
1016	1595	1
2473	1802	1
2136	1170	1
2434	838	1
796	1118	1
589	1239	1
1624	819	1
2081	1604	1
808	204	1
1436	241	1
2477	59	1
2639	1759	1
1523	1559	1
684	290	1
1138	1078	1
2342	372	1
2093	48	1
1112	724	1
486	862	1
2958	1056	1
2586	1209	1
1600	73	1
735	752	1
2407	828	1
2273	1510	1
1740	973	1
164	472	1
1062	745	1
2541	1461	1
1284	1297	1
940	282	1
2194	1692	1
2718	241	1
1425	1130	1
1082	1572	1
1832	905	1
2113	944	1
115	942	1
2603	1757	1
1263	1572	1
2656	1828	1
2994	1509	1
239	1359	1
657	263	1
1545	1172	1
2228	822	1
2259	1043	1
75	1890	1
2295	319	1
2565	1709	1
2653	1849	1
145	394	1
1464	1354	1
1769	1208	1
2398	1070	1
1561	957	1
505	802	1
720	939	1
2765	1681	1
1999	519	1
1981	473	1
2582	1989	1
1619	1436	1
885	1940	1
171	273	1
1906	291	1
703	676	1
821	1725	1
1557	47	1
648	895	1
2622	1516	1
644	1562	1
1950	1246	1
1066	1350	1
1019	1043	1
675	1722	1
2093	1878	1
406	130	1
2941	1564	1
1877	842	1
2204	1185	1
1621	1057	1
1799	1047	1
473	896	1
94	381	1
497	793	1
2507	1967	1
1233	1453	1
1511	1480	1
555	1114	1
2629	1379	1
1817	495	1
494	1565	1
2387	1559	1
2250	745	1
558	731	1
2198	901	1
2375	1528	1
1280	1614	1
1306	923	1
2325	380	1
572	1522	1
2339	1311	1
2426	1564	1
2446	1029	1
1717	551	1
1304	119	1
840	1158	1
726	287	1
2844	1383	1
1657	646	1
1656	1093	1
114	580	1
458	1018	1
2174	1016	1
1303	93	1
2094	383	1
2187	1447	1
2583	1532	1
1462	692	1
1840	321	1
1759	1220	1
2109	1088	1
4	54	1
1194	1523	1
2487	1360	1
1540	1475	1
1221	1789	1
882	1765	1
861	1266	1
1986	1277	1
1341	934	1
1607	711	1
2962	764	1
274	305	1
323	205	1
2166	714	1
2366	1562	1
1293	1563	1
729	1192	1
591	909	1
2235	1932	1
2858	1108	1
574	1018	1
58	1926	1
1165	46	1
2074	1058	1
1022	493	1
1277	1939	1
2238	32	1
2808	1520	1
2293	1102	1
2048	182	1
1587	1574	1
1560	1605	1
228	776	1
749	1446	1
2197	1801	1
2773	974	1
2995	1406	1
934	233	1
2327	1712	1
2876	1059	1
2798	171	1
976	1627	1
2038	1610	1
2174	446	1
299	1308	1
457	592	1
1233	1620	1
1664	248	1
957	1118	1
855	1239	1
742	1391	1
1234	1037	1
256	151	1
2701	20	1
1223	20	1
782	874	1
547	808	1
1073	19	1
918	614	1
2098	487	1
906	630	1
2585	361	1
2532	1811	1
1518	339	1
2143	675	1
535	1030	1
2895	857	1
611	1895	1
917	1183	1
2831	1256	1
244	1560	1
1578	807	1
43	1025	1
1991	1339	1
1358	1385	1
2555	755	1
1902	1331	1
1290	715	1
1893	1775	1
743	229	1
2438	1864	1
2928	595	1
2598	816	1
1156	1426	1
2638	1671	1
1704	1225	1
22	638	1
847	32	1
1636	1467	1
1670	343	1
140	1610	1
2340	299	1
2178	1068	1
315	1130	1
1474	1567	1
1003	468	1
2289	1945	1
172	1945	1
1382	1169	1
2164	589	1
1503	982	1
2457	650	1
1593	820	1
307	1962	1
2294	1941	1
343	944	1
1661	1289	1
2078	1850	1
84	317	1
1070	1884	1
2168	1339	1
1421	590	1
2328	1515	1
938	83	1
1094	366	1
742	1081	1
2183	1348	1
2685	342	1
2056	972	1
572	1486	1
930	1099	1
1871	1782	1
1230	272	1
297	1549	1
2255	783	1
2731	612	1
21	716	1
407	741	1
780	124	1
1490	1538	1
1992	1149	1
1839	1934	1
813	691	1
1652	1646	1
354	1017	1
2356	117	1
2739	756	1
2451	823	1
2364	1327	1
1289	998	1
1091	948	1
932	1978	1
1798	517	1
631	1314	1
1809	781	1
922	1331	1
1368	1562	1
335	836	1
1650	1170	1
1851	779	1
1329	219	1
2546	836	1
1106	1976	1
270	145	1
1917	6	1
448	1011	1
1971	1067	1
2156	218	1
2421	52	1
226	892	1
34	603	1
2216	1958	1
196	806	1
1874	1338	1
2948	402	1
2585	1721	1
120	242	1
947	1337	1
165	237	1
327	1634	1
685	725	1
996	106	1
1911	1836	1
2966	461	1
2497	868	1
1564	1586	1
218	84	1
2728	1649	1
2733	1462	1
317	659	1
762	1549	1
1442	139	1
2871	822	1
2801	882	1
902	667	1
1232	1776	1
2075	339	1
434	1735	1
2943	543	1
2871	1540	1
1102	1616	1
1692	1942	1
2516	1864	1
299	268	1
447	1590	1
1929	1205	1
1670	1959	1
1000	1951	1
688	504	1
1474	177	1
1447	1342	1
1596	21	1
2608	754	1
2174	1018	1
903	1963	1
2831	184	1
278	622	1
249	626	1
962	1411	1
1698	532	1
1042	23	1
1622	190	1
2972	1162	1
2457	1646	1
1696	711	1
2561	1691	1
1858	1280	1
265	1281	1
2704	1708	1
2382	1485	1
2577	937	1
2580	1535	1
2294	1294	1
2338	1696	1
161	1596	1
2966	637	1
479	146	1
573	694	1
26	469	1
2989	415	1
2897	86	1
2083	1223	1
379	129	1
618	461	1
1743	1555	1
2070	1633	1
2339	531	1
1995	46	1
600	1731	1
2505	1430	1
2207	1505	1
1169	446	1
1193	309	1
455	15	1
66	1481	1
453	1389	1
537	694	1
2008	1423	1
2765	1107	1
2504	127	1
443	142	1
2891	738	1
669	1195	1
728	443	1
2828	758	1
984	1350	1
2792	124	1
1351	1314	1
73	1243	1
1548	1305	1
2556	1980	1
2568	1058	1
341	1399	1
2725	1039	1
349	1747	1
2293	1022	1
2689	315	1
12	568	1
2295	1035	1
2001	1052	1
1064	980	1
2681	1603	1
2467	1341	1
374	1533	1
2557	1453	1
1896	180	1
53	261	1
1729	725	1
235	832	1
1312	523	1
2774	1348	1
132	492	1
326	1139	1
2524	511	1
2747	1348	1
1432	382	1
1162	914	1
807	759	1
1577	1334	1
753	1284	1
316	1112	1
2138	1669	1
2745	264	1
724	1741	1
1651	1562	1
1434	1196	1
1076	1066	1
1201	71	1
747	1001	1
2560	84	1
2361	1071	1
2433	714	1
2697	541	1
2552	245	1
1467	529	1
2521	1313	1
1144	1967	1
787	1392	1
2140	1836	1
1308	826	1
1834	765	1
2862	1626	1
678	737	1
678	857	1
933	1251	1
465	711	1
1491	1320	1
2886	632	1
2608	381	1
1394	1184	1
2740	129	1
148	633	1
281	569	1
397	1135	1
1123	448	1
254	1977	1
2025	1383	1
2892	1200	1
1756	1678	1
2149	682	1
2259	1822	1
438	1382	1
1887	245	1
279	870	1
2271	1284	1
978	1796	1
2955	24	1
2599	42	1
403	487	1
2142	310	1
2540	1432	1
187	1985	1
1038	810	1
2157	173	1
2221	1815	1
1557	539	1
1352	902	1
2645	1649	1
2412	54	1
2271	1985	1
1004	428	1
592	93	1
2875	207	1
2048	1193	1
645	631	1
915	1729	1
2737	1819	1
329	1745	1
1889	888	1
1642	246	1
1675	1454	1
1261	1503	1
1769	1076	1
1462	891	1
661	25	1
1572	1113	1
2328	1353	1
2647	1166	1
234	175	1
2707	1064	1
2861	1682	1
50	629	1
767	1792	1
1104	1784	1
1217	841	1
1440	1586	1
1380	1638	1
231	998	1
2315	1432	1
2617	97	1
1399	927	1
792	383	1
2979	1972	1
939	1046	1
2854	867	1
2805	123	1
1238	1880	1
1862	1901	1
1382	865	1
2287	1398	1
1513	59	1
2060	1757	1
1197	1977	1
580	341	1
949	1094	1
2837	349	1
1218	205	1
1461	1542	1
257	109	1
1699	1071	1
32	1831	1
2825	1154	1
1653	298	1
1533	456	1
394	1736	1
2735	1396	1
228	499	1
164	1426	1
954	548	1
33	283	1
1739	1190	1
1318	616	1
876	1371	1
1175	1594	1
2844	1258	1
1372	349	1
2135	222	1
576	169	1
1434	883	1
2030	893	1
2630	1147	1
2793	134	1
373	541	1
972	511	1
757	1973	1
290	1658	1
2980	56	1
2219	1164	1
598	251	1
1320	214	1
1402	1091	1
1579	859	1
1735	738	1
2531	1934	1
2872	679	1
2276	1064	1
2389	1561	1
943	919	1
1131	531	1
222	1825	1
1995	1553	1
837	191	1
2430	187	1
1758	1808	1
1320	417	1
633	928	1
94	1142	1
2102	1528	1
79	437	1
86	1531	1
1892	899	1
2181	1514	1
699	281	1
1666	1329	1
471	297	1
2992	1653	1
1864	290	1
2337	1995	1
2800	1235	1
639	920	1
303	1679	1
448	1809	1
1490	1743	1
1607	1972	1
1605	184	1
1029	730	1
520	1162	1
800	980	1
161	1258	1
2168	1841	1
2384	379	1
1153	1410	1
1641	936	1
482	529	1
2008	1443	1
215	1284	1
2877	25	1
2058	1942	1
550	1564	1
2217	1869	1
71	1954	1
2886	1235	1
742	1388	1
2223	348	1
1324	1992	1
739	964	1
1345	1930	1
33	540	1
2082	603	1
1771	1886	1
2039	1320	1
959	538	1
144	1473	1
2894	1159	1
2428	1151	1
1173	1818	1
1619	877	1
1630	1024	1
2071	908	1
517	315	1
2636	619	1
2022	944	1
2934	925	1
269	98	1
2777	1186	1
49	39	1
848	1680	1
832	516	1
280	1504	1
1056	307	1
2830	732	1
2027	1444	1
1029	586	1
1528	1297	1
1789	1296	1
298	456	1
2062	1176	1
160	1032	1
91	1928	1
837	830	1
569	731	1
1724	1523	1
2614	1903	1
1202	1236	1
2981	1168	1
2530	172	1
1112	1670	1
319	89	1
2707	435	1
973	1398	1
2841	1167	1
299	897	1
2762	1366	1
894	1934	1
2860	697	1
2892	1075	1
1338	1831	1
951	598	1
1002	978	1
1395	1669	1
441	12	1
1776	544	1
2047	890	1
2393	1106	1
2223	1951	1
2723	1403	1
1050	737	1
2883	261	1
208	952	1
868	1136	1
1697	1798	1
252	1787	1
990	1138	1
518	1579	1
1438	1280	1
1268	605	1
698	1571	1
718	1821	1
948	1465	1
2304	668	1
491	618	1
1355	1157	1
1394	1416	1
1562	421	1
2120	116	1
304	1825	1
576	1735	1
1297	28	1
1629	423	1
521	1605	1
2869	1676	1
442	293	1
2978	382	1
2806	1392	1
1172	534	1
935	1264	1
1223	1766	1
872	4	1
1504	584	1
1566	1046	1
1122	53	1
2442	1643	1
2738	975	1
2315	441	1
2181	1098	1
196	1155	1
2066	921	1
1709	135	1
517	771	1
1317	166	1
1097	1386	1
2300	1411	1
910	1774	1
441	919	1
2327	618	1
1538	360	1
2800	262	1
1446	1198	1
2413	51	1
744	1571	1
1071	1909	1
717	686	1
1792	1390	1
2140	304	1
2236	1498	1
2904	1878	1
2047	1754	1
2522	1312	1
1226	1219	1
2091	1211	1
2397	1880	1
2705	1285	1
1526	785	1
1884	735	1
292	864	1
2634	1994	1
275	1242	1
1733	1066	1
1804	1503	1
1133	1443	1
2993	817	1
659	947	1
886	1609	1
252	1878	1
2064	1322	1
2692	1574	1
800	1872	1
18	928	1
2810	1333	1
2618	92	1
334	1686	1
2405	349	1
44	365	1
2819	19	1
1507	402	1
1047	946	1
1725	244	1
764	1820	1
108	702	1
796	1952	1
314	228	1
122	76	1
1632	13	1
154	1742	1
2572	386	1
300	1228	1
2120	1268	1
1862	310	1
1100	1646	1
1063	141	1
1711	250	1
1356	1845	1
2583	1885	1
226	1691	1
622	1258	1
344	522	1
541	1425	1
2568	1698	1
6	636	1
1300	705	1
2389	1443	1
46	407	1
2971	1289	1
768	231	1
1118	510	1
1320	1840	1
624	1349	1
2363	719	1
58	230	1
2284	1754	1
2734	394	1
1725	1830	1
39	344	1
443	1517	1
2838	1168	1
1243	705	1
885	1986	1
2607	1271	1
1654	1013	1
2217	1566	1
2960	697	1
1183	628	1
1898	324	1
883	151	1
1625	1174	1
132	625	1
2953	1868	1
601	132	1
759	773	1
852	1559	1
204	1599	1
1289	165	1
835	1695	1
2190	259	1
94	287	1
1336	1743	1
620	402	1
2935	1207	1
585	1391	1
2229	366	1
433	435	1
1128	1557	1
137	1923	1
2027	820	1
222	941	1
2234	200	1
881	1355	1
1636	562	1
2571	1303	1
1660	975	1
2006	727	1
693	1511	1
2744	1956	1
2299	1857	1
2829	19	1
1522	1923	1
616	1207	1
198	102	1
2110	362	1
2499	743	1
462	1886	1
2288	648	1
2511	1801	1
464	1311	1
263	1271	1
939	795	1
1378	1349	1
2384	750	1
427	122	1
233	1138	1
939	289	1
2282	590	1
1727	1437	1
2056	1356	1
1213	306	1
1439	616	1
974	804	1
1420	1323	1
2094	370	1
1654	1964	1
2710	1843	1
2395	998	1
2698	1076	1
372	808	1
1573	1616	1
2405	559	1
2400	1518	1
93	858	1
1195	1035	1
2508	1086	1
2396	154	1
1886	1880	1
146	1559	1
2492	1593	1
1328	1857	1
2242	378	1
2484	1346	1
420	1129	1
1461	1439	1
1076	1968	1
1378	396	1
1433	772	1
1660	441	1
168	1201	1
2077	1634	1
2017	1763	1
2840	262	1
1782	650	1
1763	660	1
2328	459	1
1768	1370	1
1983	766	1
2330	1957	1
2415	1353	1
47	1952	1
2472	1406	1
416	340	1
2482	1232	1
1790	1246	1
312	762	1
1058	809	1
874	804	1
1694	772	1
1272	974	1
1914	335	1
2294	938	1
299	314	1
473	207	1
378	1874	1
2429	801	1
1275	262	1
446	580	1
1669	1622	1
40	200	1
192	994	1
1605	1882	1
25	1589	1
1714	927	1
2082	1634	1
134	142	1
2079	1095	1
1864	782	1
1832	1919	1
1395	1891	1
2877	210	1
2809	740	1
303	664	1
815	1314	1
1574	14	1
1572	42	1
2576	303	1
2781	714	1
2928	1062	1
207	161	1
1574	1890	1
287	568	1
1572	527	1
2277	702	1
447	173	1
782	1482	1
421	1818	1
685	1384	1
2725	1284	1
2387	643	1
1709	1863	1
1863	1494	1
700	1517	1
904	1346	1
2869	1171	1
2534	1857	1
1182	424	1
1737	555	1
1688	258	1
1454	1644	1
2697	878	1
734	1711	1
457	245	1
1545	114	1
1462	1518	1
1442	730	1
1135	1942	1
880	13	1
1972	1137	1
1669	1831	1
601	711	1
1769	864	1
1127	493	1
173	1825	1
1847	1340	1
1712	140	1
284	1180	1
1911	923	1
204	1960	1
2885	1812	1
1088	1130	1
1255	495	1
1244	1410	1
810	1914	1
2167	1053	1
2144	1449	1
1531	678	1
1572	804	1
2047	705	1
454	1366	1
1516	185	1
14	1266	1
2796	1382	1
1112	383	1
2616	605	1
1277	374	1
2484	458	1
63	138	1
1212	859	1
2276	657	1
1140	1331	1
2284	1892	1
1516	1448	1
1690	666	1
1594	1973	1
1613	139	1
1666	357	1
955	1701	1
1470	1313	1
1172	151	1
2816	651	1
2382	823	1
172	310	1
2961	1732	1
185	1500	1
2975	1970	1
2006	1387	1
2475	994	1
861	175	1
369	1046	1
1000	598	1
1585	1603	1
2361	744	1
766	943	1
2912	1612	1
948	1791	1
1110	887	1
972	1773	1
1388	952	1
2444	660	1
1504	997	1
1538	322	1
1243	716	1
737	931	1
210	1949	1
1391	99	1
1598	780	1
1535	987	1
493	605	1
2707	1992	1
2880	862	1
1103	1920	1
358	1350	1
2868	1282	1
2948	674	1
1177	321	1
570	97	1
2323	1292	1
1118	1632	1
1534	549	1
2046	1972	1
202	1457	1
1125	1084	1
2062	1315	1
1897	1171	1
457	523	1
1623	1705	1
2678	647	1
2757	808	1
2223	892	1
1873	650	1
1257	15	1
2012	160	1
1490	1645	1
2636	1382	1
767	317	1
1750	993	1
1150	1452	1
1933	112	1
2230	1174	1
2962	1429	1
2332	1911	1
2857	1930	1
1863	890	1
2281	532	1
2677	45	1
2319	1569	1
824	1365	1
2486	1504	1
265	1352	1
2575	28	1
598	151	1
771	914	1
1693	362	1
2076	765	1
1004	463	1
2796	1973	1
1822	174	1
459	1090	1
1827	545	1
1965	42	1
1065	1132	1
347	1308	1
2455	874	1
1086	1506	1
1045	259	1
1587	1640	1
1491	430	1
2856	336	1
812	1706	1
131	1672	1
1021	490	1
2904	664	1
1761	969	1
2458	1358	1
897	1748	1
919	1455	1
2979	1866	1
1495	480	1
2709	1040	1
2000	31	1
1642	942	1
1059	1970	1
2224	1986	1
2656	1327	1
1519	636	1
174	1414	1
204	669	1
127	1906	1
2351	280	1
1997	214	1
910	1178	1
1103	510	1
526	577	1
1495	1268	1
1284	347	1
2957	273	1
2659	1902	1
661	1655	1
250	111	1
1522	82	1
1536	121	1
2666	1630	1
39	652	1
208	446	1
2185	538	1
2691	641	1
2925	25	1
1387	1897	1
2440	1102	1
53	1242	1
1627	408	1
251	258	1
1034	358	1
2572	1002	1
2547	1622	1
427	266	1
1749	1637	1
2522	350	1
2387	224	1
200	749	1
2313	719	1
2085	565	1
2989	1589	1
155	1340	1
2879	258	1
2370	243	1
1491	1125	1
2955	966	1
1581	1646	1
2686	1783	1
768	1484	1
399	1615	1
652	825	1
362	1499	1
957	870	1
666	288	1
215	1414	1
6	859	1
2117	842	1
1543	342	1
68	833	1
670	1781	1
1934	1755	1
1183	7	1
1347	371	1
1996	887	1
342	1019	1
2029	697	1
2853	1654	1
246	1308	1
671	971	1
1985	1636	1
1104	1657	1
2479	1319	1
1020	111	1
202	1767	1
917	1426	1
1837	1422	1
2119	515	1
1318	1516	1
35	224	1
1567	987	1
922	327	1
2640	1330	1
1336	1409	1
627	1942	1
2364	1782	1
2556	21	1
1391	1086	1
438	494	1
1384	1905	1
2138	605	1
2167	477	1
149	668	1
2851	28	1
285	1062	1
77	30	1
1972	891	1
248	465	1
2269	288	1
1930	839	1
70	742	1
963	586	1
2906	405	1
1193	1412	1
1758	891	1
1870	282	1
1783	1483	1
2711	1434	1
2766	1830	1
1519	198	1
2866	133	1
724	1783	1
769	1568	1
1946	429	1
2825	156	1
850	1154	1
1748	395	1
1415	586	1
1299	1543	1
788	1873	1
2974	1767	1
1319	1240	1
2485	910	1
2451	1479	1
2605	1002	1
2031	1606	1
674	1073	1
1002	864	1
2151	1747	1
2843	1419	1
833	1867	1
1631	1384	1
2761	943	1
2980	1780	1
1039	889	1
2038	1506	1
528	1672	1
231	372	1
1546	344	1
2954	827	1
2168	75	1
1452	790	1
1722	1620	1
1157	452	1
2681	896	1
2980	477	1
1987	1072	1
262	1205	1
1393	1204	1
2479	86	1
1138	123	1
565	937	1
2023	578	1
2716	530	1
1386	1746	1
2677	1575	1
2313	24	1
1593	1148	1
1390	1035	1
854	200	1
777	1224	1
460	1651	1
2689	157	1
2848	1833	1
1909	1425	1
2117	1182	1
212	638	1
2134	1007	1
1948	990	1
1098	63	1
32	538	1
2116	1121	1
2868	617	1
2116	831	1
1405	1406	1
844	497	1
2994	1006	1
2054	651	1
1800	1888	1
1631	1884	1
1865	1405	1
2414	312	1
326	839	1
359	280	1
1161	1682	1
682	1062	1
2978	1000	1
2522	820	1
2485	1283	1
1150	1420	1
220	1739	1
2593	1632	1
113	267	1
2355	1144	1
642	1847	1
330	1092	1
1699	871	1
2481	1836	1
1214	1924	1
849	1168	1
2926	1358	1
910	766	1
2940	885	1
2209	858	1
1894	875	1
2066	380	1
1926	1094	1
1095	653	1
37	958	1
1489	1746	1
231	434	1
253	1208	1
2380	444	1
793	702	1
1725	643	1
1257	1028	1
2297	569	1
2008	355	1
2711	1250	1
1309	268	1
2301	299	1
974	291	1
20	727	1
2682	100	1
2572	1697	1
2260	763	1
10	198	1
2725	97	1
1727	1995	1
2644	312	1
186	1803	1
1532	159	1
1023	1912	1
371	377	1
269	633	1
1687	1805	1
265	425	1
613	1392	1
2913	670	1
1882	728	1
231	726	1
770	422	1
1203	1944	1
259	508	1
2996	1725	1
1859	1080	1
387	1456	1
2818	4	1
1128	1007	1
749	1895	1
1705	1806	1
2907	1613	1
1973	426	1
2620	521	1
1397	857	1
1764	1071	1
2429	1037	1
2765	476	1
1249	1770	1
2708	1133	1
2927	794	1
1265	437	1
823	578	1
719	1032	1
607	1134	1
1045	1535	1
1361	1126	1
2892	1242	1
1590	297	1
2134	142	1
1176	1005	1
2917	1627	1
2377	1025	1
412	1005	1
1134	1153	1
1904	1584	1
599	353	1
906	1387	1
1129	449	1
450	994	1
1338	617	1
2009	1712	1
678	825	1
2477	326	1
61	43	1
560	1200	1
1213	303	1
2961	1577	1
716	1234	1
2371	617	1
1519	1687	1
2467	558	1
1287	251	1
487	864	1
2076	1291	1
832	739	1
130	1786	1
2207	1326	1
439	1347	1
1757	1	1
1635	1176	1
61	145	1
990	934	1
1119	1527	1
2602	885	1
647	205	1
1617	1836	1
2722	732	1
413	1752	1
457	1478	1
1457	218	1
2547	1824	1
1553	1276	1
1468	828	1
2938	471	1
1445	678	1
1389	1826	1
1593	1685	1
2479	1127	1
2198	950	1
2177	483	1
1026	353	1
1459	1082	1
2001	1117	1
2159	1001	1
270	340	1
2845	759	1
2701	1125	1
2830	1421	1
570	1773	1
1096	270	1
47	1880	1
1929	974	1
410	1317	1
2905	1869	1
700	1231	1
599	911	1
2953	1684	1
2454	189	1
1673	119	1
2151	1838	1
1446	646	1
335	1297	1
2488	496	1
1339	1838	1
387	465	1
1695	890	1
2513	1368	1
624	1278	1
2737	798	1
1508	1479	1
302	1033	1
667	1201	1
489	84	1
414	782	1
2302	239	1
405	1519	1
401	1828	1
385	781	1
1364	1986	1
333	1401	1
2131	151	1
2539	28	1
2165	1209	1
810	1196	1
408	1031	1
611	151	1
2737	1907	1
2505	1663	1
242	472	1
974	1727	1
727	1830	1
1774	1522	1
495	1465	1
1705	1148	1
720	1995	1
2878	1214	1
2673	1314	1
449	1961	1
2678	1577	1
2255	805	1
1328	1769	1
498	1224	1
2930	989	1
1675	124	1
1475	896	1
354	100	1
1816	306	1
531	1056	1
395	103	1
18	569	1
1860	1469	1
563	247	1
2625	642	1
551	3	1
1658	336	1
2365	464	1
2667	1577	1
1300	509	1
2316	332	1
1681	341	1
2766	1962	1
2292	1721	1
1956	621	1
2666	737	1
2200	305	1
950	451	1
1058	917	1
2901	549	1
885	643	1
2613	649	1
144	708	1
336	340	1
2959	959	1
788	352	1
1156	1963	1
1189	1852	1
996	811	1
582	1259	1
1968	71	1
2598	1372	1
1738	1197	1
1551	349	1
1222	1527	1
324	1790	1
1786	1911	1
1211	258	1
567	133	1
157	293	1
1729	275	1
1736	1296	1
1733	874	1
1697	1105	1
1134	18	1
1808	1496	1
1178	678	1
1712	1103	1
2901	1515	1
1761	1073	1
2383	972	1
628	1181	1
2436	500	1
928	1981	1
609	1667	1
1732	1491	1
486	493	1
467	1441	1
1805	1623	1
2661	449	1
2796	1809	1
1082	1476	1
1254	771	1
2693	970	1
1880	384	1
2422	73	1
1597	1906	1
349	989	1
1984	1870	1
2496	231	1
558	138	1
1	285	1
721	886	1
1907	1062	1
851	796	1
2714	707	1
437	1571	1
2468	308	1
622	620	1
2545	888	1
355	1705	1
1171	68	1
2724	763	1
760	650	1
252	1005	1
1721	1427	1
818	1314	1
2492	1915	1
1366	909	1
165	302	1
162	973	1
1615	1892	1
849	1902	1
1115	1127	1
2758	1158	1
1805	999	1
121	418	1
596	1781	1
2099	1183	1
966	1103	1
158	856	1
1457	1989	1
2370	744	1
2603	345	1
351	773	1
859	1408	1
429	1406	1
2306	569	1
1073	1410	1
1054	1358	1
1822	549	1
1099	1552	1
755	141	1
1480	1292	1
582	1309	1
1121	996	1
533	558	1
1363	493	1
1940	1185	1
1059	508	1
1249	1939	1
2436	843	1
1502	1291	1
2406	837	1
528	1640	1
938	241	1
81	1946	1
1755	1550	1
2378	202	1
1374	1045	1
1911	1208	1
2633	1486	1
981	1990	1
618	331	1
1780	1345	1
2129	1242	1
2505	1434	1
292	1557	1
738	1208	1
2062	1570	1
1647	749	1
2	435	1
2412	1650	1
79	1338	1
2548	482	1
1962	663	1
2965	1023	1
804	1328	1
2728	1191	1
2075	500	1
1950	92	1
896	695	1
2367	38	1
753	444	1
1511	1910	1
349	218	1
593	429	1
2528	533	1
492	1961	1
2962	898	1
2344	1052	1
632	1648	1
1310	1545	1
1553	1571	1
1595	1223	1
1887	335	1
586	745	1
1631	89	1
2939	952	1
2585	1973	1
732	1093	1
871	847	1
896	1023	1
764	153	1
892	1126	1
2070	989	1
5	588	1
1063	94	1
2967	467	1
1759	489	1
1882	472	1
2667	424	1
710	1030	1
637	1575	1
1312	1403	1
1333	1665	1
2226	969	1
653	104	1
491	1980	1
1271	1861	1
2177	1555	1
442	1977	1
550	1754	1
1476	1092	1
1656	1994	1
2968	1562	1
556	611	1
113	1304	1
1778	1967	1
2947	410	1
2962	85	1
517	1223	1
1505	1322	1
461	725	1
402	785	1
2383	342	1
1769	1277	1
1553	184	1
225	1883	1
2605	752	1
1647	1021	1
2012	1092	1
775	1433	1
676	1394	1
1046	550	1
988	1282	1
656	1565	1
987	993	1
1216	336	1
1509	952	1
2964	284	1
1678	251	1
2246	903	1
258	1943	1
1938	1416	1
1621	1704	1
1580	1130	1
2183	337	1
1036	1330	1
489	286	1
1223	762	1
1439	1172	1
907	1977	1
450	1400	1
26	65	1
1339	1839	1
1615	1283	1
1843	538	1
1507	539	1
1443	826	1
386	820	1
1118	68	1
995	1690	1
417	1239	1
2093	158	1
756	587	1
1669	302	1
400	567	1
49	1524	1
918	283	1
2152	551	1
1321	1472	1
516	689	1
2621	934	1
1643	1542	1
2268	157	1
1652	552	1
1153	546	1
289	68	1
1800	316	1
906	1541	1
444	1086	1
2437	1213	1
562	1700	1
2976	351	1
2762	919	1
1612	894	1
1158	516	1
1868	1336	1
760	1355	1
1225	574	1
1564	1329	1
2226	443	1
138	660	1
2415	1539	1
1288	1766	1
2123	1753	1
129	221	1
710	1512	1
1567	1574	1
414	1460	1
250	93	1
2764	838	1
123	1994	1
1816	669	1
2575	1013	1
690	649	1
1814	783	1
1915	253	1
2286	1450	1
366	1871	1
2899	1277	1
1250	1571	1
487	1751	1
403	733	1
1648	434	1
832	547	1
1245	185	1
201	516	1
1391	198	1
430	1033	1
2861	348	1
473	719	1
2034	996	1
368	1064	1
1925	778	1
1949	1411	1
779	1653	1
2673	357	1
2448	744	1
1759	1270	1
708	584	1
1209	1411	1
1091	925	1
1661	564	1
2976	213	1
1478	1739	1
2997	1658	1
924	377	1
1472	1435	1
492	162	1
858	467	1
1627	389	1
1686	1817	1
2728	694	1
428	1959	1
395	43	1
1773	124	1
1189	793	1
1127	1111	1
1549	580	1
177	980	1
1948	1904	1
1285	241	1
1530	1167	1
1390	1973	1
346	707	1
1169	1333	1
2494	1708	1
159	191	1
1346	1660	1
937	1172	1
572	819	1
1962	12	1
2518	135	1
651	970	1
786	969	1
1314	1412	1
1834	1933	1
2397	811	1
918	49	1
2378	712	1
120	430	1
1539	613	1
548	1625	1
2924	1001	1
1279	457	1
1186	349	1
1290	510	1
662	305	1
1473	217	1
1608	398	1
92	504	1
2355	1438	1
1894	829	1
1314	98	1
2922	1289	1
993	1188	1
344	1840	1
329	672	1
424	766	1
1659	334	1
1811	246	1
1803	1991	1
1520	1350	1
909	1142	1
2297	605	1
1261	1293	1
1882	1161	1
1651	1851	1
1523	474	1
2103	478	1
1716	1095	1
2562	966	1
1126	1946	1
1728	1579	1
550	1177	1
2172	1680	1
1637	1875	1
445	859	1
2004	145	1
1685	1541	1
2188	1816	1
2110	1880	1
220	25	1
2339	333	1
912	1024	1
222	1448	1
1427	1599	1
1428	1326	1
2835	14	1
2461	38	1
2100	111	1
65	994	1
217	1125	1
1429	1546	1
2506	512	1
956	628	1
1255	1744	1
421	847	1
2576	730	1
2982	1760	1
451	1985	1
362	1862	1
1475	1897	1
641	726	1
482	309	1
999	1313	1
2775	960	1
1597	38	1
2697	1372	1
40	1537	1
1941	1907	1
1284	398	1
377	1527	1
2944	1027	1
1871	1862	1
1252	458	1
2471	1732	1
2413	1238	1
2298	1833	1
1173	1053	1
1838	1679	1
1715	971	1
1513	528	1
2899	471	1
2827	631	1
2213	1531	1
2456	63	1
141	788	1
982	1741	1
2345	1118	1
1678	239	1
963	880	1
2184	1735	1
674	109	1
2137	1990	1
694	1676	1
2069	1118	1
2783	374	1
1644	252	1
619	1832	1
1796	615	1
875	802	1
275	146	1
2	588	1
1137	184	1
187	779	1
942	1293	1
100	1036	1
783	96	1
1959	1305	1
2498	568	1
1220	831	1
1161	1308	1
2290	649	1
2740	27	1
2033	159	1
2860	822	1
290	1400	1
2355	1950	1
881	1960	1
1247	453	1
2295	655	1
1766	64	1
1471	1527	1
2521	1290	1
2684	208	1
695	299	1
2061	894	1
225	239	1
969	215	1
1117	408	1
602	614	1
364	1794	1
201	863	1
2674	65	1
2002	1125	1
668	1925	1
2478	1416	1
276	495	1
2746	1767	1
1910	277	1
2205	928	1
1477	279	1
115	1428	1
1931	501	1
676	1885	1
441	1209	1
2206	1007	1
1770	750	1
281	534	1
173	1254	1
1525	1859	1
2737	127	1
1498	1737	1
1206	1284	1
2580	803	1
1034	1654	1
21	1399	1
796	1847	1
832	894	1
2809	1513	1
2527	1923	1
2543	759	1
1196	1207	1
1282	109	1
1107	1427	1
623	1212	1
724	1132	1
2923	481	1
322	1028	1
2594	99	1
2203	1320	1
1986	1003	1
2065	868	1
477	369	1
2435	1806	1
1324	1299	1
2106	1898	1
672	813	1
2813	807	1
2593	309	1
80	1848	1
361	1186	1
2902	1691	1
2060	1812	1
2463	1687	1
2431	1579	1
2497	1048	1
2480	691	1
2346	193	1
1079	46	1
484	1039	1
1311	1138	1
782	48	1
672	979	1
827	1092	1
435	1177	1
617	254	1
972	271	1
1251	832	1
183	677	1
1843	289	1
1084	484	1
2644	911	1
2952	1298	1
2520	1423	1
2639	985	1
1735	1365	1
2147	787	1
2344	917	1
955	255	1
758	860	1
200	516	1
2673	731	1
1195	1549	1
882	1908	1
1858	727	1
2162	1662	1
2930	1484	1
1255	714	1
2417	601	1
1712	845	1
2693	350	1
582	562	1
232	572	1
992	317	1
1515	1501	1
1045	1788	1
8	696	1
2211	976	1
1979	631	1
1467	1203	1
1801	751	1
1956	401	1
187	1238	1
1841	1536	1
25	1726	1
2451	543	1
1423	873	1
486	544	1
2303	1627	1
1461	415	1
2066	1638	1
1327	5	1
545	1399	1
1197	1885	1
454	451	1
906	629	1
705	86	1
2500	43	1
2212	1702	1
2253	137	1
278	1786	1
1678	42	1
2510	328	1
1639	384	1
1371	1621	1
1505	666	1
1671	690	1
1113	913	1
1165	1500	1
1205	884	1
1921	1657	1
1316	517	1
272	710	1
2369	1351	1
575	1892	1
2288	1176	1
1304	1073	1
174	941	1
850	466	1
2249	540	1
1355	1788	1
588	750	1
2308	1375	1
975	597	1
924	829	1
2717	1069	1
413	150	1
2785	595	1
805	1018	1
2554	1140	1
2238	1291	1
507	261	1
2520	1424	1
1005	1938	1
2798	913	1
361	902	1
1507	1825	1
741	1762	1
485	859	1
942	1420	1
945	1504	1
1702	962	1
817	186	1
356	471	1
2970	1951	1
737	10	1
35	313	1
2215	296	1
1402	642	1
131	1880	1
723	395	1
404	356	1
1200	808	1
2461	1320	1
2519	1537	1
646	240	1
2942	1715	1
354	876	1
634	951	1
2470	1298	1
1037	1430	1
706	1803	1
167	503	1
370	1761	1
313	1715	1
1797	51	1
1151	730	1
590	1943	1
1183	1026	1
2001	717	1
434	1139	1
2682	936	1
1343	16	1
1858	278	1
2411	108	1
968	547	1
1504	625	1
1145	1929	1
875	298	1
1732	1288	1
220	189	1
415	1198	1
1746	1793	1
1455	915	1
2722	529	1
1497	1365	1
71	1266	1
253	980	1
2320	430	1
2247	1178	1
1393	1504	1
2897	1560	1
1131	1735	1
2696	1543	1
2507	795	1
2753	1605	1
957	645	1
518	1506	1
2216	1313	1
1605	1125	1
168	1522	1
1830	1236	1
2037	831	1
2720	67	1
2005	1107	1
1640	806	1
1843	1368	1
2969	781	1
2922	506	1
2496	430	1
1127	801	1
2586	128	1
1780	1077	1
162	1251	1
2944	168	1
1793	916	1
307	1272	1
2495	1767	1
771	1216	1
1624	1000	1
1045	1579	1
2285	1146	1
2533	116	1
2003	501	1
1003	665	1
1810	739	1
1921	1766	1
2378	1034	1
1067	622	1
1587	1548	1
166	1343	1
449	557	1
2591	1678	1
403	1428	1
1561	1455	1
325	120	1
2816	431	1
2195	47	1
2066	1102	1
287	1667	1
2327	1582	1
461	1176	1
769	6	1
138	1971	1
2632	1976	1
1263	371	1
823	1035	1
578	609	1
2934	810	1
2292	1997	1
1217	1010	1
351	1699	1
1942	1889	1
2306	1916	1
119	1841	1
700	369	1
2764	606	1
2795	1814	1
1357	195	1
1955	641	1
864	738	1
2425	1465	1
855	697	1
2260	1315	1
1569	1179	1
2035	1220	1
2261	1026	1
524	756	1
1105	1664	1
1155	1742	1
962	284	1
6	1206	1
364	223	1
2205	213	1
1062	194	1
1659	1539	1
2022	1732	1
2242	120	1
2251	748	1
1066	410	1
2032	1357	1
1074	1554	1
1080	938	1
2714	1723	1
168	1646	1
801	1237	1
1643	1411	1
1624	365	1
1806	1976	1
2748	1933	1
985	580	1
788	1689	1
2062	1036	1
1240	334	1
667	613	1
2723	1729	1
175	618	1
174	873	1
2212	95	1
1828	1892	1
1958	849	1
2128	1308	1
93	1009	1
2079	703	1
742	914	1
171	1087	1
1957	522	1
2732	1464	1
1383	1479	1
2309	1146	1
1916	920	1
872	1484	1
446	664	1
2371	21	1
534	851	1
455	418	1
596	913	1
2910	1865	1
2394	163	1
241	1610	1
2569	1504	1
1370	1124	1
303	1447	1
1324	355	1
879	1216	1
2430	1210	1
2688	904	1
2588	942	1
2317	1838	1
2214	1665	1
1777	11	1
33	741	1
2632	1645	1
642	1971	1
936	277	1
523	1707	1
1634	1980	1
1432	355	1
2553	524	1
1071	839	1
300	1993	1
2779	1912	1
2285	373	1
1864	1388	1
711	855	1
1258	1356	1
2963	767	1
1002	270	1
1878	677	1
2669	408	1
1725	371	1
1889	243	1
1969	147	1
624	442	1
1856	1084	1
2723	865	1
2267	366	1
1946	1074	1
1554	1483	1
2851	1090	1
2938	1521	1
1698	749	1
190	1497	1
2201	10	1
785	1426	1
159	1758	1
903	1431	1
580	645	1
545	1246	1
2501	1514	1
1831	1342	1
241	187	1
1466	627	1
167	1	1
2050	1981	1
1005	1665	1
2954	830	1
487	1216	1
911	1581	1
2519	1665	1
957	903	1
2632	942	1
1326	1864	1
610	1575	1
963	1763	1
1027	1039	1
303	1723	1
1949	1447	1
979	999	1
2795	87	1
1781	1280	1
2528	499	1
774	531	1
2278	1046	1
1992	1736	1
340	1554	1
1416	127	1
1167	36	1
1350	267	1
501	1911	1
2957	466	1
1557	1181	1
2928	1905	1
973	506	1
2926	530	1
2835	428	1
1744	728	1
1573	1547	1
2425	1426	1
555	1134	1
2168	1506	1
2568	1108	1
1921	296	1
1780	395	1
773	898	1
7	1554	1
2942	367	1
139	1221	1
1637	814	1
1009	1427	1
2573	1303	1
2931	1599	1
2529	695	1
2179	1713	1
2696	93	1
2334	1566	1
158	1359	1
2409	1002	1
1330	184	1
1787	1960	1
143	1064	1
567	635	1
1153	1939	1
1210	565	1
2154	361	1
396	1480	1
388	1468	1
1694	522	1
2040	1817	1
1218	1341	1
1207	528	1
109	1298	1
288	186	1
2793	512	1
1	1029	1
1597	1692	1
627	930	1
2377	1255	1
1886	376	1
1715	384	1
2593	6	1
1806	138	1
2288	84	1
794	1234	1
2841	196	1
1028	193	1
1821	100	1
2672	734	1
730	1338	1
758	783	1
1910	662	1
2563	901	1
1897	1098	1
1605	1884	1
519	1476	1
1944	724	1
965	845	1
2320	1075	1
2872	477	1
2201	361	1
2053	63	1
1061	19	1
1827	474	1
658	764	1
1574	814	1
1312	898	1
2005	1997	1
2231	1839	1
2254	1452	1
300	992	1
98	331	1
2108	84	1
548	1474	1
1166	847	1
2365	629	1
176	1539	1
1667	1045	1
2401	132	1
2880	1042	1
2640	1399	1
2696	310	1
693	590	1
703	1469	1
1829	1375	1
339	206	1
403	30	1
613	1798	1
2746	241	1
1191	912	1
1101	126	1
1784	463	1
2725	410	1
949	1000	1
2906	407	1
420	1047	1
928	874	1
2395	1103	1
927	879	1
784	1776	1
183	131	1
161	50	1
2666	1988	1
2186	13	1
905	1254	1
661	1461	1
370	1483	1
2531	772	1
2059	146	1
205	506	1
2073	1497	1
2342	1867	1
1301	1030	1
1581	1145	1
483	620	1
2258	1525	1
501	1744	1
2644	1513	1
1165	681	1
1141	1106	1
383	855	1
2239	533	1
2810	183	1
2123	245	1
1412	1735	1
915	1160	1
552	853	1
2293	51	1
2744	1259	1
2299	1637	1
2125	538	1
2992	673	1
471	1627	1
1075	1659	1
620	861	1
1600	736	1
1382	336	1
2815	503	1
2782	186	1
170	522	1
1963	472	1
1397	1805	1
2977	1132	1
345	1387	1
2323	267	1
1513	1339	1
1262	1751	1
1865	1787	1
1017	1736	1
1793	1965	1
2675	1264	1
1193	126	1
1084	534	1
2697	467	1
2312	1273	1
1616	943	1
2268	859	1
1483	1486	1
2444	799	1
1581	988	1
757	123	1
655	1940	1
1065	1714	1
2359	982	1
1465	364	1
1685	1265	1
1553	377	1
413	908	1
2816	1483	1
385	931	1
2670	1745	1
589	66	1
2642	176	1
1438	1325	1
355	1012	1
2462	1022	1
1627	1021	1
2270	1949	1
2043	431	1
1075	1552	1
2847	1147	1
1437	660	1
1463	147	1
1008	804	1
611	1316	1
1663	40	1
921	502	1
254	517	1
2563	183	1
791	1667	1
1089	643	1
2575	1898	1
2001	209	1
1352	1651	1
2987	369	1
1237	1729	1
1353	25	1
2141	211	1
698	1669	1
2733	1064	1
45	1387	1
1350	1892	1
1852	909	1
1781	883	1
944	383	1
2652	577	1
1447	1106	1
2213	877	1
1672	1170	1
99	1101	1
1066	935	1
2481	1760	1
2786	119	1
1831	666	1
2689	512	1
1679	47	1
456	1402	1
947	1000	1
2597	781	1
338	767	1
71	1157	1
1485	1486	1
1644	1189	1
2331	19	1
304	669	1
2590	11	1
2551	814	1
1238	374	1
406	232	1
2911	281	1
2789	106	1
798	1959	1
134	1770	1
2818	1246	1
1109	944	1
1102	405	1
2590	1956	1
2593	1857	1
1999	240	1
1372	1305	1
1530	356	1
1196	1133	1
2542	988	1
605	459	1
2558	780	1
2240	1530	1
322	258	1
1163	429	1
1960	576	1
430	1875	1
899	820	1
1430	1974	1
452	706	1
804	1402	1
565	999	1
2947	455	1
2853	97	1
2755	580	1
2264	851	1
277	899	1
1227	1523	1
1398	954	1
1924	1521	1
775	1031	1
1072	1719	1
875	1263	1
2397	215	1
2035	666	1
972	755	1
2937	1491	1
917	952	1
1464	679	1
2608	96	1
562	1488	1
1176	1442	1
2369	1624	1
2727	610	1
1468	886	1
943	341	1
854	1855	1
974	1384	1
1135	1659	1
2572	108	1
778	656	1
2743	1349	1
1663	236	1
407	1215	1
1731	1395	1
986	1120	1
181	308	1
413	1841	1
2321	1898	1
2056	355	1
2806	1719	1
458	359	1
1742	1023	1
256	1181	1
2111	558	1
419	1333	1
957	447	1
2581	1122	1
2085	1786	1
2921	318	1
1829	748	1
306	597	1
659	368	1
2800	1624	1
478	1286	1
384	1937	1
1979	1053	1
535	1672	1
683	979	1
1516	745	1
1184	1193	1
197	171	1
131	897	1
2093	1602	1
2300	1556	1
764	242	1
762	1397	1
1131	1563	1
2017	474	1
1981	925	1
2983	868	1
867	383	1
2736	1180	1
1151	1413	1
1173	1499	1
805	954	1
2830	1132	1
1541	768	1
2613	1961	1
717	930	1
107	1425	1
1543	754	1
2093	535	1
1959	23	1
427	763	1
2735	1116	1
1585	1529	1
520	1385	1
2136	1574	1
2986	47	1
2786	563	1
336	1930	1
1282	1011	1
414	450	1
2392	1229	1
1427	461	1
1218	784	1
1511	1575	1
1651	187	1
576	986	1
2533	1842	1
2449	1301	1
274	519	1
1925	1966	1
592	1296	1
1726	1994	1
2776	502	1
2914	1657	1
1320	874	1
875	1009	1
855	155	1
766	1502	1
1646	1963	1
2255	685	1
2777	1652	1
2668	1534	1
1052	1477	1
271	1892	1
476	1880	1
425	78	1
1277	1842	1
802	1874	1
1658	1151	1
1815	1105	1
1480	1872	1
2864	1280	1
2798	623	1
474	1751	1
2705	118	1
2264	1638	1
24	132	1
1570	521	1
2537	182	1
1188	1641	1
179	270	1
2483	744	1
2483	438	1
1076	1007	1
1418	1667	1
2624	1442	1
2974	972	1
1151	1611	1
2340	1320	1
833	812	1
1628	1605	1
173	1175	1
643	1666	1
1678	342	1
881	680	1
2368	923	1
2126	227	1
987	703	1
1762	1568	1
671	543	1
1733	1519	1
1491	1124	1
700	1609	1
2475	950	1
133	395	1
2886	683	1
648	259	1
652	1964	1
390	742	1
1190	781	1
2676	464	1
2007	873	1
2409	1623	1
1896	1252	1
526	1651	1
2292	617	1
1654	1650	1
303	494	1
384	204	1
2928	1904	1
2399	820	1
477	1983	1
1356	800	1
814	527	1
2840	1661	1
45	1188	1
2115	249	1
1706	1464	1
2873	419	1
1960	412	1
114	765	1
830	197	1
1520	1487	1
1783	1587	1
1858	1951	1
417	603	1
815	227	1
2987	1350	1
2429	1158	1
2834	1447	1
1307	1662	1
2576	904	1
2750	82	1
2409	864	1
524	1656	1
1936	1659	1
2629	531	1
2147	1411	1
1575	1408	1
2467	746	1
435	1582	1
1075	1895	1
1094	1711	1
1541	1382	1
1729	1505	1
2105	537	1
1391	925	1
2698	939	1
2132	795	1
103	1339	1
638	1678	1
952	1469	1
1127	1345	1
2266	937	1
830	204	1
2642	1332	1
1933	378	1
1730	1363	1
1550	443	1
883	1686	1
2680	1674	1
1465	179	1
464	194	1
704	1578	1
824	1306	1
549	1233	1
2333	516	1
2142	1361	1
71	1323	1
2381	1657	1
643	670	1
1698	844	1
1757	406	1
1537	433	1
1853	381	1
845	873	1
2333	244	1
779	221	1
859	768	1
819	1207	1
979	670	1
1356	1430	1
2062	851	1
2961	702	1
495	1321	1
361	1615	1
1747	1649	1
1582	628	1
370	373	1
1429	1205	1
164	1247	1
586	1388	1
2392	1407	1
290	1014	1
174	1857	1
228	923	1
929	1182	1
2665	88	1
2104	971	1
2285	1457	1
1002	136	1
2044	1183	1
365	1087	1
266	1038	1
991	690	1
2406	1640	1
908	1813	1
1591	180	1
447	1928	1
2017	294	1
2589	1449	1
2437	507	1
2721	57	1
1291	9	1
2949	1670	1
1399	702	1
2521	925	1
1531	748	1
1292	1565	1
954	233	1
2566	738	1
1554	1403	1
1415	1608	1
961	303	1
1119	913	1
1742	1925	1
755	1831	1
1692	276	1
2357	233	1
1736	985	1
462	38	1
2842	1833	1
2775	1611	1
1699	1327	1
96	543	1
2108	1186	1
578	1353	1
2935	772	1
1265	1658	1
1403	1442	1
1152	628	1
2927	1427	1
900	1781	1
2572	1101	1
684	701	1
749	1681	1
564	1194	1
1555	1221	1
2763	1774	1
2824	1671	1
140	642	1
1719	1010	1
1582	865	1
2425	998	1
2908	683	1
2565	873	1
811	401	1
396	498	1
1483	696	1
2130	1576	1
1030	1288	1
50	53	1
2351	6	1
2619	491	1
2678	1140	1
651	1735	1
707	1548	1
1743	1985	1
752	1672	1
2694	572	1
23	1895	1
1634	1831	1
1579	1393	1
2444	1172	1
0	1682	1
1971	1368	1
1144	148	1
1444	679	1
267	175	1
88	1087	1
2789	851	1
961	932	1
1198	571	1
1386	1215	1
2179	1624	1
2003	1516	1
1717	577	1
894	1702	1
2998	358	1
2848	656	1
2327	1692	1
1630	1564	1
2124	266	1
2209	110	1
989	980	1
624	210	1
541	495	1
829	1651	1
425	971	1
2488	1907	1
1047	1652	1
1108	760	1
2335	1226	1
2038	2	1
2512	1863	1
2508	523	1
1143	1878	1
256	1007	1
2702	603	1
868	835	1
2711	1080	1
849	612	1
2028	499	1
2561	764	1
1268	828	1
46	1817	1
2005	942	1
572	1533	1
864	797	1
1290	681	1
2509	184	1
1149	1329	1
1549	1121	1
1614	772	1
1296	9	1
2980	581	1
492	922	1
2623	1519	1
1536	52	1
551	294	1
2418	1562	1
2791	1339	1
889	1609	1
1961	223	1
492	1666	1
13	1952	1
2090	526	1
2596	149	1
1413	1650	1
2245	1087	1
2569	973	1
931	867	1
2475	1694	1
2064	1237	1
1554	541	1
1058	564	1
1124	1660	1
1303	1059	1
175	703	1
205	408	1
1358	1969	1
1803	188	1
499	1015	1
2193	952	1
1665	1179	1
1108	1097	1
2671	1011	1
2195	9	1
2421	644	1
2996	1457	1
1233	624	1
2150	1294	1
599	1840	1
2607	1549	1
2154	146	1
2837	1011	1
2959	827	1
2026	618	1
2422	396	1
2676	1219	1
2104	1445	1
388	67	1
2174	927	1
1529	1114	1
2714	1107	1
514	1614	1
2446	1017	1
2493	295	1
988	1226	1
2064	578	1
1192	550	1
114	66	1
1129	807	1
2740	1062	1
2263	1690	1
2424	336	1
518	1702	1
1437	1584	1
1854	1025	1
1859	126	1
2165	938	1
407	711	1
2811	1484	1
2509	249	1
568	1112	1
733	1405	1
2959	1479	1
2064	368	1
593	232	1
778	1704	1
2413	366	1
2404	570	1
2246	872	1
387	1002	1
1567	787	1
2897	449	1
251	1044	1
594	1060	1
1481	1960	1
2444	1976	1
1698	66	1
1513	966	1
1693	1719	1
449	1406	1
1448	1645	1
2968	1101	1
2798	1572	1
609	531	1
1623	1650	1
2419	454	1
1576	316	1
2833	549	1
293	662	1
2356	1089	1
2253	1508	1
2565	1735	1
60	131	1
926	963	1
2257	297	1
2852	10	1
2683	1735	1
318	1753	1
1290	1292	1
2501	825	1
8	326	1
2795	1871	1
2949	1573	1
1630	1083	1
347	1565	1
2089	569	1
1641	607	1
666	956	1
2026	1622	1
1636	1005	1
1924	1949	1
2986	421	1
651	882	1
601	1367	1
927	9	1
2350	1966	1
0	1518	1
1971	1226	1
1628	1205	1
2363	455	1
348	512	1
2640	892	1
733	1818	1
1364	1492	1
245	1512	1
307	935	1
2411	60	1
2105	358	1
1190	1813	1
2159	911	1
2486	399	1
2985	1616	1
42	6	1
575	1829	1
1991	237	1
656	1393	1
629	1570	1
290	1257	1
25	1300	1
1803	1331	1
2173	1210	1
975	1285	1
1060	1352	1
535	305	1
76	103	1
1819	593	1
2359	1734	1
1133	720	1
2267	1289	1
2375	1928	1
1403	1745	1
2486	1614	1
2145	893	1
671	1684	1
604	455	1
1727	57	1
235	1000	1
1393	1893	1
1259	275	1
1136	187	1
2076	1588	1
1861	1668	1
1199	975	1
778	1407	1
1560	79	1
1896	1356	1
1702	613	1
2092	399	1
2806	559	1
2560	1982	1
2940	957	1
580	719	1
2419	1107	1
1888	395	1
2368	402	1
1290	641	1
633	122	1
1343	1814	1
683	771	1
342	493	1
838	1876	1
1880	1595	1
2956	1948	1
808	1152	1
2040	445	1
2949	699	1
2952	17	1
845	1841	1
1876	1567	1
2296	1039	1
2049	1735	1
922	1759	1
816	1633	1
1145	1356	1
1898	1611	1
173	643	1
2466	1753	1
2821	1605	1
2862	880	1
1733	1125	1
2157	1828	1
2376	437	1
1232	1055	1
738	1869	1
1832	716	1
527	197	1
2636	363	1
2407	1945	1
1299	85	1
2758	182	1
2452	82	1
2876	672	1
1274	1721	1
2581	1824	1
387	1923	1
2047	654	1
1859	1342	1
504	1343	1
321	1622	1
2928	1776	1
2674	1760	1
1013	1972	1
517	492	1
2745	1051	1
2298	1550	1
742	918	1
1894	85	1
2822	1612	1
2156	1835	1
2797	1562	1
2517	1490	1
867	271	1
2613	595	1
663	1241	1
1700	1753	1
309	1800	1
758	918	1
2366	875	1
2930	1465	1
2972	1775	1
2306	251	1
1301	639	1
703	1569	1
2969	667	1
120	81	1
2928	766	1
1867	1239	1
2621	1613	1
1920	1350	1
2616	875	1
2521	376	1
36	1393	1
2465	1846	1
2479	360	1
673	285	1
2144	1165	1
856	1219	1
1398	1418	1
682	383	1
2841	272	1
857	1984	1
2244	1762	1
2119	449	1
2295	1512	1
1760	1476	1
1858	318	1
2630	36	1
2850	1952	1
508	212	1
2166	1388	1
66	1951	1
1765	1710	1
593	570	1
393	931	1
2667	1172	1
1801	319	1
531	210	1
2087	1820	1
2716	617	1
1472	1737	1
1525	1227	1
41	1312	1
1137	1899	1
1311	302	1
2784	315	1
1261	566	1
2484	1750	1
2904	595	1
58	1330	1
1504	734	1
160	1093	1
838	974	1
2690	1737	1
2417	1033	1
1506	1692	1
1014	567	1
1518	1651	1
510	1262	1
2266	178	1
2570	1564	1
1721	760	1
1023	1081	1
205	972	1
677	225	1
1045	1912	1
949	342	1
45	1782	1
673	1860	1
1275	1723	1
1824	276	1
733	232	1
722	767	1
460	1089	1
2755	1539	1
610	980	1
2735	1685	1
935	1518	1
1631	1696	1
2951	347	1
690	424	1
2647	509	1
1911	929	1
945	1772	1
1753	852	1
2364	880	1
1687	581	1
2817	538	1
1432	1971	1
2379	1678	1
712	1715	1
836	165	1
1989	1683	1
1635	1804	1
2474	56	1
1935	1235	1
1876	60	1
2680	590	1
253	465	1
2422	650	1
2693	587	1
1562	440	1
1676	1767	1
1560	1228	1
1592	1605	1
2425	796	1
1715	1007	1
2952	1112	1
225	1586	1
440	669	1
2654	1462	1
2864	158	1
1166	1984	1
2712	1318	1
1193	1540	1
1626	1939	1
2879	70	1
765	944	1
988	1561	1
2700	1761	1
555	613	1
991	1962	1
2074	1071	1
675	1269	1
1502	1981	1
276	722	1
2481	171	1
93	167	1
1531	1338	1
2884	1965	1
112	1364	1
2038	776	1
853	11	1
1148	451	1
2770	253	1
732	312	1
2786	1460	1
1870	1165	1
743	159	1
2515	1897	1
2187	1896	1
2260	129	1
2052	643	1
263	920	1
2823	238	1
591	231	1
699	556	1
670	1288	1
2254	1459	1
2276	1874	1
1511	1856	1
1155	801	1
530	1733	1
1857	776	1
135	791	1
1936	611	1
2903	1136	1
1596	1845	1
937	274	1
53	500	1
2982	22	1
1270	1671	1
49	1902	1
2423	735	1
2461	373	1
12	1494	1
1397	1782	1
862	548	1
2415	609	1
269	590	1
968	1950	1
1575	1340	1
112	683	1
312	547	1
420	440	1
497	249	1
433	730	1
583	380	1
2699	1397	1
2978	54	1
1626	4	1
1179	838	1
932	882	1
1278	687	1
704	1975	1
1895	1234	1
2318	285	1
2385	1379	1
2896	881	1
2050	1845	1
2743	1687	1
661	1865	1
258	174	1
2341	1419	1
1640	1029	1
2487	247	1
372	1640	1
2254	1457	1
1789	761	1
2595	1634	1
421	924	1
2216	764	1
219	629	1
1241	1001	1
1244	1831	1
2400	1894	1
1549	1682	1
1299	1502	1
2724	122	1
2939	1272	1
1035	424	1
520	841	1
2925	1489	1
1673	331	1
993	801	1
1727	509	1
1815	653	1
754	1914	1
2900	984	1
2108	265	1
439	1124	1
817	1000	1
845	459	1
557	1909	1
1405	584	1
1813	1298	1
2862	435	1
2994	528	1
1724	962	1
1526	1805	1
221	887	1
2687	100	1
1071	13	1
663	671	1
1054	1767	1
2095	1765	1
420	1476	1
608	1253	1
968	1172	1
2735	200	1
1030	1571	1
488	947	1
2778	685	1
1618	783	1
813	1410	1
470	695	1
224	835	1
2441	1163	1
1645	1123	1
984	433	1
2540	1901	1
1366	161	1
2163	1613	1
1326	205	1
924	1311	1
1308	227	1
390	142	1
1651	468	1
278	1903	1
1159	293	1
2521	1620	1
573	303	1
2020	1615	1
1662	1669	1
1517	489	1
2198	1039	1
26	1277	1
2880	1305	1
105	756	1
493	1714	1
1254	867	1
1968	69	1
139	889	1
50	1652	1
2848	249	1
1645	383	1
2999	605	1
2641	390	1
1892	1788	1
1356	504	1
1612	1959	1
711	76	1
1711	943	1
2513	840	1
630	1736	1
1739	86	1
24	947	1
2989	491	1
316	932	1
2688	1500	1
2659	393	1
995	1360	1
495	1449	1
744	1326	1
1939	1218	1
1578	867	1
1525	739	1
2081	678	1
644	1020	1
2243	1297	1
2063	1619	1
2995	1323	1
1590	1896	1
677	1228	1
2468	1403	1
2928	863	1
246	566	1
2099	342	1
917	1039	1
357	448	1
461	552	1
2963	61	1
1912	1594	1
11	1355	1
2946	1905	1
2635	1589	1
1980	1017	1
2768	50	1
736	87	1
2723	216	1
858	629	1
2055	1778	1
248	548	1
2190	1417	1
753	92	1
2043	798	1
2007	110	1
2627	1658	1
54	1351	1
406	1408	1
1785	886	1
2575	1780	1
1687	907	1
390	1751	1
464	47	1
1762	1215	1
652	1564	1
1082	1162	1
2019	448	1
1179	1427	1
518	548	1
27	821	1
2139	1864	1
1112	1860	1
2254	282	1
1913	844	1
353	1993	1
589	1944	1
1483	85	1
81	1200	1
2090	88	1
2211	466	1
1012	1541	1
2029	987	1
1712	550	1
1051	322	1
1793	1834	1
2316	906	1
110	1859	1
1278	727	1
1115	1157	1
496	1070	1
2600	1882	1
2610	1095	1
587	258	1
896	285	1
484	151	1
1056	784	1
2781	511	1
284	1682	1
2303	1722	1
432	1039	1
2668	1071	1
1192	463	1
851	1926	1
2191	1567	1
435	462	1
2520	106	1
578	825	1
1630	319	1
1721	522	1
1240	1301	1
2607	931	1
2102	348	1
409	1489	1
150	861	1
2131	567	1
2580	344	1
2185	1696	1
1728	152	1
1617	1604	1
1796	1752	1
1485	1461	1
2705	1176	1
417	1035	1
62	574	1
1955	396	1
1010	1406	1
2219	122	1
25	114	1
2870	603	1
1307	1857	1
1769	524	1
449	101	1
2230	607	1
1278	455	1
396	257	1
277	1410	1
1271	1094	1
323	1889	1
749	1856	1
1842	1881	1
1269	72	1
2185	1909	1
2604	735	1
1642	1163	1
2581	1732	1
1699	1669	1
1229	182	1
2866	1757	1
1892	1368	1
404	32	1
1313	98	1
2064	871	1
2287	970	1
455	112	1
1623	1533	1
208	408	1
2902	999	1
313	1202	1
147	642	1
639	547	1
2466	1159	1
1967	986	1
2704	805	1
1981	1698	1
2272	270	1
1838	1865	1
937	1450	1
2153	883	1
2581	149	1
598	459	1
2715	1310	1
1036	1709	1
587	897	1
2319	124	1
2528	355	1
391	119	1
1488	517	1
1176	1930	1
2032	483	1
2974	1292	1
52	1498	1
2155	798	1
2567	1390	1
468	498	1
1901	657	1
256	133	1
2917	1382	1
1273	1660	1
464	1174	1
2333	58	1
1596	358	1
133	456	1
823	120	1
1872	297	1
2349	1417	1
1790	1486	1
2089	271	1
1495	1633	1
1964	560	1
1826	504	1
2020	1738	1
660	310	1
1305	1818	1
916	715	1
859	1927	1
1496	995	1
440	1243	1
1356	1071	1
113	330	1
2592	927	1
1641	1676	1
1935	1366	1
2224	1183	1
1323	538	1
97	1902	1
1154	1942	1
2877	505	1
919	1659	1
108	1201	1
1067	1154	1
1847	17	1
563	519	1
895	1736	1
773	823	1
1808	615	1
124	1999	1
1356	701	1
344	1913	1
1636	1565	1
932	332	1
2538	1878	1
1773	163	1
163	1317	1
2244	963	1
2403	869	1
829	881	1
43	1990	1
942	787	1
475	1406	1
105	442	1
1326	1911	1
403	275	1
1080	102	1
1062	1241	1
1383	838	1
711	1887	1
2852	1266	1
461	1519	1
213	1859	1
291	1666	1
535	454	1
783	713	1
1705	1715	1
1153	847	1
944	644	1
1669	341	1
1794	1487	1
1103	1808	1
1870	1766	1
2780	895	1
2576	1148	1
765	1361	1
2986	1901	1
66	270	1
2549	1480	1
1983	1607	1
1654	306	1
2414	197	1
1818	1541	1
1036	1415	1
2047	641	1
1116	784	1
2596	144	1
2572	304	1
376	965	1
724	1837	1
2586	1995	1
2811	1139	1
2297	593	1
444	187	1
2651	1238	1
546	596	1
1664	719	1
2608	466	1
1170	333	1
556	957	1
596	439	1
2345	1286	1
641	1936	1
726	1370	1
1994	211	1
2794	1059	1
1425	429	1
2827	1427	1
2189	1622	1
431	589	1
1060	621	1
61	823	1
2278	1128	1
1276	1905	1
207	1155	1
2107	1969	1
2131	313	1
2107	1892	1
2639	1067	1
87	1593	1
2763	1495	1
550	1055	1
305	1910	1
1392	1113	1
385	283	1
2161	114	1
240	704	1
1214	1193	1
2466	1184	1
1481	123	1
195	261	1
2923	573	1
2128	566	1
1285	1960	1
2611	317	1
1358	986	1
981	135	1
223	1502	1
348	1413	1
2327	1709	1
187	1642	1
456	182	1
1772	1901	1
2654	1608	1
1471	129	1
506	173	1
1262	1343	1
1543	1390	1
1418	286	1
1710	556	1
2000	1371	1
208	778	1
2229	26	1
2382	1138	1
2847	1376	1
419	539	1
2951	1540	1
2181	560	1
2980	799	1
868	211	1
1240	124	1
1324	1755	1
2845	91	1
534	1938	1
1156	651	1
2024	1842	1
915	702	1
638	758	1
2711	1885	1
460	1144	1
680	1252	1
2532	1236	1
2247	1308	1
357	1816	1
1280	1298	1
1877	1062	1
734	753	1
2987	5	1
1606	712	1
162	475	1
2603	360	1
1830	713	1
533	301	1
430	1603	1
1957	1637	1
483	1630	1
1999	560	1
2569	892	1
2103	1090	1
837	1463	1
1938	524	1
2399	808	1
1582	1183	1
1326	832	1
1613	1177	1
438	290	1
1419	1777	1
1643	431	1
267	153	1
113	1339	1
2528	843	1
1349	1766	1
2405	1215	1
149	525	1
1943	875	1
2469	652	1
188	1599	1
2390	1037	1
2102	148	1
1011	1108	1
1167	1805	1
2954	24	1
8	33	1
2049	261	1
1940	1020	1
621	1128	1
379	1862	1
2491	1196	1
1739	761	1
2429	114	1
967	662	1
1958	683	1
296	740	1
2143	1852	1
105	679	1
1635	1752	1
2700	513	1
1228	907	1
303	460	1
1231	1815	1
1030	1311	1
2172	966	1
1159	1526	1
2782	1557	1
604	1306	1
224	1261	1
102	583	1
347	1203	1
1000	1815	1
921	358	1
632	1653	1
1579	1253	1
1109	1175	1
895	520	1
2867	529	1
1368	1236	1
1	501	1
1034	1995	1
295	1400	1
2677	177	1
2048	27	1
329	164	1
1711	1725	1
1314	1712	1
2167	1894	1
2687	321	1
2971	1991	1
2953	709	1
1221	1821	1
2875	1333	1
418	184	1
2744	708	1
378	1876	1
1593	1243	1
2016	204	1
539	671	1
991	1410	1
635	467	1
145	745	1
2093	359	1
1804	109	1
1684	801	1
229	1368	1
1841	333	1
1134	953	1
2750	756	1
1150	1902	1
2395	1722	1
2388	225	1
520	1061	1
2013	983	1
779	293	1
145	1373	1
1308	661	1
2872	1770	1
1792	1708	1
1767	772	1
265	541	1
186	1957	1
191	1894	1
2732	1869	1
2187	1322	1
2856	461	1
2920	1638	1
2651	563	1
893	916	1
2415	1883	1
2663	339	1
1318	1355	1
2808	1198	1
2773	1087	1
2789	1240	1
185	1863	1
981	938	1
2	1516	1
2374	1763	1
1250	1866	1
952	936	1
2037	1403	1
814	1374	1
1016	1927	1
1081	273	1
686	1645	1
147	1736	1
1788	1730	1
1707	798	1
1897	1487	1
208	1941	1
2821	1561	1
1652	885	1
799	13	1
105	1358	1
2384	1639	1
2561	225	1
2804	1608	1
2124	1976	1
367	986	1
73	1922	1
1081	195	1
1949	1238	1
1329	1370	1
2411	1956	1
822	309	1
1174	153	1
760	1791	1
977	1802	1
448	1171	1
810	373	1
243	285	1
2096	1912	1
1993	1217	1
2631	1095	1
306	1818	1
1277	1392	1
2205	88	1
2147	210	1
1858	242	1
2349	1094	1
2536	821	1
2325	1298	1
785	836	1
2418	1760	1
189	1826	1
1459	1189	1
1584	1468	1
1294	1258	1
132	466	1
2174	341	1
2636	1659	1
2028	1271	1
2396	1390	1
497	340	1
603	1939	1
1986	696	1
1170	1134	1
1162	687	1
21	1395	1
804	631	1
2442	862	1
2416	1008	1
1360	1895	1
781	1988	1
1768	1347	1
1732	324	1
1944	964	1
2654	124	1
2585	1817	1
1472	148	1
2993	942	1
1777	83	1
1449	499	1
787	1861	1
1812	464	1
1101	185	1
2316	1797	1
1317	1840	1
1274	1143	1
2763	623	1
2552	1406	1
98	148	1
1876	1489	1
1023	1525	1
428	1150	1
1066	597	1
186	1754	1
67	186	1
1443	1099	1
2603	1887	1
766	1686	1
2949	1745	1
1617	987	1
1161	1232	1
1442	1985	1
301	996	1
2985	1225	1
2777	1817	1
890	409	1
770	1524	1
2739	1939	1
1147	279	1
2738	1083	1
281	1409	1
352	1348	1
2743	853	1
501	1772	1
1198	1775	1
2168	1001	1
2152	1722	1
958	506	1
1359	788	1
316	1910	1
2962	1929	1
648	722	1
2173	572	1
76	1764	1
2198	449	1
2019	1878	1
190	1638	1
2024	1295	1
190	472	1
789	974	1
915	638	1
1544	1864	1
390	945	1
2012	1657	1
1171	1732	1
1684	1566	1
1536	471	1
2177	1389	1
2692	492	1
759	1397	1
2057	1893	1
1871	1840	1
1827	146	1
160	263	1
996	1486	1
839	81	1
1354	1522	1
505	264	1
681	1506	1
858	1904	1
2848	1392	1
1298	1087	1
1411	585	1
2448	892	1
1798	1412	1
696	1837	1
34	1043	1
1976	1283	1
2787	610	1
405	1077	1
1438	232	1
564	240	1
16	1354	1
1282	1299	1
2187	367	1
2820	846	1
2741	572	1
121	183	1
700	1201	1
2339	401	1
2128	724	1
1481	1326	1
1654	968	1
2403	1716	1
1149	1136	1
2345	1119	1
2338	244	1
671	1222	1
2463	1970	1
2152	696	1
2531	210	1
1149	1983	1
549	1222	1
2354	1837	1
725	671	1
1232	765	1
2797	704	1
1245	791	1
98	1291	1
2853	167	1
1491	1003	1
2169	1266	1
281	1673	1
298	105	1
490	1861	1
412	19	1
194	372	1
711	358	1
2584	1069	1
1682	1918	1
118	1267	1
2918	1422	1
244	1521	1
2424	1811	1
1205	160	1
2934	1767	1
2170	267	1
1254	1040	1
883	1953	1
1193	1307	1
45	207	1
1049	1016	1
1139	412	1
1262	1275	1
1822	816	1
1815	1314	1
266	839	1
666	621	1
2791	1540	1
2606	1951	1
724	1825	1
2716	1804	1
1978	239	1
2761	1830	1
746	238	1
2622	620	1
2423	1596	1
1876	652	1
1782	1016	1
2919	1227	1
1447	1329	1
1499	918	1
1408	384	1
979	1471	1
2660	1189	1
1154	1173	1
1065	176	1
60	1591	1
2054	1375	1
454	1193	1
1248	838	1
2335	1988	1
2331	1828	1
1017	1414	1
606	739	1
2873	384	1
1506	1248	1
757	1313	1
172	1810	1
291	820	1
2453	1423	1
2668	176	1
719	526	1
2366	1605	1
2807	793	1
808	847	1
1404	411	1
2556	1923	1
2223	1252	1
1890	1374	1
1862	573	1
225	1080	1
306	559	1
1543	88	1
923	1225	1
1619	1386	1
2384	898	1
2504	603	1
1120	1736	1
2309	892	1
74	711	1
120	732	1
2556	1643	1
2090	1756	1
2192	1239	1
458	1015	1
2127	1352	1
1389	941	1
2893	1422	1
1819	478	1
38	1988	1
1023	1579	1
1632	1317	1
2024	1141	1
641	800	1
2703	336	1
264	203	1
993	1755	1
1131	651	1
1979	557	1
2788	1315	1
2797	1608	1
1225	1757	1
1670	296	1
2348	555	1
309	279	1
540	78	1
779	846	1
1751	1602	1
2585	1164	1
2272	1397	1
263	625	1
2501	117	1
1877	177	1
2482	1775	1
1696	986	1
1033	444	1
2218	552	1
2376	328	1
1989	1385	1
2886	682	1
1496	922	1
1976	1094	1
724	1251	1
124	1770	1
1874	1473	1
196	1703	1
336	168	1
1822	817	1
157	377	1
744	1471	1
862	504	1
669	224	1
604	914	1
1188	964	1
1734	1307	1
1711	1089	1
2919	500	1
1856	1272	1
2122	1946	1
649	1807	1
1750	165	1
2915	1276	1
476	313	1
2287	1711	1
2377	512	1
2973	1371	1
948	837	1
1547	1342	1
1157	1177	1
2524	1057	1
2033	1457	1
1519	1550	1
2524	1909	1
1453	1945	1
2283	96	1
2900	1920	1
2647	1707	1
652	174	1
2378	1167	1
2631	977	1
2264	1378	1
1596	1793	1
407	304	1
1168	207	1
1210	938	1
2533	1890	1
1887	1083	1
2057	787	1
1929	1918	1
54	262	1
2588	1701	1
1263	611	1
2158	286	1
266	406	1
1229	1721	1
1564	883	1
372	184	1
2351	372	1
1774	408	1
1217	540	1
449	135	1
1381	374	1
1540	866	1
2478	529	1
331	1283	1
2253	1545	1
718	1073	1
2849	1014	1
2929	659	1
41	228	1
2051	108	1
2725	725	1
1595	117	1
2115	1413	1
2357	568	1
419	1746	1
2432	1593	1
2079	1594	1
1306	1003	1
699	1252	1
2092	1514	1
1747	1826	1
2865	1664	1
1686	1813	1
1760	1980	1
2687	740	1
2071	1188	1
405	862	1
2012	64	1
2990	939	1
2502	1926	1
626	1892	1
647	936	1
1337	1090	1
815	77	1
1460	1711	1
2730	191	1
111	189	1
822	139	1
680	1885	1
2146	1663	1
1857	490	1
2567	1795	1
1913	1328	1
2270	418	1
1780	789	1
2034	130	1
174	1033	1
2290	1448	1
1545	80	1
1300	116	1
763	1709	1
2763	1490	1
334	1529	1
681	1489	1
874	110	1
311	1643	1
610	1076	1
816	738	1
2395	1832	1
2923	1539	1
717	1112	1
458	15	1
263	700	1
2581	1199	1
1164	1858	1
2264	431	1
2737	870	1
2284	1266	1
1163	543	1
1745	999	1
2764	1090	1
424	312	1
844	1401	1
711	1870	1
755	1912	1
991	941	1
884	633	1
445	929	1
739	743	1
1931	827	1
1696	1477	1
1960	1559	1
1127	1217	1
2824	1469	1
1699	1686	1
202	1534	1
81	776	1
1944	249	1
1883	475	1
2073	1595	1
1580	417	1
1693	441	1
681	1888	1
2320	972	1
2531	805	1
1946	1473	1
2882	281	1
1312	277	1
1476	1890	1
788	1375	1
2342	394	1
1364	312	1
486	587	1
2125	532	1
1121	1796	1
2400	1209	1
2557	1658	1
793	1204	1
2363	1524	1
1097	532	1
744	1697	1
1248	1334	1
2280	1256	1
2677	1607	1
1777	754	1
108	577	1
2004	1255	1
33	1195	1
475	1176	1
729	618	1
1452	1482	1
727	1674	1
563	951	1
1459	1883	1
837	772	1
2173	1710	1
1192	460	1
409	1861	1
710	1095	1
1072	1468	1
739	1642	1
186	631	1
2464	1656	1
588	1321	1
1433	83	1
89	796	1
1094	88	1
488	1188	1
433	987	1
706	794	1
1007	292	1
635	417	1
1663	620	1
11	704	1
179	419	1
2033	1557	1
952	436	1
2980	1416	1
2632	829	1
1920	1868	1
1463	1405	1
648	732	1
1645	531	1
2741	941	1
1670	1778	1
2817	1254	1
294	827	1
2117	1199	1
2778	1242	1
514	76	1
2520	721	1
2864	914	1
1399	1987	1
436	878	1
1522	761	1
1956	280	1
192	1900	1
1632	285	1
2735	1184	1
2205	1516	1
188	1987	1
2476	1324	1
2670	1931	1
1381	439	1
1342	1742	1
2017	458	1
2597	189	1
2241	283	1
1341	819	1
1442	326	1
1772	1342	1
34	307	1
2792	1462	1
1426	415	1
415	1534	1
2278	995	1
2203	745	1
506	634	1
2227	1194	1
889	770	1
1653	401	1
894	1418	1
768	65	1
1687	506	1
2692	502	1
2612	1906	1
1904	1802	1
1634	1736	1
2279	446	1
538	767	1
736	1960	1
1900	1062	1
1424	1998	1
2310	1239	1
2338	764	1
1366	1673	1
2831	1671	1
1613	1904	1
674	1514	1
2845	4	1
1704	1631	1
1240	788	1
805	201	1
152	831	1
1464	1468	1
341	974	1
2167	1005	1
2830	575	1
2378	139	1
2237	605	1
619	708	1
45	611	1
2701	1469	1
2712	1817	1
355	1851	1
1783	1144	1
113	1638	1
2190	1310	1
997	517	1
1007	1086	1
1343	979	1
207	258	1
1505	359	1
2701	1410	1
2118	913	1
1871	1072	1
1240	69	1
1799	1170	1
666	688	1
2355	1702	1
2739	652	1
1410	1454	1
1773	958	1
980	358	1
381	455	1
1349	1717	1
1423	1571	1
1472	535	1
1340	1669	1
2013	1162	1
2143	971	1
1918	327	1
1873	1878	1
1582	705	1
1330	1481	1
778	1865	1
535	923	1
1804	445	1
100	714	1
1116	1175	1
2129	874	1
283	1947	1
513	605	1
310	1582	1
1095	303	1
565	75	1
793	105	1
2830	1393	1
481	1988	1
2072	290	1
396	1611	1
1836	497	1
203	476	1
2231	204	1
185	860	1
15	740	1
1502	736	1
1623	155	1
2210	471	1
1833	902	1
2510	31	1
2548	79	1
2963	1251	1
2364	1421	1
1628	1787	1
790	1085	1
605	248	1
2446	1661	1
1510	1172	1
2134	1249	1
2891	1860	1
2663	268	1
201	1486	1
317	1166	1
1603	410	1
989	941	1
565	1932	1
1913	637	1
1190	759	1
1499	1654	1
2764	793	1
197	277	1
790	1141	1
1654	1512	1
1908	1594	1
337	1630	1
267	836	1
1962	1882	1
2971	1234	1
1235	1279	1
834	940	1
2712	497	1
2766	1373	1
985	661	1
1419	1025	1
390	1404	1
932	389	1
2497	972	1
395	683	1
1850	419	1
975	270	1
6	919	1
2842	1071	1
239	498	1
852	1928	1
1948	1288	1
1709	1638	1
2160	80	1
1568	484	1
1535	1027	1
1719	184	1
212	1185	1
734	307	1
1675	161	1
1696	634	1
413	564	1
271	541	1
2236	1525	1
447	418	1
2329	315	1
2326	698	1
2088	259	1
2974	791	1
2808	1721	1
1890	682	1
909	866	1
2984	1521	1
101	1423	1
681	282	1
376	1068	1
408	453	1
1817	804	1
2246	962	1
2801	1100	1
2157	1812	1
1328	182	1
1754	1827	1
2919	1585	1
1546	528	1
1752	712	1
746	1487	1
553	175	1
754	365	1
1434	1799	1
2096	315	1
1765	349	1
794	84	1
847	1806	1
2427	1351	1
2411	1494	1
2358	9	1
803	779	1
2087	992	1
2312	1466	1
2605	1049	1
622	334	1
945	109	1
2289	420	1
294	1771	1
1242	207	1
2982	351	1
988	203	1
1340	1589	1
886	1983	1
2784	628	1
784	1609	1
2365	1752	1
1152	1087	1
1469	797	1
1107	263	1
2149	1396	1
2084	125	1
204	2	1
2112	259	1
2333	501	1
2639	54	1
411	1974	1
2435	876	1
2703	822	1
1524	756	1
41	890	1
2850	336	1
296	384	1
2747	1517	1
151	776	1
843	908	1
2841	1752	1
2544	782	1
2509	1917	1
1430	671	1
1985	1024	1
1120	933	1
2894	1744	1
542	1070	1
374	1903	1
2748	509	1
1804	1481	1
183	856	1
2335	1506	1
1849	351	1
1433	1353	1
2209	1213	1
1299	93	1
767	386	1
603	1457	1
2060	901	1
2602	611	1
340	726	1
422	499	1
2115	970	1
2460	1804	1
1669	1380	1
2875	695	1
887	1296	1
2902	819	1
1464	314	1
445	1651	1
185	151	1
2354	1703	1
1359	304	1
1701	290	1
1964	1019	1
2992	1976	1
751	390	1
2514	1596	1
1123	1222	1
1555	928	1
427	1662	1
324	354	1
1159	678	1
2880	727	1
2278	1363	1
1559	974	1
2828	395	1
277	591	1
2794	1297	1
873	1862	1
1079	1731	1
950	188	1
1401	1049	1
2713	1278	1
2916	242	1
934	1202	1
2765	871	1
813	421	1
898	1439	1
593	53	1
999	976	1
183	1671	1
2325	781	1
2043	1992	1
1888	836	1
63	1314	1
2334	136	1
2658	1428	1
1869	1189	1
945	1890	1
671	1048	1
1025	1620	1
2264	753	1
2450	9	1
111	1732	1
2323	639	1
1552	1193	1
618	1452	1
891	1117	1
2818	1526	1
2697	302	1
2703	1837	1
2935	870	1
901	1619	1
2845	455	1
63	120	1
2157	197	1
2271	46	1
1349	1401	1
619	1940	1
228	177	1
371	1647	1
2604	196	1
1041	1716	1
93	53	1
2577	1434	1
1331	524	1
2483	1956	1
129	124	1
1337	431	1
1312	1548	1
96	810	1
847	1969	1
2324	1506	1
1918	1945	1
70	1493	1
2926	1425	1
2067	15	1
1015	1724	1
778	1830	1
1903	900	1
181	165	1
2156	1291	1
1848	691	1
2521	1052	1
759	1857	1
1737	1626	1
1279	861	1
877	1815	1
2877	221	1
455	1725	1
2135	365	1
1956	739	1
2262	1453	1
411	1735	1
2617	117	1
2114	87	1
1545	1824	1
1923	1574	1
1233	134	1
1712	1747	1
722	1619	1
490	1334	1
761	469	1
594	1096	1
2884	1565	1
2939	1195	1
2264	102	1
1969	1834	1
1153	800	1
282	1380	1
1011	1693	1
2440	667	1
943	1566	1
93	1195	1
1389	922	1
2114	295	1
2685	85	1
1160	1302	1
1585	1031	1
447	1133	1
2841	1911	1
1031	823	1
2247	1627	1
1646	726	1
893	429	1
335	1668	1
2012	744	1
637	1788	1
430	661	1
275	754	1
293	516	1
1673	669	1
1812	1543	1
608	1284	1
2167	1396	1
2870	781	1
1244	1533	1
930	845	1
1640	1762	1
1304	691	1
564	1106	1
2829	1553	1
1570	1569	1
1242	363	1
803	1823	1
2066	787	1
1111	1881	1
1113	1809	1
1119	783	1
1111	1791	1
72	1764	1
1309	44	1
545	1489	1
2657	1115	1
1512	516	1
760	1827	1
249	1093	1
1416	1426	1
174	1627	1
101	500	1
1267	286	1
1005	1584	1
2641	1282	1
387	1260	1
1249	1051	1
1766	1788	1
893	1647	1
127	1268	1
776	1672	1
1242	971	1
2303	451	1
701	1087	1
2330	1303	1
2766	1822	1
2315	1518	1
369	154	1
1782	1528	1
584	1305	1
232	806	1
1211	1434	1
2743	1519	1
829	1380	1
882	685	1
363	850	1
2933	424	1
653	199	1
2283	1422	1
989	1713	1
2594	909	1
725	1067	1
852	1514	1
399	1585	1
2884	414	1
1309	1503	1
313	308	1
2337	284	1
1884	1409	1
552	1168	1
1131	355	1
2608	1439	1
2373	1065	1
346	323	1
747	420	1
2627	227	1
1025	1485	1
912	188	1
289	1372	1
2988	470	1
1265	307	1
1486	1862	1
321	311	1
870	1768	1
1145	160	1
1571	171	1
2418	703	1
1411	1093	1
1305	1275	1
2406	1443	1
1379	1297	1
348	1207	1
2973	858	1
1700	1736	1
2873	21	1
1438	1260	1
836	1330	1
1347	1389	1
2949	619	1
2726	1333	1
845	1112	1
2201	1827	1
1646	91	1
2646	1198	1
441	441	1
2655	130	1
2999	1265	1
2301	327	1
1843	1431	1
356	271	1
2133	258	1
2484	184	1
2327	622	1
1729	1262	1
2438	673	1
1630	1873	1
1778	159	1
1624	1135	1
1403	1133	1
770	492	1
540	587	1
1701	1888	1
1018	420	1
703	967	1
2160	1430	1
1378	454	1
2063	1129	1
1248	1976	1
1093	947	1
103	219	1
2941	1899	1
1036	1317	1
1166	1811	1
2460	1563	1
2433	1519	1
1106	1322	1
2919	879	1
2894	1184	1
2749	836	1
463	1765	1
2269	565	1
2456	157	1
2204	1070	1
1719	476	1
2760	1474	1
2537	125	1
768	1082	1
2842	392	1
458	1026	1
2399	293	1
2827	1918	1
1097	1679	1
2900	1129	1
797	427	1
560	680	1
2053	1685	1
2791	484	1
1198	209	1
1251	1536	1
2529	312	1
2272	1908	1
1775	851	1
591	1875	1
1487	631	1
764	159	1
1426	364	1
1740	155	1
42	1687	1
2308	1117	1
582	1560	1
706	1914	1
2050	1752	1
708	1322	1
2614	197	1
818	1877	1
2244	803	1
1379	4	1
1833	1276	1
2808	1261	1
2149	735	1
898	1224	1
2155	955	1
1623	1681	1
1900	503	1
997	1539	1
29	435	1
1713	593	1
1042	335	1
2232	963	1
2432	57	1
354	1864	1
1615	695	1
95	488	1
194	338	1
1511	1208	1
326	600	1
714	1786	1
812	777	1
448	322	1
2345	1569	1
804	535	1
1981	1796	1
2249	687	1
1301	210	1
80	1169	1
1956	241	1
1319	552	1
2186	577	1
2695	1669	1
1945	674	1
1131	1213	1
2798	833	1
1728	1144	1
523	1472	1
1307	1941	1
1367	422	1
198	945	1
1967	1844	1
1483	1338	1
2005	908	1
2919	1723	1
180	851	1
2816	941	1
1440	733	1
2261	926	1
1720	262	1
887	275	1
1051	1743	1
2495	1352	1
2078	440	1
773	1794	1
1776	776	1
2750	593	1
1650	1179	1
2105	297	1
1848	1821	1
2169	1880	1
641	1260	1
85	1983	1
2523	625	1
385	1202	1
1467	909	1
2497	786	1
1236	1705	1
246	1207	1
2697	1612	1
523	1348	1
1504	1129	1
2139	1591	1
2318	1835	1
1173	768	1
502	682	1
2991	131	1
2461	1285	1
133	1367	1
2720	1550	1
2857	1280	1
2344	157	1
190	1102	1
1130	726	1
1280	761	1
2454	1539	1
760	566	1
839	1439	1
251	1428	1
1615	1551	1
1871	57	1
1408	236	1
290	1655	1
925	1710	1
863	1457	1
892	1489	1
586	85	1
1663	1951	1
1082	1776	1
561	1723	1
2366	1414	1
2551	1995	1
367	1933	1
98	1272	1
1052	522	1
117	73	1
952	591	1
1959	1433	1
1658	1162	1
1312	493	1
2026	1330	1
2494	836	1
1845	348	1
1795	1060	1
411	581	1
713	1712	1
2146	1106	1
37	788	1
2854	1322	1
2641	1103	1
1940	1025	1
1936	1149	1
2331	1339	1
2528	273	1
176	921	1
1229	408	1
1306	735	1
2051	1	1
2367	289	1
2507	1327	1
496	745	1
2191	1800	1
1417	1556	1
677	38	1
2281	1616	1
2382	202	1
196	1094	1
2374	1955	1
1051	753	1
629	1265	1
710	1918	1
2197	1558	1
229	1249	1
239	1730	1
1742	54	1
118	880	1
1933	303	1
1886	765	1
815	1387	1
352	1159	1
1064	322	1
383	795	1
1023	463	1
517	1265	1
2782	234	1
989	33	1
68	681	1
1829	1221	1
1244	1701	1
1895	1505	1
2985	796	1
2331	967	1
1731	796	1
688	5	1
1785	1126	1
488	1087	1
166	1408	1
1993	817	1
2114	1755	1
2025	1462	1
533	920	1
1599	552	1
1836	111	1
1000	911	1
88	378	1
950	63	1
2067	373	1
129	1612	1
733	1029	1
581	73	1
1646	551	1
667	972	1
1323	261	1
2280	1161	1
23	1304	1
2943	155	1
2965	1511	1
1147	1725	1
2737	188	1
381	76	1
380	1435	1
1804	142	1
2981	544	1
783	1317	1
1231	89	1
1130	405	1
1468	930	1
2733	1510	1
1791	1568	1
1400	1233	1
1512	1105	1
1764	1040	1
463	692	1
1416	1606	1
2042	1353	1
2759	691	1
1968	1826	1
702	1306	1
662	970	1
224	1655	1
843	1156	1
1202	1170	1
1151	1570	1
2667	18	1
838	948	1
764	46	1
2391	580	1
2428	962	1
991	876	1
668	34	1
2840	1992	1
2872	1227	1
2310	730	1
1814	1294	1
282	1762	1
2529	709	1
1332	606	1
1617	543	1
2776	1718	1
25	1001	1
775	286	1
2147	1954	1
1681	447	1
2510	609	1
828	1028	1
1991	1069	1
2801	1266	1
925	1346	1
2868	40	1
2177	1129	1
807	101	1
1861	1943	1
1910	805	1
2515	102	1
634	1812	1
1566	1643	1
516	305	1
539	686	1
2534	182	1
12	1806	1
2803	1037	1
1692	1304	1
2776	1982	1
290	329	1
2347	1730	1
2264	325	1
295	1111	1
317	1375	1
2545	1488	1
72	1639	1
1576	601	1
1073	138	1
2254	164	1
2585	1395	1
771	720	1
1909	1831	1
805	50	1
2301	1498	1
2414	620	1
1957	567	1
936	1639	1
221	1436	1
2401	1531	1
552	722	1
2692	1657	1
2370	1860	1
2216	1681	1
1452	509	1
2508	1897	1
1187	236	1
2388	253	1
617	337	1
185	1576	1
606	1136	1
463	1179	1
1241	1190	1
2449	1682	1
1680	1523	1
671	764	1
663	1055	1
2498	1703	1
2986	335	1
2704	350	1
2506	1756	1
1263	385	1
1387	851	1
1551	841	1
444	1990	1
2178	1179	1
2868	112	1
670	1840	1
196	1357	1
488	1038	1
1108	1909	1
969	1669	1
2328	1145	1
967	592	1
1259	834	1
1226	1402	1
2888	296	1
303	190	1
606	484	1
57	1006	1
56	1262	1
36	1564	1
2976	1372	1
315	706	1
2379	1449	1
48	1574	1
1292	1584	1
2527	924	1
2488	1944	1
537	482	1
1640	711	1
2114	1376	1
58	1896	1
2191	1071	1
980	1966	1
202	167	1
469	161	1
1185	585	1
2548	1163	1
2421	1746	1
429	841	1
80	115	1
2259	866	1
525	1939	1
1130	1915	1
2045	613	1
734	240	1
1832	1262	1
1555	1534	1
1450	875	1
2897	1292	1
1517	1874	1
984	879	1
2969	1608	1
1451	232	1
271	1280	1
2069	1897	1
2326	86	1
1845	523	1
439	1902	1
2503	1100	1
2061	1996	1
2962	1085	1
2615	304	1
2125	1842	1
886	852	1
2727	928	1
1091	506	1
1205	258	1
1215	1894	1
2138	649	1
2752	995	1
2740	1674	1
1862	461	1
1116	981	1
1620	723	1
1158	1158	1
2946	1285	1
2188	1215	1
1905	340	1
2283	303	1
2507	989	1
1206	1399	1
365	628	1
2162	75	1
1413	108	1
1992	1407	1
1198	1917	1
1248	423	1
1044	1476	1
232	529	1
908	1402	1
2513	69	1
1676	555	1
2866	376	1
2739	824	1
2563	1454	1
2889	1677	1
2083	1534	1
2527	46	1
128	1109	1
1502	1720	1
1322	406	1
2599	1745	1
647	440	1
918	926	1
1497	626	1
885	427	1
715	18	1
1199	1805	1
383	277	1
2493	1545	1
828	1944	1
1772	1006	1
983	924	1
248	606	1
2647	663	1
922	640	1
1061	265	1
2170	445	1
2046	623	1
1801	283	1
1604	612	1
2662	733	1
811	471	1
733	1890	1
1783	1180	1
471	453	1
119	458	1
2487	1697	1
1449	1698	1
1634	760	1
2503	427	1
2363	242	1
2791	142	1
1624	794	1
2273	909	1
94	534	1
1126	1935	1
764	1664	1
1404	1716	1
773	1662	1
154	1187	1
2354	452	1
1076	1154	1
11	804	1
1405	1872	1
2895	1261	1
992	1350	1
1948	179	1
455	246	1
2286	1968	1
1569	416	1
1398	107	1
1599	1430	1
104	1083	1
899	1094	1
1381	1836	1
1230	1852	1
2948	795	1
2219	279	1
1942	1838	1
1909	1920	1
1024	1718	1
857	60	1
2015	959	1
2652	1051	1
783	1928	1
725	276	1
1386	220	1
2160	796	1
1983	1468	1
95	418	1
1381	405	1
968	29	1
1868	363	1
1616	1491	1
1154	1943	1
1082	807	1
1973	1403	1
549	953	1
928	1441	1
534	895	1
1499	1307	1
2246	833	1
2043	596	1
584	831	1
579	1641	1
614	1697	1
606	1929	1
747	186	1
2557	1225	1
1636	374	1
262	368	1
1031	1422	1
2903	61	1
2200	1259	1
2771	1181	1
937	1895	1
1393	982	1
1407	1926	1
1852	1139	1
1994	1066	1
1245	56	1
2971	676	1
1267	202	1
1728	1510	1
762	1083	1
1964	129	1
588	1284	1
1716	986	1
935	353	1
2089	516	1
1380	1121	1
1912	931	1
1178	420	1
298	1838	1
954	1169	1
1828	662	1
691	56	1
2899	955	1
1791	522	1
341	1269	1
2628	432	1
128	1384	1
2127	956	1
913	1340	1
1474	617	1
1896	1923	1
730	23	1
989	8	1
2294	1900	1
2380	392	1
1977	383	1
1707	774	1
1345	120	1
1385	504	1
1106	908	1
1121	704	1
1084	645	1
499	1325	1
2381	1100	1
2501	1853	1
136	678	1
2778	1558	1
534	1864	1
2323	1138	1
1743	1137	1
120	1200	1
1468	1290	1
1128	1509	1
1804	158	1
1818	90	1
414	303	1
1166	1695	1
2084	1488	1
2442	1425	1
1381	1320	1
1514	1207	1
2829	40	1
412	873	1
199	931	1
1462	1838	1
1539	242	1
1519	612	1
2769	1630	1
2800	866	1
1349	1950	1
579	1650	1
278	1783	1
1083	890	1
834	1157	1
183	849	1
1567	1200	1
2667	578	1
2339	35	1
653	1323	1
1610	593	1
1484	1100	1
422	1494	1
2131	1598	1
632	501	1
568	969	1
1393	1599	1
1121	992	1
2828	1917	1
1714	539	1
1206	1684	1
2307	1739	1
2847	962	1
2479	1745	1
2471	1686	1
180	1344	1
2075	1822	1
2089	1261	1
871	597	1
2278	1796	1
745	336	1
1759	1589	1
1176	288	1
2623	373	1
1332	540	1
1080	1804	1
2919	1759	1
262	906	1
1963	1965	1
880	623	1
742	1076	1
1838	28	1
1470	1475	1
1583	1585	1
1657	1608	1
20	546	1
490	921	1
796	1144	1
310	385	1
2979	407	1
1240	62	1
2420	243	1
1516	1045	1
2988	1177	1
471	156	1
2896	930	1
609	1472	1
1107	188	1
2548	923	1
2173	130	1
2702	1932	1
2049	1817	1
1400	845	1
2677	500	1
1275	199	1
2525	1716	1
1574	1064	1
2454	689	1
1450	1963	1
2781	782	1
415	1278	1
960	713	1
1430	1589	1
1695	1232	1
2966	1078	1
1374	57	1
2716	1102	1
95	829	1
522	583	1
2905	737	1
2648	16	1
903	411	1
2904	406	1
2816	699	1
1530	48	1
1508	1283	1
2727	1757	1
1770	1240	1
2021	61	1
378	1913	1
2210	1386	1
1535	1759	1
2194	1602	1
2363	152	1
1296	1838	1
145	883	1
505	1356	1
1198	1317	1
1247	128	1
1471	1548	1
938	374	1
1745	1620	1
884	137	1
512	1940	1
1643	17	1
469	368	1
2686	1290	1
1016	1244	1
2494	562	1
1723	299	1
2767	568	1
2342	558	1
1931	13	1
1278	1340	1
892	945	1
461	576	1
620	1595	1
135	1043	1
2753	291	1
732	908	1
1249	41	1
854	779	1
2309	1004	1
2174	1659	1
124	1767	1
561	1118	1
249	28	1
398	1683	1
1109	344	1
576	161	1
2933	311	1
2855	403	1
2109	1775	1
2059	257	1
2472	961	1
94	1157	1
1713	279	1
261	1860	1
763	1178	1
2703	882	1
1068	754	1
938	1476	1
69	936	1
5	985	1
1234	826	1
2518	300	1
1682	1799	1
2853	1802	1
1673	146	1
2040	185	1
362	1618	1
1917	1676	1
2283	582	1
1764	736	1
254	697	1
1363	656	1
219	753	1
155	904	1
2484	812	1
1768	1314	1
2803	787	1
1827	496	1
681	1165	1
1784	1438	1
1610	1144	1
46	765	1
324	1713	1
1781	1167	1
687	541	1
250	1133	1
2049	1745	1
923	1695	1
2837	1024	1
205	63	1
339	1663	1
2907	1813	1
14	1166	1
1496	1843	1
747	209	1
1339	1346	1
1173	583	1
2125	1644	1
2083	1423	1
2975	673	1
584	461	1
2863	1268	1
619	207	1
2459	823	1
2799	1024	1
2131	1591	1
984	840	1
2212	844	1
1987	1377	1
698	1695	1
2722	1213	1
404	1949	1
790	795	1
981	1496	1
2082	72	1
1472	1900	1
2280	1328	1
2315	1490	1
1006	802	1
1965	1169	1
1241	495	1
334	888	1
2766	93	1
1035	1299	1
99	1153	1
2155	527	1
1533	1242	1
2009	1413	1
2451	1848	1
1372	1822	1
1402	1563	1
2500	1910	1
73	834	1
203	716	1
1690	758	1
2297	1834	1
2189	1518	1
2310	114	1
445	698	1
1317	1404	1
1816	1429	1
1457	1994	1
643	131	1
229	1536	1
1876	1841	1
2820	754	1
1013	1356	1
1872	246	1
1202	929	1
1899	111	1
1382	287	1
794	772	1
2993	947	1
1718	974	1
962	1430	1
1205	43	1
980	1159	1
1730	192	1
1108	1094	1
2366	1219	1
266	814	1
2812	1439	1
491	910	1
2714	905	1
1367	1299	1
1234	1743	1
823	18	1
2898	1884	1
247	1269	1
156	1116	1
209	1240	1
385	1865	1
2768	1290	1
1577	384	1
2278	1427	1
596	1441	1
1425	110	1
1972	38	1
1075	212	1
2265	1419	1
2972	1698	1
2403	1641	1
909	544	1
2267	800	1
1904	585	1
1876	1411	1
2983	321	1
2000	234	1
607	1179	1
13	161	1
909	1188	1
1339	1526	1
226	549	1
966	1090	1
2485	1725	1
838	375	1
845	574	1
2752	1737	1
2814	701	1
913	851	1
960	178	1
758	471	1
548	14	1
2727	1172	1
2924	1196	1
1775	1683	1
1932	1287	1
2785	933	1
2027	944	1
2750	247	1
1698	318	1
1649	820	1
2030	1421	1
1402	1726	1
1461	1697	1
1388	252	1
2225	1654	1
1568	879	1
472	1045	1
2623	1726	1
1127	1092	1
2349	285	1
155	659	1
2828	1118	1
1100	1625	1
1635	1839	1
600	1659	1
1500	453	1
395	1362	1
621	1789	1
859	1132	1
264	1966	1
1251	1413	1
2603	1651	1
919	421	1
2235	170	1
335	946	1
1794	70	1
1398	61	1
1578	1156	1
2675	911	1
1004	1792	1
812	1166	1
2800	764	1
2027	260	1
1236	811	1
2219	1378	1
1266	654	1
999	271	1
220	470	1
917	1478	1
1768	1003	1
2889	1710	1
81	1987	1
836	1555	1
2238	185	1
1541	981	1
923	474	1
2635	1972	1
2486	229	1
1873	1699	1
461	1764	1
2951	1466	1
2353	446	1
2355	422	1
1795	618	1
2594	264	1
1586	820	1
1694	1292	1
1882	1240	1
537	765	1
1791	1117	1
971	1775	1
114	543	1
1097	612	1
1480	1482	1
439	547	1
2779	1765	1
1416	819	1
2019	802	1
1134	1162	1
1887	1994	1
867	178	1
1371	1237	1
2151	1094	1
173	382	1
511	438	1
130	963	1
2488	1587	1
27	548	1
1742	1266	1
1969	990	1
1250	1746	1
2132	123	1
650	1099	1
2275	475	1
2389	217	1
2751	173	1
2492	59	1
1140	930	1
686	1419	1
339	1978	1
2420	456	1
1883	1515	1
313	1958	1
1890	455	1
2786	371	1
795	149	1
250	1995	1
80	1849	1
332	169	1
1954	1809	1
1053	236	1
2896	214	1
2189	974	1
1815	1073	1
1997	566	1
2628	980	1
1390	1032	1
434	1133	1
1344	271	1
820	152	1
1750	1447	1
1020	1284	1
2736	843	1
2623	804	1
1218	1171	1
2800	1451	1
2297	970	1
185	1196	1
2265	134	1
296	1061	1
381	623	1
318	478	1
2432	1782	1
1937	223	1
2413	669	1
1237	483	1
624	1666	1
1039	1253	1
797	1857	1
1541	1702	1
1225	636	1
846	1741	1
598	1746	1
685	1118	1
1431	602	1
366	1765	1
1892	1775	1
2302	1241	1
1851	1329	1
2373	1775	1
1083	1974	1
266	178	1
837	64	1
1455	607	1
1164	1475	1
633	616	1
1789	196	1
2406	819	1
928	421	1
560	1191	1
1313	1216	1
2976	579	1
1105	44	1
2645	288	1
692	249	1
191	1235	1
1689	71	1
114	904	1
1291	469	1
1927	1021	1
894	596	1
901	75	1
1447	1950	1
2598	1284	1
2842	561	1
2893	974	1
19	669	1
2016	1569	1
977	1574	1
1707	1509	1
1190	378	1
2822	1329	1
152	356	1
1104	1618	1
2718	1107	1
20	324	1
1500	9	1
2607	1229	1
1227	838	1
289	214	1
119	693	1
2826	362	1
2453	1771	1
985	944	1
1737	664	1
15	1182	1
2513	164	1
1234	277	1
1782	372	1
890	210	1
377	1810	1
1748	43	1
2206	1684	1
1465	111	1
1992	636	1
2297	16	1
2566	880	1
2527	979	1
1879	1831	1
506	1665	1
1295	977	1
2462	1353	1
2096	1576	1
94	1886	1
1006	931	1
2758	1173	1
2592	167	1
2514	1006	1
2007	785	1
2559	619	1
2793	651	1
781	1211	1
2183	742	1
2116	609	1
2659	489	1
1492	813	1
2578	253	1
2599	426	1
2925	1606	1
955	1110	1
1946	1054	1
692	1628	1
762	179	1
208	875	1
1144	1762	1
370	462	1
931	937	1
1325	604	1
273	235	1
2146	1381	1
2594	1700	1
2509	1626	1
1525	1328	1
2192	1921	1
89	287	1
2518	1944	1
2502	1356	1
2016	963	1
66	1158	1
2754	1831	1
2330	1435	1
1256	1688	1
495	1073	1
2670	615	1
547	97	1
2962	429	1
1732	1198	1
1059	639	1
2493	1262	1
905	130	1
2452	1279	1
2794	1925	1
1052	1175	1
1383	219	1
2951	768	1
753	705	1
2227	1573	1
1093	1692	1
896	1942	1
895	1291	1
2270	1791	1
2210	1530	1
1509	1038	1
1871	1570	1
881	1270	1
1551	986	1
1976	694	1
1563	1485	1
885	993	1
1235	1571	1
1542	330	1
2031	700	1
564	1661	1
2210	1839	1
1515	1673	1
2997	800	1
107	1520	1
575	1063	1
2024	260	1
2236	1945	1
2958	1544	1
475	1173	1
2141	76	1
2498	1918	1
1302	1938	1
535	1811	1
596	248	1
1852	1851	1
947	1973	1
2179	1975	1
1562	875	1
1920	359	1
2398	1320	1
1219	564	1
38	1762	1
578	671	1
2380	1974	1
92	1166	1
1901	992	1
244	923	1
1819	454	1
340	1397	1
561	654	1
2671	621	1
167	1762	1
1667	356	1
706	1058	1
942	282	1
2071	1620	1
1485	465	1
114	1445	1
300	1430	1
220	860	1
1073	1796	1
2163	1016	1
156	62	1
2705	1848	1
345	1349	1
962	1660	1
2123	176	1
496	763	1
2291	918	1
2844	293	1
1976	565	1
2779	1006	1
1450	1397	1
2398	1385	1
1222	1414	1
1988	15	1
2098	764	1
1391	1507	1
737	979	1
740	1393	1
933	803	1
190	1118	1
2100	1236	1
2701	1651	1
1775	1628	1
2374	378	1
975	1331	1
2126	378	1
2392	1818	1
1571	1759	1
129	326	1
558	493	1
1554	552	1
336	613	1
665	1966	1
280	156	1
2245	1829	1
2372	1545	1
1501	1284	1
1685	172	1
2268	1962	1
2996	1434	1
195	1690	1
388	572	1
2301	82	1
9	569	1
2729	1158	1
2196	27	1
64	1052	1
1822	537	1
857	668	1
2650	1505	1
1823	1027	1
2021	928	1
280	1821	1
2261	1717	1
1890	845	1
277	959	1
59	764	1
2594	1767	1
804	979	1
2924	1040	1
884	1235	1
585	1720	1
2202	110	1
1222	486	1
780	1140	1
1182	1005	1
2243	1441	1
1824	1560	1
2901	1138	1
1719	135	1
2496	767	1
2493	218	1
1104	1796	1
403	1614	1
1326	1360	1
1453	364	1
149	423	1
2461	691	1
1602	756	1
154	176	1
2767	1310	1
2929	1624	1
1426	823	1
2921	387	1
1001	1673	1
1238	407	1
1315	853	1
1532	1175	1
2601	1326	1
243	1477	1
659	1546	1
2604	1362	1
731	1350	1
1688	1078	1
1164	334	1
1303	1942	1
637	1101	1
1982	1257	1
1268	857	1
1096	811	1
573	1996	1
1390	1958	1
1690	975	1
2115	1064	1
413	53	1
517	1032	1
1302	89	1
1119	1627	1
2161	599	1
87	1029	1
1694	1495	1
2701	749	1
842	432	1
1237	67	1
2476	75	1
2109	1729	1
2318	1492	1
382	714	1
2357	854	1
616	530	1
1314	1338	1
480	1156	1
1782	1596	1
1679	480	1
1952	1513	1
1961	1037	1
2455	1744	1
200	1540	1
2923	270	1
1307	337	1
508	1372	1
307	1020	1
1788	645	1
2700	798	1
1486	1322	1
1987	1588	1
1638	1076	1
2557	1624	1
2014	1883	1
1203	392	1
368	641	1
1422	1425	1
1746	417	1
820	664	1
13	1517	1
1225	989	1
1568	1206	1
322	1171	1
2554	1176	1
893	1450	1
2984	1246	1
2996	1369	1
2283	723	1
895	1178	1
11	541	1
2060	632	1
428	265	1
854	895	1
1757	1306	1
1793	813	1
1621	19	1
1537	575	1
821	1565	1
2785	120	1
1526	1879	1
807	5	1
1484	1939	1
843	1423	1
1510	1185	1
1185	408	1
1671	1837	1
1122	368	1
2675	233	1
2648	1357	1
1201	243	1
2292	693	1
1889	1024	1
1441	376	1
860	1468	1
2720	1301	1
2746	252	1
803	1011	1
63	1854	1
2981	931	1
2269	1427	1
1443	1993	1
1475	1968	1
510	1036	1
43	1793	1
1338	349	1
648	1115	1
1659	773	1
2926	132	1
450	907	1
1061	1378	1
1899	924	1
1004	1487	1
1198	1407	1
1373	423	1
2305	454	1
1668	398	1
143	406	1
953	1125	1
635	75	1
563	767	1
1890	1520	1
1380	1069	1
1420	925	1
2653	131	1
84	996	1
930	1850	1
768	1309	1
482	943	1
96	1586	1
1699	621	1
2163	691	1
2270	1066	1
520	89	1
493	1462	1
2534	896	1
1741	307	1
1264	415	1
2949	969	1
926	1972	1
2161	492	1
2586	249	1
2857	198	1
1754	1762	1
1957	1009	1
2409	250	1
1608	1904	1
2428	1248	1
1833	1892	1
2033	1371	1
937	1376	1
1034	416	1
335	1183	1
1404	710	1
919	1706	1
595	1587	1
916	989	1
2453	188	1
2557	223	1
1518	1974	1
2137	1869	1
764	1548	1
1674	467	1
507	1870	1
1235	600	1
2331	351	1
182	1421	1
138	534	1
918	270	1
567	815	1
523	479	1
1264	385	1
1574	1183	1
26	576	1
735	1308	1
596	656	1
8	1650	1
2997	633	1
480	1316	1
1996	429	1
2125	1980	1
2835	1307	1
1238	738	1
1893	1817	1
516	1355	1
1571	1718	1
1039	647	1
237	1623	1
2081	862	1
602	1483	1
1927	1751	1
757	1322	1
1674	724	1
2248	165	1
2473	488	1
778	618	1
2247	1110	1
634	851	1
2928	791	1
648	1365	1
1630	1431	1
1721	222	1
597	1876	1
1174	1950	1
375	780	1
265	1645	1
1380	1760	1
1963	682	1
1430	402	1
2494	16	1
108	1469	1
2004	350	1
1767	778	1
828	35	1
49	230	1
74	387	1
678	845	1
2953	1603	1
352	1332	1
565	600	1
353	1404	1
2263	1314	1
2607	1524	1
1066	847	1
2363	1668	1
2484	206	1
1514	1581	1
2065	1175	1
2003	641	1
1448	829	1
1984	413	1
2533	1325	1
1500	504	1
341	1783	1
1312	1311	1
76	1127	1
261	1062	1
107	438	1
563	1025	1
2852	855	1
1848	1357	1
203	1949	1
490	1658	1
1573	615	1
2246	552	1
301	1119	1
68	406	1
1844	1193	1
391	805	1
465	42	1
2736	1696	1
756	1457	1
540	1516	1
2362	1986	1
1485	494	1
1853	1222	1
1875	462	1
1726	973	1
2702	692	1
1291	1901	1
2275	1785	1
583	1620	1
1702	1547	1
95	643	1
115	1935	1
2997	74	1
827	153	1
2222	1627	1
861	1581	1
202	963	1
1968	318	1
2369	1051	1
649	693	1
1915	1015	1
1343	1638	1
1599	1056	1
448	318	1
746	998	1
760	1974	1
1817	231	1
2600	824	1
1021	1955	1
2202	1889	1
2628	383	1
1984	1036	1
816	532	1
2860	488	1
2788	663	1
913	602	1
799	406	1
21	146	1
1404	1278	1
699	1047	1
2312	875	1
695	594	1
1336	1552	1
413	1458	1
2770	1618	1
1886	1204	1
1902	1971	1
1114	1263	1
2658	710	1
1061	1170	1
1211	25	1
2261	442	1
841	1757	1
1954	1645	1
868	308	1
2962	855	1
1155	1976	1
0	621	1
1826	1073	1
1373	1375	1
928	570	1
970	1971	1
2037	840	1
867	1222	1
791	1620	1
632	499	1
1981	277	1
2150	820	1
2037	364	1
2126	377	1
1772	1704	1
489	1834	1
553	1360	1
896	803	1
338	882	1
659	1669	1
1324	1445	1
719	410	1
97	936	1
1064	578	1
2094	394	1
2761	1033	1
46	313	1
1371	1001	1
2476	1854	1
2399	1423	1
4	1000	1
1472	815	1
1580	1162	1
749	898	1
2739	1860	1
1956	1280	1
2171	1295	1
816	346	1
1092	1900	1
1805	988	1
780	395	1
524	1851	1
2509	482	1
364	1610	1
2904	429	1
2156	1491	1
171	1070	1
1632	1282	1
898	1616	1
1846	555	1
1181	576	1
1856	583	1
869	190	1
1013	786	1
588	103	1
637	816	1
1708	1961	1
824	123	1
2774	806	1
372	1141	1
1347	1643	1
134	672	1
2255	12	1
570	603	1
137	56	1
2539	792	1
2276	1185	1
2944	1846	1
330	1191	1
2221	1416	1
1169	1552	1
2327	1198	1
200	1964	1
1917	1488	1
2776	1893	1
1875	800	1
2006	1383	1
2595	113	1
1388	1581	1
2326	1539	1
245	392	1
850	1531	1
1977	858	1
877	739	1
805	1050	1
2518	763	1
921	1434	1
289	1289	1
2072	91	1
1394	728	1
1947	1253	1
1653	41	1
510	741	1
196	349	1
603	831	1
933	641	1
389	910	1
2650	1220	1
1296	848	1
2329	5	1
2198	1577	1
2275	1642	1
2767	755	1
2608	1534	1
1502	1391	1
1776	1363	1
2941	1647	1
902	1350	1
1286	1749	1
1012	1929	1
2239	331	1
2691	1985	1
2262	1347	1
2506	484	1
285	1562	1
2953	1054	1
2822	331	1
2385	370	1
2821	804	1
2509	1684	1
2235	1014	1
1091	425	1
1816	1028	1
2843	1986	1
1114	1268	1
1979	1444	1
235	705	1
1905	1882	1
2440	991	1
619	1062	1
128	240	1
44	1869	1
627	1939	1
538	216	1
1057	1670	1
2331	1363	1
279	573	1
646	1935	1
625	1475	1
486	1320	1
513	317	1
2550	1775	1
2274	1653	1
714	381	1
1751	1003	1
1664	843	1
1611	239	1
1646	1371	1
2052	577	1
2098	1522	1
83	1604	1
2154	1981	1
1036	1394	1
633	149	1
304	920	1
2248	424	1
307	499	1
1271	1460	1
1525	794	1
1526	95	1
2753	1620	1
2250	1936	1
2642	616	1
320	780	1
2195	712	1
1860	1134	1
1451	781	1
186	1937	1
689	591	1
2272	1108	1
2755	1677	1
495	1264	1
2603	687	1
2219	1417	1
1004	752	1
714	1970	1
887	554	1
1013	644	1
1033	76	1
1562	1235	1
2343	880	1
236	1552	1
397	1611	1
2612	1325	1
2993	1005	1
1365	1127	1
1080	173	1
1628	480	1
2201	1018	1
730	535	1
2478	1617	1
1662	737	1
1476	1353	1
1029	1037	1
2801	867	1
687	483	1
1496	873	1
1406	1454	1
1875	377	1
2250	901	1
2307	46	1
1191	548	1
2661	694	1
1514	803	1
639	52	1
2427	1134	1
1860	527	1
2348	968	1
2086	1656	1
2053	884	1
628	1910	1
249	1800	1
2099	1129	1
2915	1805	1
1688	349	1
2137	1317	1
1899	1693	1
1071	1447	1
2520	643	1
2738	197	1
2697	1838	1
2622	1354	1
101	1800	1
1281	602	1
2258	722	1
357	389	1
539	376	1
262	303	1
2720	327	1
1480	1493	1
676	1570	1
975	550	1
761	1104	1
2884	637	1
933	1222	1
1125	966	1
2527	1623	1
2097	1577	1
756	1882	1
443	1296	1
2958	971	1
2437	480	1
2027	931	1
593	546	1
1905	602	1
1320	1701	1
2495	1693	1
141	1842	1
2785	346	1
2661	219	1
908	21	1
604	771	1
688	1446	1
1394	427	1
2160	1317	1
669	43	1
556	969	1
578	971	1
316	1672	1
1953	1266	1
1740	1404	1
973	1559	1
2699	1627	1
987	1090	1
2385	219	1
2565	1785	1
232	355	1
2266	1924	1
2465	1179	1
2016	953	1
2503	1523	1
1924	370	1
1626	1399	1
777	1182	1
1540	232	1
2121	368	1
2113	1534	1
2972	672	1
1862	699	1
2332	854	1
1658	1318	1
795	1789	1
2756	255	1
2484	896	1
98	918	1
1424	620	1
769	1259	1
2542	1765	1
846	1347	1
2513	561	1
2532	42	1
1789	1565	1
343	520	1
2136	1107	1
1679	256	1
1827	1955	1
1678	1977	1
1649	75	1
2820	1833	1
1672	767	1
41	1378	1
2976	570	1
1436	1117	1
1682	210	1
476	1556	1
2715	828	1
2026	1412	1
2217	1474	1
2167	25	1
666	81	1
2451	608	1
2822	94	1
2217	734	1
1706	334	1
692	1477	1
721	381	1
2167	1911	1
2805	987	1
2959	1609	1
159	1268	1
811	599	1
1189	9	1
1075	420	1
2075	181	1
344	19	1
2966	937	1
1570	1782	1
1947	1170	1
383	531	1
2819	975	1
1891	362	1
2629	77	1
833	711	1
2266	1469	1
1506	260	1
1875	242	1
2734	783	1
2393	1134	1
2868	1092	1
2450	1721	1
1157	1577	1
2426	224	1
346	1935	1
1279	1524	1
435	857	1
920	1162	1
2728	1870	1
23	334	1
744	1035	1
2364	1754	1
2023	349	1
149	1659	1
1691	1107	1
1893	665	1
410	6	1
805	884	1
2200	1403	1
1086	1273	1
230	58	1
2452	1647	1
2230	1871	1
2634	1089	1
1502	275	1
892	55	1
641	1769	1
1684	1073	1
2429	58	1
199	670	1
288	971	1
2545	1687	1
1341	283	1
1565	673	1
2324	1454	1
1622	985	1
660	1233	1
899	1895	1
2760	1329	1
381	286	1
588	984	1
550	33	1
949	443	1
1856	835	1
2752	1701	1
2478	1348	1
2614	615	1
63	53	1
1522	448	1
1581	578	1
2749	891	1
298	904	1
830	929	1
1867	674	1
1800	77	1
1	209	1
1274	370	1
2996	1622	1
2933	449	1
2904	235	1
2844	1091	1
970	1267	1
1065	670	1
2554	844	1
1448	1852	1
467	741	1
607	1847	1
1532	770	1
1085	1435	1
2485	287	1
1000	16	1
2749	153	1
2912	227	1
732	953	1
1454	363	1
2613	1074	1
1941	73	1
2920	1886	1
2573	111	1
1730	1547	1
2230	1937	1
350	1171	1
289	657	1
2793	833	1
1989	271	1
2133	472	1
2405	1495	1
1940	367	1
1052	210	1
1451	1630	1
1811	572	1
1846	1426	1
1155	1578	1
2599	333	1
2413	783	1
1068	496	1
148	1843	1
2215	1138	1
1953	1008	1
1194	198	1
664	119	1
2165	1339	1
127	20	1
2517	1688	1
2267	590	1
1076	487	1
2302	1388	1
2981	762	1
721	526	1
1996	1553	1
583	117	1
430	1927	1
2709	1477	1
2982	1458	1
1355	1609	1
539	1551	1
2619	845	1
220	1684	1
1414	1536	1
1781	509	1
2741	867	1
385	1520	1
1543	45	1
309	1341	1
574	722	1
2315	909	1
22	501	1
1240	303	1
1122	218	1
2970	1888	1
2629	1237	1
1175	1256	1
834	498	1
888	60	1
1083	1938	1
61	1204	1
1653	1937	1
1741	183	1
905	90	1
1458	1283	1
270	1760	1
724	1753	1
2787	1153	1
1316	313	1
580	1412	1
589	1798	1
2490	1600	1
1780	388	1
179	1880	1
166	638	1
1517	1028	1
594	792	1
704	617	1
1426	1599	1
1096	1477	1
2598	289	1
170	385	1
1595	496	1
1655	113	1
521	1985	1
489	1331	1
1080	762	1
1325	917	1
284	82	1
29	1362	1
2528	1505	1
153	1122	1
1903	1232	1
1952	265	1
650	963	1
2216	793	1
2852	919	1
2444	1655	1
1113	304	1
571	559	1
1325	80	1
1628	1506	1
245	1804	1
1895	1191	1
1740	1438	1
2929	950	1
187	976	1
2702	100	1
888	1981	1
1146	206	1
770	1809	1
996	625	1
980	115	1
1458	1092	1
2294	805	1
1509	866	1
632	1402	1
1796	454	1
2744	295	1
580	731	1
2061	431	1
157	1965	1
2508	1903	1
1731	1393	1
2164	1652	1
436	1653	1
1392	76	1
2281	464	1
2974	1564	1
2287	330	1
1667	1595	1
931	1617	1
1085	1703	1
2321	135	1
2014	564	1
2740	1785	1
1679	741	1
1232	1925	1
639	250	1
1465	1354	1
2355	1412	1
2394	386	1
2878	1153	1
2886	912	1
2310	1047	1
2901	678	1
1003	467	1
1336	1823	1
2641	1757	1
1998	653	1
770	480	1
2107	1590	1
2680	1446	1
1507	1042	1
19	758	1
2320	678	1
2196	233	1
314	1002	1
969	1843	1
220	865	1
1861	35	1
11	1236	1
1018	950	1
556	1301	1
2271	853	1
1179	1502	1
1352	1341	1
520	1106	1
467	1883	1
980	1734	1
1029	1072	1
1604	140	1
311	849	1
2149	1914	1
2687	1180	1
2411	647	1
2643	1428	1
32	889	1
1809	1887	1
2841	389	1
200	1128	1
2584	1386	1
950	1558	1
941	1301	1
1791	1153	1
2247	1937	1
72	1246	1
916	1908	1
1515	141	1
1102	399	1
2868	1966	1
1281	1199	1
418	803	1
1286	1238	1
915	696	1
61	1205	1
210	234	1
2928	1538	1
912	706	1
1853	1947	1
463	1871	1
4	1232	1
461	1929	1
676	1682	1
2521	794	1
1737	398	1
1908	959	1
30	1985	1
2172	1345	1
1544	1213	1
1828	183	1
482	302	1
1263	1827	1
2006	59	1
1396	1032	1
2719	1755	1
2753	292	1
245	1044	1
406	1527	1
724	1308	1
1298	390	1
2324	1546	1
1361	1035	1
468	76	1
366	526	1
2424	649	1
2926	1259	1
98	938	1
1835	175	1
1187	602	1
463	879	1
1878	621	1
2515	845	1
1424	1403	1
375	1925	1
1881	1263	1
1840	411	1
2643	340	1
1084	597	1
1497	672	1
647	1035	1
899	1037	1
1519	1644	1
2684	1940	1
2874	876	1
466	1641	1
2411	1009	1
890	233	1
2194	180	1
623	1928	1
2311	739	1
9	318	1
80	670	1
1733	1919	1
2143	1176	1
2443	1168	1
503	166	1
125	362	1
1055	745	1
476	1625	1
422	851	1
441	632	1
1480	1628	1
35	1763	1
2364	1144	1
687	991	1
2040	372	1
156	1383	1
2006	1215	1
2932	828	1
566	1814	1
1542	1665	1
1406	1997	1
1078	298	1
422	928	1
2326	1004	1
1121	1148	1
2214	1729	1
1762	1399	1
2242	768	1
994	512	1
1592	269	1
376	221	1
1681	813	1
1598	820	1
264	1940	1
8	1764	1
1190	756	1
60	247	1
63	64	1
1519	1154	1
2597	656	1
968	800	1
1087	278	1
1158	213	1
1072	1109	1
2394	1751	1
2396	752	1
2047	1918	1
514	207	1
2950	548	1
1069	1010	1
1296	785	1
2061	278	1
1561	813	1
2909	360	1
2717	682	1
2531	691	1
2287	487	1
2008	1825	1
850	1771	1
1139	1160	1
2347	1693	1
906	1172	1
1268	1131	1
2958	7	1
1513	897	1
2718	1065	1
830	367	1
1539	471	1
1379	967	1
451	848	1
966	575	1
1803	1168	1
2946	242	1
1901	201	1
630	1402	1
500	911	1
209	1243	1
21	1327	1
438	1316	1
1546	1889	1
8	865	1
602	1825	1
2212	416	1
1143	290	1
1785	213	1
2810	1349	1
1282	388	1
1157	1656	1
1411	204	1
726	764	1
752	521	1
197	1242	1
2841	1939	1
562	1402	1
272	1912	1
664	1255	1
1960	700	1
1004	671	1
981	577	1
2237	489	1
1545	300	1
2909	44	1
128	546	1
2205	169	1
2619	193	1
561	721	1
2832	452	1
2856	1025	1
816	1421	1
2782	975	1
1675	547	1
2996	609	1
1830	656	1
2088	1605	1
828	1097	1
2058	590	1
544	441	1
853	622	1
478	1545	1
2291	1105	1
410	383	1
2132	637	1
540	215	1
816	721	1
1303	933	1
1184	1687	1
140	893	1
1779	1485	1
47	330	1
133	666	1
100	543	1
681	127	1
672	1589	1
1177	1024	1
378	787	1
2392	1999	1
955	751	1
1820	270	1
439	303	1
763	654	1
338	298	1
341	1248	1
1412	1655	1
889	1581	1
1517	21	1
2139	1490	1
2846	815	1
1888	423	1
486	1703	1
1394	1496	1
292	1314	1
2328	1011	1
715	76	1
2457	208	1
354	1136	1
1282	1195	1
1923	1967	1
2862	1603	1
17	1687	1
210	1592	1
240	871	1
279	896	1
1428	1581	1
987	1494	1
1479	295	1
2358	238	1
835	462	1
478	1011	1
1318	1600	1
2108	199	1
1811	451	1
221	1003	1
1134	291	1
2502	1636	1
2099	1938	1
1896	1520	1
498	394	1
908	608	1
1318	278	1
2721	1631	1
1971	613	1
2621	293	1
1871	880	1
2132	1149	1
1492	595	1
2364	263	1
2648	1700	1
2521	908	1
1553	120	1
923	1555	1
1860	1799	1
1931	1806	1
2856	1327	1
2155	1425	1
1129	1179	1
2850	1993	1
2039	1352	1
574	382	1
21	1247	1
2264	248	1
1753	1776	1
237	917	1
973	1456	1
1666	1598	1
1889	442	1
623	345	1
2086	967	1
708	1859	1
73	918	1
1820	1511	1
1295	826	1
2873	800	1
2569	1228	1
2904	291	1
585	1535	1
1526	1562	1
161	931	1
551	596	1
1533	1057	1
2361	918	1
1278	182	1
873	1853	1
25	1557	1
1267	1812	1
51	1161	1
2349	1248	1
358	1505	1
508	1595	1
1693	1381	1
1167	719	1
2143	1402	1
170	934	1
1998	1090	1
2956	1558	1
969	259	1
1346	1324	1
2555	725	1
546	616	1
2912	1812	1
730	1952	1
2332	307	1
2098	784	1
2526	266	1
1538	1582	1
727	1128	1
2561	347	1
2938	575	1
2211	225	1
1840	1394	1
2808	1806	1
2301	285	1
1135	1979	1
1094	1235	1
2755	441	1
1082	1985	1
1569	1426	1
2690	607	1
1841	417	1
1050	932	1
1888	1794	1
1703	18	1
2420	1218	1
2966	695	1
79	985	1
1627	1918	1
1396	1229	1
151	1848	1
723	1550	1
2776	588	1
2566	1531	1
1012	1495	1
243	646	1
380	1329	1
2896	673	1
2857	982	1
2319	1036	1
644	241	1
1325	870	1
2219	307	1
1215	436	1
2605	1172	1
2512	1319	1
1406	1331	1
1507	104	1
2997	1740	1
2626	1372	1
813	1402	1
2490	641	1
912	308	1
42	509	1
2468	1675	1
987	1614	1
845	1154	1
842	1845	1
1398	1792	1
1358	509	1
1789	1655	1
606	1618	1
1025	1118	1
1721	190	1
542	284	1
2340	689	1
534	963	1
1051	341	1
1860	1281	1
2046	1881	1
213	1172	1
1501	793	1
860	1785	1
1910	923	1
1510	829	1
787	615	1
1974	1818	1
1190	1158	1
2953	1041	1
572	900	1
333	1292	1
2127	1852	1
2969	1202	1
1318	861	1
542	1456	1
2080	1175	1
2906	89	1
2901	769	1
1544	1984	1
1748	1411	1
2948	683	1
2583	852	1
837	1797	1
1006	1248	1
1136	570	1
2158	1505	1
747	1194	1
2405	1548	1
2454	571	1
2933	109	1
221	741	1
551	888	1
1892	1955	1
1381	1286	1
738	851	1
1208	1442	1
2050	1495	1
2741	1196	1
48	1226	1
418	790	1
1423	1959	1
1515	1755	1
2777	909	1
1356	692	1
594	1596	1
2939	1437	1
618	721	1
181	432	1
1038	488	1
2046	1939	1
1171	461	1
1387	1296	1
2086	802	1
721	386	1
1614	401	1
212	1029	1
2261	1698	1
2253	375	1
1959	1292	1
206	826	1
1354	1482	1
621	1958	1
645	309	1
95	1371	1
2714	1817	1
2725	1350	1
82	401	1
2055	1116	1
2063	933	1
1089	1199	1
206	488	1
1259	1216	1
269	1165	1
580	613	1
1279	310	1
2606	183	1
1302	1687	1
1316	111	1
1724	146	1
267	5	1
2459	1055	1
699	1910	1
1345	1729	1
11	1730	1
457	671	1
2879	1173	1
446	757	1
1792	1896	1
434	1544	1
2530	577	1
2642	416	1
2124	1022	1
533	678	1
1985	988	1
230	776	1
1372	1041	1
2374	719	1
1038	500	1
1188	1353	1
2952	534	1
2255	294	1
1352	94	1
641	1038	1
741	439	1
2058	1720	1
1527	211	1
2912	1917	1
2612	1729	1
2332	278	1
409	88	1
1734	518	1
2163	1400	1
2180	1565	1
1201	1349	1
201	1948	1
241	1527	1
714	1533	1
2208	145	1
644	388	1
1024	706	1
1566	469	1
1326	1409	1
1115	1051	1
1921	589	1
2686	420	1
2322	1308	1
2915	1636	1
2249	112	1
90	1276	1
2504	1131	1
167	1594	1
2046	1391	1
2334	1635	1
2036	1210	1
1230	904	1
2182	344	1
1155	1129	1
1621	15	1
1739	1984	1
633	609	1
2502	111	1
476	905	1
2315	392	1
842	409	1
1822	1122	1
2424	1446	1
2948	511	1
153	622	1
3	191	1
756	277	1
2803	2	1
866	1210	1
456	432	1
2629	1912	1
1685	537	1
2053	1208	1
198	951	1
2447	1259	1
1174	564	1
2403	839	1
393	778	1
2341	754	1
1841	433	1
907	1459	1
1506	574	1
2418	1618	1
1503	1017	1
230	1012	1
1360	111	1
241	1439	1
1389	1348	1
1929	475	1
2680	1237	1
272	1646	1
1364	279	1
727	819	1
1722	433	1
2186	1801	1
1419	1409	1
2173	160	1
1853	492	1
2568	1559	1
262	878	1
2185	1294	1
156	1625	1
1962	415	1
175	325	1
96	1371	1
568	74	1
2035	948	1
78	191	1
1078	1837	1
179	158	1
2124	1564	1
2792	551	1
2732	1669	1
1980	556	1
413	1863	1
1055	966	1
1186	1307	1
544	1670	1
1911	51	1
1898	1872	1
1302	133	1
2508	96	1
158	773	1
448	1466	1
324	901	1
2752	621	1
2279	1123	1
1557	1862	1
433	1344	1
1265	1028	1
2668	1375	1
777	1582	1
2350	294	1
2171	1000	1
11	1334	1
2551	1529	1
2820	1769	1
828	1476	1
1592	163	1
2798	1869	1
1073	1947	1
366	216	1
2059	1372	1
2171	352	1
969	277	1
333	480	1
51	490	1
1467	1865	1
1952	1016	1
2033	1535	1
1753	563	1
202	1906	1
2685	215	1
952	120	1
1312	1276	1
1336	349	1
2678	1887	1
861	604	1
2457	886	1
1215	1152	1
2873	928	1
615	886	1
1019	1431	1
832	1742	1
1924	240	1
2374	1543	1
2285	584	1
1288	293	1
941	205	1
1110	1016	1
1788	1617	1
20	535	1
397	424	1
2349	196	1
2886	961	1
1933	331	1
410	617	1
1990	940	1
1515	595	1
1046	241	1
2702	173	1
61	1788	1
2859	512	1
2477	52	1
331	999	1
2100	1315	1
1832	1682	1
2440	258	1
2488	598	1
1256	762	1
372	349	1
952	1945	1
2136	1706	1
1279	628	1
1995	639	1
2745	1533	1
1578	1750	1
330	595	1
2931	970	1
407	1051	1
374	1905	1
2172	1034	1
1889	1984	1
896	1022	1
1912	344	1
256	820	1
2001	1300	1
854	109	1
1732	1935	1
2175	1636	1
1324	1540	1
2771	300	1
1762	185	1
1595	370	1
167	781	1
694	225	1
2836	1165	1
502	307	1
1006	773	1
1286	716	1
798	620	1
2897	700	1
1208	531	1
2810	251	1
1232	1681	1
1723	114	1
1020	322	1
1143	1585	1
2695	1361	1
1835	1491	1
2660	961	1
2445	204	1
2597	522	1
642	1772	1
1600	344	1
674	1395	1
2368	883	1
2824	1095	1
1623	1379	1
2150	1100	1
894	141	1
1590	122	1
2991	1238	1
2275	1709	1
1857	1728	1
2463	1584	1
994	1340	1
2847	661	1
1383	61	1
709	183	1
1489	234	1
1910	861	1
771	206	1
1495	583	1
464	1359	1
264	649	1
1565	861	1
2193	388	1
2423	620	1
365	558	1
2351	576	1
1007	784	1
2357	1438	1
702	107	1
1140	267	1
2959	381	1
2052	1772	1
1260	221	1
590	1390	1
1912	1834	1
1920	1957	1
2955	1974	1
2276	687	1
2022	980	1
2524	219	1
1489	789	1
510	190	1
2871	841	1
4	447	1
1758	521	1
798	31	1
1180	1494	1
777	1191	1
490	1586	1
691	1912	1
2682	1971	1
71	569	1
2227	571	1
2543	545	1
114	1742	1
356	721	1
1859	1662	1
749	850	1
530	984	1
1225	1006	1
1122	658	1
2481	509	1
2298	1985	1
1410	1724	1
2393	462	1
705	1251	1
2459	1797	1
452	90	1
1700	704	1
2169	39	1
939	1461	1
764	611	1
761	1338	1
1737	183	1
1464	793	1
869	1463	1
1385	936	1
2971	971	1
2782	1109	1
1095	1754	1
1168	981	1
666	1823	1
282	1969	1
1940	1415	1
939	764	1
2239	1777	1
304	232	1
1328	1292	1
557	1530	1
77	1712	1
2717	1341	1
911	948	1
119	1630	1
170	248	1
2726	255	1
1546	442	1
2486	1024	1
2305	1313	1
2204	1045	1
349	787	1
1449	1881	1
242	929	1
1093	1804	1
362	184	1
667	1812	1
1729	943	1
1455	89	1
1943	727	1
163	711	1
661	682	1
2650	1497	1
22	683	1
1951	1076	1
1015	1230	1
1462	1669	1
1881	53	1
1026	1562	1
2578	1520	1
2142	545	1
2954	1799	1
2823	1103	1
2515	84	1
2099	1730	1
1401	328	1
706	1936	1
262	1074	1
12	1098	1
1535	1816	1
2614	978	1
1028	945	1
2923	1629	1
1112	624	1
834	439	1
83	1426	1
1393	1516	1
2648	683	1
1328	1375	1
1650	1372	1
2128	1889	1
166	103	1
39	234	1
1531	1203	1
227	1744	1
2194	1338	1
826	842	1
2378	1083	1
890	747	1
1936	678	1
1700	1552	1
2674	1652	1
2479	1480	1
1480	1869	1
751	1099	1
2539	240	1
1240	253	1
627	1896	1
2873	1277	1
984	1982	1
1466	1520	1
1520	366	1
1310	750	1
1707	1322	1
952	344	1
1444	436	1
2087	460	1
111	778	1
1447	182	1
2936	108	1
689	1671	1
1273	734	1
122	1791	1
1837	136	1
740	1690	1
1055	94	1
543	1260	1
310	1769	1
2578	303	1
1333	357	1
967	599	1
1088	318	1
2110	1250	1
1330	1047	1
381	1780	1
1749	1483	1
2169	1244	1
266	166	1
118	85	1
1653	1540	1
2246	607	1
1002	1433	1
791	522	1
625	290	1
672	1477	1
1602	177	1
74	1123	1
149	836	1
1823	1429	1
1169	66	1
2303	822	1
2989	1961	1
765	776	1
1148	997	1
1477	1529	1
2534	811	1
1382	486	1
1397	1875	1
549	1097	1
734	636	1
55	542	1
1262	534	1
2731	717	1
14	1130	1
232	1633	1
2362	1973	1
1325	328	1
43	419	1
2673	1386	1
2996	504	1
291	1935	1
946	1669	1
2014	1430	1
998	1421	1
1288	937	1
749	1051	1
2383	982	1
349	407	1
1993	682	1
809	1518	1
752	6	1
305	678	1
12	1652	1
583	1376	1
1721	1637	1
901	135	1
2010	913	1
1902	1291	1
2055	432	1
2025	667	1
532	448	1
870	1222	1
850	452	1
2189	1297	1
1899	1771	1
703	205	1
729	546	1
89	164	1
877	1602	1
2377	1492	1
1490	1909	1
1827	1633	1
2590	1216	1
2493	312	1
1616	56	1
1066	804	1
2167	1186	1
1075	1511	1
1499	345	1
668	819	1
2505	743	1
410	1349	1
1552	1627	1
1031	1437	1
890	1908	1
1277	1869	1
2840	1696	1
571	266	1
407	265	1
1406	1084	1
2651	995	1
860	1353	1
2456	1310	1
1646	1730	1
71	201	1
933	1182	1
696	1892	1
443	1899	1
1503	1797	1
1649	747	1
1664	1148	1
2164	242	1
969	195	1
327	542	1
1485	430	1
1372	1728	1
377	1271	1
2643	864	1
156	1046	1
532	173	1
580	1612	1
2440	943	1
2961	62	1
172	448	1
2161	1634	1
1183	738	1
1646	538	1
2332	1900	1
1475	1683	1
1021	790	1
1014	1320	1
7	1657	1
606	1542	1
1924	591	1
2600	1158	1
1457	1583	1
379	1687	1
2084	533	1
1031	168	1
925	901	1
758	1825	1
853	1209	1
2285	1096	1
281	512	1
417	1459	1
607	1277	1
970	1595	1
1022	1306	1
2030	334	1
757	230	1
1546	1947	1
2801	502	1
933	783	1
2441	1954	1
363	1530	1
2077	1882	1
753	1679	1
228	1805	1
2476	893	1
648	576	1
2431	1179	1
920	223	1
257	1405	1
857	1298	1
2009	1254	1
1855	7	1
207	234	1
948	1007	1
692	589	1
682	1278	1
2192	1250	1
1809	1597	1
1835	1746	1
720	590	1
1593	1483	1
2379	1083	1
995	1850	1
1516	431	1
468	216	1
1963	811	1
408	220	1
2155	612	1
1239	812	1
2775	38	1
1033	634	1
2403	1485	1
410	1067	1
1395	245	1
441	38	1
370	633	1
2228	85	1
2669	354	1
334	465	1
2722	494	1
406	975	1
1712	505	1
2730	1729	1
422	1157	1
229	1913	1
2696	1057	1
303	835	1
2581	434	1
2521	1850	1
1410	1667	1
1565	75	1
2581	890	1
80	821	1
279	1011	1
1255	516	1
20	1437	1
1339	549	1
813	1536	1
2193	1253	1
1123	1719	1
2497	1398	1
1980	64	1
2379	867	1
2582	1195	1
2845	1908	1
2720	343	1
399	672	1
2661	1203	1
302	930	1
2068	1458	1
1247	1755	1
2225	177	1
1246	333	1
499	134	1
2278	1085	1
485	1632	1
1746	1143	1
2993	1165	1
1202	1338	1
2855	511	1
2738	266	1
2134	760	1
241	677	1
435	280	1
741	1612	1
861	102	1
1202	1387	1
983	814	1
251	1306	1
1513	749	1
2691	1269	1
1512	533	1
2798	382	1
800	1544	1
1433	1477	1
1252	10	1
627	58	1
347	923	1
2740	808	1
1102	965	1
2695	1263	1
822	1448	1
10	47	1
1819	884	1
2035	1082	1
2992	1870	1
342	1189	1
353	805	1
2098	1688	1
258	962	1
2450	651	1
992	1331	1
355	972	1
923	946	1
2810	1430	1
2819	1207	1
2660	1039	1
2655	1180	1
1807	1219	1
2716	1100	1
1974	995	1
2003	1175	1
1280	533	1
1552	1230	1
460	1706	1
1069	1589	1
1430	146	1
804	19	1
634	991	1
199	230	1
1250	18	1
1824	1145	1
1912	1807	1
110	1000	1
2012	1994	1
2080	1049	1
1592	759	1
1887	1292	1
2527	654	1
963	718	1
1813	1739	1
1727	1463	1
1598	398	1
1476	295	1
1897	1075	1
712	1912	1
588	784	1
1827	1652	1
376	760	1
2624	609	1
1776	1083	1
2325	408	1
1797	848	1
1464	959	1
531	481	1
1352	535	1
227	502	1
629	841	1
39	1393	1
1240	407	1
2891	412	1
1660	1718	1
2824	1376	1
2530	406	1
1953	87	1
718	991	1
2788	845	1
719	1820	1
968	1511	1
2001	136	1
859	884	1
2706	1793	1
2179	509	1
2556	189	1
2969	1671	1
1699	0	1
1209	178	1
2160	129	1
258	1152	1
627	441	1
604	1625	1
334	185	1
383	338	1
2778	822	1
2795	38	1
583	1266	1
1684	648	1
2436	115	1
1252	516	1
633	1747	1
127	1642	1
940	1221	1
2797	1130	1
2938	604	1
735	1926	1
424	1890	1
122	1810	1
925	188	1
417	929	1
543	162	1
13	775	1
2133	212	1
1324	413	1
271	334	1
1072	709	1
2636	1220	1
221	709	1
508	1697	1
1103	1290	1
476	404	1
2751	1160	1
1673	352	1
2075	1311	1
1984	189	1
70	1866	1
81	1528	1
1177	337	1
893	566	1
2271	600	1
1627	1863	1
2353	36	1
1677	1202	1
500	193	1
1269	1194	1
2883	530	1
130	1170	1
1366	1488	1
1029	1616	1
1352	129	1
2109	1958	1
1855	506	1
1566	667	1
1434	1139	1
348	935	1
1519	98	1
2339	1731	1
2266	1826	1
1341	1492	1
2897	174	1
740	506	1
1357	1770	1
2026	145	1
1006	1313	1
1245	597	1
132	1396	1
1025	861	1
732	242	1
953	1014	1
406	1378	1
1901	80	1
98	1916	1
2624	1188	1
749	1285	1
2199	566	1
2531	372	1
720	1656	1
1724	1588	1
2713	321	1
924	1289	1
2529	1693	1
433	1274	1
1617	1280	1
662	1063	1
43	1473	1
703	846	1
26	653	1
319	841	1
1237	118	1
1015	508	1
442	1159	1
686	389	1
1671	1311	1
2642	1987	1
776	1670	1
2282	1812	1
1673	720	1
1315	909	1
1625	447	1
2774	246	1
1861	60	1
684	354	1
2762	1559	1
1804	1879	1
1119	314	1
1920	1784	1
2722	1912	1
1341	22	1
434	1893	1
2359	268	1
856	742	1
2576	1965	1
1395	1182	1
1932	1690	1
969	1391	1
1120	1600	1
2772	832	1
1237	425	1
77	1984	1
1052	1831	1
2228	568	1
950	1629	1
1391	290	1
208	865	1
1228	657	1
2993	279	1
2822	581	1
1851	439	1
2178	1401	1
188	1391	1
946	203	1
339	500	1
2792	1944	1
41	696	1
232	1306	1
1761	1739	1
960	1321	1
1794	0	1
927	439	1
1216	1609	1
353	1771	1
1362	961	1
2751	313	1
527	782	1
2564	90	1
1939	1612	1
354	1526	1
364	192	1
1825	401	1
2252	750	1
170	793	1
1240	1890	1
654	998	1
655	1032	1
1531	1404	1
60	507	1
792	189	1
2603	1850	1
1579	813	1
1562	266	1
2305	399	1
1539	1469	1
2532	839	1
787	493	1
2508	1009	1
2591	1274	1
2485	1719	1
1586	1914	1
1404	445	1
1153	81	1
1668	1075	1
2735	930	1
1734	985	1
1145	1442	1
462	1747	1
106	1798	1
290	1165	1
53	141	1
831	1922	1
748	1657	1
1928	1010	1
686	1317	1
2813	1892	1
804	1867	1
2050	1124	1
2975	1479	1
159	1676	1
2216	590	1
2988	438	1
2459	514	1
2196	409	1
815	1004	1
995	761	1
679	1414	1
1317	19	1
2316	769	1
1197	1070	1
2607	1153	1
1991	1461	1
2191	843	1
1150	1821	1
148	1365	1
1412	26	1
1161	181	1
997	1546	1
1392	1717	1
275	122	1
2474	616	1
2926	342	1
1610	1036	1
2263	724	1
1106	1848	1
1838	1420	1
2046	614	1
979	427	1
1220	1420	1
1472	732	1
1939	1763	1
550	64	1
216	678	1
762	1959	1
1241	1216	1
1424	640	1
278	978	1
616	74	1
1076	90	1
1996	1581	1
363	1947	1
1269	1450	1
852	286	1
260	1220	1
2921	1617	1
1512	1129	1
1348	1252	1
669	1631	1
1797	1683	1
2677	1777	1
1098	1913	1
1761	536	1
903	897	1
2102	816	1
2322	697	1
14	406	1
2272	890	1
1822	198	1
36	1109	1
1960	521	1
2102	1583	1
1705	386	1
2897	1015	1
2971	1309	1
1453	50	1
1978	1218	1
1311	1795	1
2518	1233	1
162	1740	1
727	662	1
1748	1501	1
2803	484	1
94	1070	1
2559	1374	1
1242	739	1
2373	409	1
2382	1892	1
1747	1262	1
2108	1892	1
1527	1328	1
58	1460	1
2402	55	1
2394	196	1
1152	774	1
690	1001	1
1501	1458	1
632	831	1
2071	986	1
718	1572	1
1466	1626	1
1350	1026	1
2833	75	1
1003	69	1
2191	922	1
706	126	1
367	604	1
1815	84	1
2091	1863	1
629	1781	1
2307	499	1
2700	60	1
513	463	1
1599	474	1
2574	1225	1
511	369	1
1103	1296	1
1570	274	1
2672	729	1
112	566	1
1717	380	1
577	1233	1
1077	1337	1
1245	101	1
665	703	1
2485	483	1
1757	1589	1
1626	187	1
2486	1169	1
1259	1717	1
1094	440	1
1889	1134	1
1937	853	1
2118	610	1
115	19	1
2056	385	1
1148	1309	1
149	605	1
1952	1258	1
2897	864	1
1377	1466	1
121	1199	1
1157	1252	1
2244	144	1
2678	95	1
1093	816	1
1732	336	1
1154	1437	1
2404	1461	1
1755	1087	1
2319	1202	1
1550	919	1
1665	407	1
2376	1889	1
1335	1512	1
373	28	1
1713	226	1
1818	1988	1
1330	1853	1
2719	972	1
1264	1567	1
375	1684	1
2151	1325	1
1280	1816	1
2935	1820	1
1371	1228	1
2618	870	1
920	1638	1
125	1660	1
143	1829	1
1946	847	1
1762	1129	1
321	1335	1
2057	1468	1
1641	1405	1
1718	897	1
1682	130	1
2723	1487	1
1591	1229	1
487	184	1
1965	1707	1
709	1335	1
284	1286	1
164	1289	1
2783	1573	1
314	304	1
1810	1331	1
1368	915	1
2471	546	1
2507	1863	1
932	1002	1
1335	839	1
1319	1315	1
144	1519	1
358	1388	1
89	847	1
1942	776	1
2508	1899	1
2441	1054	1
137	1796	1
1655	361	1
1428	991	1
2991	1688	1
78	1543	1
1384	401	1
1612	741	1
2269	1016	1
707	1332	1
2234	735	1
2695	1230	1
1002	145	1
253	961	1
1665	1784	1
1509	38	1
1459	1289	1
2355	587	1
1376	1571	1
1643	1353	1
410	742	1
23	1558	1
2649	1015	1
1641	357	1
1262	1456	1
2522	1369	1
1842	1275	1
1989	1921	1
1030	1459	1
179	900	1
1361	52	1
440	1123	1
136	818	1
1024	792	1
239	1191	1
37	1102	1
2296	1242	1
2733	226	1
2	1827	1
2552	1450	1
2863	195	1
30	1316	1
1357	834	1
1035	800	1
778	1676	1
95	1538	1
2346	1541	1
2589	930	1
2922	304	1
1194	704	1
1158	1153	1
925	706	1
2859	684	1
2194	1946	1
2199	396	1
2704	1160	1
2792	788	1
2770	1321	1
439	1698	1
1149	781	1
2441	1768	1
394	434	1
1410	1531	1
1351	877	1
2752	766	1
2564	1841	1
806	1644	1
2893	302	1
1480	199	1
2600	538	1
430	1777	1
620	1519	1
2070	68	1
1687	1510	1
2029	1638	1
1455	1132	1
712	657	1
96	897	1
1416	1719	1
2028	1239	1
1902	903	1
2929	765	1
397	1699	1
789	1463	1
1625	551	1
1172	700	1
1029	1942	1
2478	568	1
1927	1930	1
1629	469	1
2267	1838	1
1091	631	1
360	80	1
1541	980	1
2438	936	1
2336	1158	1
2020	676	1
2158	358	1
944	451	1
2497	867	1
1992	372	1
154	1809	1
55	73	1
58	292	1
1016	1476	1
2256	1510	1
2389	739	1
731	483	1
2434	1825	1
2344	1917	1
1144	747	1
69	956	1
2960	944	1
1201	1885	1
2903	20	1
2225	985	1
2401	345	1
919	114	1
2694	762	1
817	1119	1
2767	1507	1
1190	1050	1
1921	332	1
246	1074	1
1693	1210	1
2087	963	1
1593	1906	1
2776	969	1
116	305	1
2662	1464	1
2624	170	1
1591	526	1
762	242	1
1051	1759	1
2647	863	1
1783	79	1
2804	1337	1
1219	825	1
1069	680	1
1216	1776	1
512	699	1
2033	1906	1
2289	1331	1
341	1035	1
233	1436	1
1001	703	1
223	620	1
1117	281	1
480	370	1
1360	163	1
2212	485	1
2251	227	1
2679	1789	1
2122	444	1
2933	415	1
499	1292	1
2821	1980	1
672	1954	1
171	951	1
2288	239	1
468	1340	1
2771	984	1
1582	736	1
1248	1902	1
1925	7	1
2634	1665	1
177	1305	1
1633	86	1
2815	559	1
2312	18	1
1062	367	1
1168	768	1
2695	0	1
1198	1096	1
294	1582	1
2961	27	1
1597	1741	1
2394	918	1
2683	216	1
375	1290	1
1070	1119	1
432	1183	1
2691	1575	1
1867	847	1
50	329	1
2450	602	1
2505	518	1
237	35	1
1840	816	1
1062	107	1
146	1276	1
1136	1110	1
754	1434	1
612	1565	1
2596	614	1
515	1710	1
1708	11	1
2683	1600	1
1995	570	1
543	1954	1
1226	201	1
562	1907	1
2581	1453	1
2075	967	1
70	1338	1
830	1880	1
1380	1237	1
1558	1692	1
2421	1283	1
318	1834	1
2039	63	1
585	1951	1
2769	1580	1
332	73	1
1016	583	1
1386	1467	1
753	867	1
1805	751	1
592	815	1
165	1012	1
682	424	1
2239	381	1
2746	435	1
2943	478	1
2061	1347	1
2357	8	1
1115	1021	1
908	529	1
1505	1724	1
2338	1376	1
901	1347	1
644	1927	1
975	1635	1
725	875	1
2922	109	1
55	331	1
1674	642	1
2706	1352	1
437	1825	1
2453	1618	1
1480	1545	1
649	1223	1
1496	650	1
1095	186	1
110	1513	1
1269	1713	1
1828	1402	1
1536	1806	1
2258	599	1
571	753	1
34	21	1
2686	310	1
782	1990	1
2592	665	1
600	1396	1
2834	1241	1
1933	425	1
1907	844	1
879	377	1
2422	67	1
694	1955	1
2797	1136	1
1547	676	1
908	201	1
62	1292	1
1625	660	1
1612	1471	1
352	1460	1
249	42	1
757	1493	1
1612	445	1
1001	1761	1
643	1183	1
2038	1667	1
1314	923	1
1870	1410	1
2312	1342	1
877	991	1
900	170	1
2658	893	1
1191	539	1
1134	1114	1
1451	1875	1
1688	381	1
2407	1235	1
200	776	1
2457	1033	1
2933	1683	1
439	950	1
728	1028	1
1961	614	1
2161	916	1
1707	704	1
856	1944	1
412	89	1
814	1682	1
2101	237	1
576	881	1
931	403	1
871	939	1
2340	1798	1
172	1144	1
1191	179	1
2158	388	1
851	1386	1
1042	281	1
1064	1773	1
2418	1559	1
2416	954	1
2759	1843	1
817	1475	1
1601	322	1
601	523	1
1479	1816	1
477	1342	1
283	1464	1
666	1423	1
1361	1596	1
2642	14	1
2833	1981	1
26	1649	1
1959	1300	1
2045	822	1
296	456	1
985	549	1
2713	1732	1
182	784	1
2084	1154	1
1673	1623	1
2304	731	1
124	484	1
1883	1221	1
1940	20	1
632	1523	1
701	1956	1
469	820	1
664	652	1
2358	1876	1
139	707	1
34	1547	1
717	1663	1
558	1594	1
774	1105	1
2553	149	1
2387	231	1
1523	128	1
986	1745	1
717	1823	1
535	715	1
2990	292	1
2520	56	1
1413	51	1
544	1710	1
930	363	1
2587	217	1
194	472	1
52	1364	1
2828	947	1
1633	1565	1
2312	790	1
2239	164	1
325	157	1
1033	1942	1
2722	1704	1
2734	1057	1
2117	1703	1
1772	1737	1
1939	1708	1
1072	477	1
2006	1849	1
2938	1062	1
1788	1126	1
2839	1381	1
1851	634	1
342	481	1
824	1912	1
1742	187	1
431	1476	1
75	154	1
1610	943	1
2753	310	1
2707	523	1
1565	976	1
2782	258	1
431	1983	1
2036	360	1
165	1038	1
1315	1134	1
1208	1865	1
2086	171	1
744	414	1
2956	951	1
1584	1751	1
1518	1396	1
971	259	1
2176	872	1
1228	151	1
384	1944	1
2918	157	1
553	1072	1
347	1970	1
1513	1587	1
2703	125	1
1447	1686	1
216	1741	1
1007	17	1
1715	1275	1
218	1661	1
825	1262	1
634	1983	1
2503	1878	1
2657	1013	1
1236	865	1
2362	312	1
835	614	1
2721	47	1
1202	542	1
1494	262	1
2086	786	1
1588	1321	1
561	37	1
431	105	1
62	451	1
1881	1561	1
326	1986	1
200	1801	1
331	1471	1
2744	1035	1
2244	806	1
1920	686	1
821	844	1
669	815	1
2303	1580	1
2339	940	1
1483	1221	1
1788	433	1
1026	1577	1
281	187	1
1460	1771	1
2014	1643	1
2687	410	1
878	1699	1
722	604	1
356	1940	1
2250	568	1
1258	1027	1
1079	1834	1
514	1299	1
788	106	1
2567	624	1
736	528	1
1294	888	1
2003	580	1
2037	540	1
1946	428	1
1690	1874	1
226	53	1
2236	1428	1
1360	359	1
2845	1920	1
1544	329	1
2946	566	1
592	1671	1
1968	943	1
1370	400	1
459	778	1
2546	1369	1
522	1533	1
2266	1810	1
853	1526	1
2526	1734	1
1038	118	1
2700	1932	1
1561	1030	1
1950	1348	1
1959	434	1
1202	1270	1
2131	1851	1
725	1055	1
1983	1592	1
2713	1467	1
2190	422	1
1938	956	1
600	1587	1
1080	1995	1
1850	1809	1
545	1080	1
2907	356	1
1382	1468	1
1089	825	1
506	1144	1
818	1110	1
453	1699	1
2294	1119	1
2252	1267	1
675	302	1
1058	1516	1
2231	10	1
1705	1314	1
1295	1976	1
192	407	1
1822	781	1
1899	1814	1
1146	10	1
1486	1854	1
1561	1540	1
1185	1735	1
2312	1748	1
1494	228	1
780	1942	1
2142	1792	1
232	156	1
482	900	1
1972	134	1
2928	1152	1
181	283	1
823	490	1
2338	357	1
2597	580	1
2833	1011	1
700	1260	1
832	577	1
2391	935	1
2788	1850	1
708	448	1
1752	247	1
2674	1659	1
2670	602	1
2242	1784	1
1755	920	1
494	353	1
450	1692	1
2820	1202	1
1440	1262	1
1501	1312	1
1107	1941	1
2919	651	1
1574	1919	1
1718	1708	1
2381	1098	1
320	790	1
2793	1132	1
1702	1033	1
584	1566	1
1416	1414	1
1559	1240	1
2281	121	1
2848	1442	1
1686	1375	1
87	976	1
1321	241	1
1236	1792	1
1915	1446	1
2239	624	1
1764	378	1
363	669	1
185	653	1
1506	1723	1
332	140	1
2219	1030	1
1807	1858	1
1657	1475	1
1963	138	1
2837	612	1
1121	1869	1
2329	537	1
1002	850	1
117	1709	1
2263	611	1
2385	1616	1
862	150	1
2720	1067	1
2659	330	1
1763	579	1
364	270	1
446	1477	1
901	1113	1
1309	1956	1
1805	664	1
2193	760	1
437	1256	1
1779	1088	1
2402	410	1
1950	588	1
2364	1409	1
51	1165	1
539	202	1
1643	1174	1
2103	466	1
60	137	1
138	543	1
983	1094	1
519	339	1
2218	414	1
2046	1870	1
1577	722	1
1171	41	1
270	478	1
514	1578	1
1744	201	1
127	1602	1
730	377	1
2933	913	1
43	539	1
758	1030	1
952	892	1
2759	1409	1
1477	1755	1
54	973	1
1137	1456	1
752	1527	1
2397	789	1
1680	1753	1
2570	309	1
1429	1398	1
741	1220	1
1138	448	1
2678	1797	1
2484	1643	1
1153	1472	1
1032	1101	1
1648	1540	1
499	675	1
1330	1596	1
1215	788	1
1045	761	1
1329	117	1
706	1336	1
863	778	1
818	400	1
1785	281	1
2226	421	1
2136	883	1
609	1468	1
224	1977	1
2988	85	1
492	126	1
639	1193	1
1242	582	1
836	630	1
1622	1609	1
1551	1911	1
1623	204	1
1182	1125	1
179	1461	1
2601	1541	1
510	34	1
2715	135	1
637	704	1
195	55	1
2908	364	1
958	1105	1
865	218	1
1668	322	1
1737	1014	1
2910	536	1
1622	588	1
453	254	1
1398	621	1
2983	737	1
2038	1221	1
2294	1573	1
2373	1232	1
1092	185	1
1677	743	1
64	676	1
763	260	1
698	555	1
1608	1972	1
2232	1574	1
1796	1344	1
1882	1254	1
2204	514	1
2855	1628	1
1736	446	1
2507	906	1
1254	1574	1
318	784	1
480	1865	1
1951	357	1
2252	953	1
2021	1062	1
894	1677	1
592	1084	1
2002	652	1
921	1904	1
1228	833	1
2526	1038	1
2868	905	1
2172	1989	1
1249	1980	1
855	1717	1
2253	358	1
2613	958	1
377	1798	1
1484	624	1
1694	1302	1
2476	864	1
2903	250	1
2628	1529	1
1683	775	1
2484	1813	1
1102	750	1
1653	1753	1
1505	167	1
1413	780	1
937	641	1
340	1623	1
1125	1494	1
1436	690	1
1519	1052	1
400	71	1
1055	218	1
1883	1407	1
1100	208	1
2666	967	1
641	1350	1
1228	1585	1
1129	1733	1
2748	1949	1
852	786	1
807	416	1
1195	1327	1
1562	987	1
2869	884	1
361	68	1
559	212	1
2904	527	1
393	423	1
1204	1943	1
2850	778	1
2641	1441	1
2938	1670	1
2465	1857	1
945	1949	1
2606	1145	1
446	754	1
1564	1956	1
1781	1465	1
2269	1681	1
2877	394	1
2989	1402	1
2671	926	1
2902	377	1
2945	1116	1
1919	1028	1
2685	1038	1
866	1559	1
1431	152	1
443	290	1
1868	183	1
1192	1714	1
2609	1199	1
2910	1994	1
74	947	1
2731	1607	1
1	1746	1
2491	1650	1
2242	1942	1
1374	926	1
167	1683	1
1331	1319	1
1871	1904	1
1758	38	1
2214	1198	1
1368	42	1
499	1337	1
2844	1194	1
2538	1161	1
1090	733	1
994	191	1
2987	972	1
763	973	1
982	1300	1
952	1031	1
2237	734	1
2741	1021	1
2300	230	1
1900	86	1
2372	253	1
2946	1897	1
2009	1432	1
1130	1101	1
1776	611	1
1456	449	1
352	96	1
704	281	1
689	1992	1
769	1352	1
2710	16	1
2307	174	1
2035	1490	1
1673	1774	1
2981	754	1
337	94	1
1317	758	1
1062	1647	1
1656	1793	1
2234	1634	1
128	1769	1
2536	345	1
2257	1964	1
607	957	1
767	564	1
1026	851	1
2875	1920	1
1988	201	1
283	1178	1
1840	1101	1
1980	847	1
2	1385	1
1406	374	1
2393	1093	1
1730	1067	1
1494	235	1
2166	1498	1
2956	1772	1
461	1456	1
2689	938	1
1160	343	1
1479	1387	1
1491	149	1
2601	1454	1
2168	1881	1
94	1201	1
524	960	1
1528	1983	1
2982	1061	1
2127	603	1
2032	354	1
1470	1266	1
1768	177	1
2541	1012	1
61	1134	1
397	1567	1
2854	1412	1
88	1178	1
2998	850	1
461	448	1
2972	1244	1
755	966	1
1696	1861	1
1638	1267	1
2937	275	1
1566	1921	1
1368	243	1
2102	950	1
1519	287	1
2201	269	1
2570	1509	1
610	838	1
2162	1979	1
31	1525	1
2503	1615	1
1662	739	1
849	815	1
483	905	1
2171	307	1
373	1098	1
206	1536	1
790	512	1
2412	1098	1
2202	501	1
214	1928	1
1259	1247	1
175	1523	1
668	629	1
84	1545	1
1992	1242	1
1675	1755	1
578	963	1
2651	804	1
1259	150	1
1445	738	1
78	1897	1
270	1325	1
2961	938	1
727	66	1
640	393	1
126	423	1
1241	762	1
114	96	1
748	1412	1
2146	1564	1
2704	285	1
2779	1520	1
534	1701	1
1067	1514	1
170	1878	1
675	1551	1
2137	417	1
1426	1779	1
2326	393	1
1662	1147	1
1573	1304	1
2041	1546	1
2932	324	1
553	1368	1
2138	530	1
1568	1647	1
403	1178	1
2372	1884	1
2675	881	1
27	1870	1
541	1702	1
1801	241	1
1056	1163	1
1246	153	1
1512	1113	1
2412	139	1
1304	1490	1
1519	326	1
1529	1141	1
68	193	1
712	1491	1
1811	889	1
1386	1515	1
2985	140	1
1320	1647	1
164	1178	1
2775	368	1
741	1545	1
1141	662	1
1090	508	1
4	1250	1
2631	351	1
1126	1994	1
2234	1426	1
907	216	1
2608	865	1
1631	160	1
610	600	1
1688	705	1
2176	690	1
2528	1344	1
1147	1942	1
1817	313	1
2009	1142	1
955	548	1
1369	1762	1
2564	290	1
931	1373	1
2602	1640	1
201	915	1
654	398	1
2449	1994	1
453	580	1
808	1769	1
347	868	1
2953	577	1
750	118	1
721	951	1
856	1955	1
126	1953	1
1503	912	1
487	831	1
1963	808	1
217	247	1
1359	1404	1
2535	536	1
2897	994	1
1511	75	1
862	1419	1
242	627	1
32	503	1
546	227	1
715	1795	1
1956	952	1
1559	599	1
2164	642	1
2239	256	1
2625	1482	1
2152	941	1
1948	1482	1
2537	878	1
1060	1691	1
1482	1791	1
2373	1948	1
1799	977	1
45	761	1
629	35	1
2409	776	1
2737	1474	1
323	1208	1
2587	1902	1
646	1982	1
1847	1935	1
273	1326	1
805	1531	1
2948	221	1
1582	1944	1
1751	1004	1
2726	1927	1
851	103	1
1628	1013	1
2759	1600	1
2181	107	1
16	466	1
2445	1382	1
1469	983	1
2472	587	1
1748	517	1
1554	1404	1
710	1480	1
1499	1268	1
36	1800	1
2764	1360	1
69	725	1
98	189	1
1793	1537	1
1728	550	1
1907	925	1
2587	662	1
1130	430	1
845	1524	1
10	778	1
2008	672	1
74	511	1
2550	21	1
1356	1434	1
1107	1853	1
2902	13	1
1209	813	1
729	1953	1
638	217	1
391	1115	1
1749	275	1
2121	1922	1
1592	454	1
1299	1283	1
1597	1646	1
980	1817	1
488	787	1
182	438	1
1086	927	1
881	1646	1
2503	1375	1
1983	337	1
1288	985	1
2162	868	1
1831	1576	1
2123	342	1
1972	1388	1
2311	797	1
2810	809	1
2913	934	1
1418	734	1
1655	1875	1
1350	1826	1
379	950	1
1771	212	1
2215	931	1
119	1991	1
1365	1217	1
1229	853	1
2950	1731	1
2503	490	1
1401	1815	1
559	1345	1
779	1723	1
639	955	1
1414	1303	1
716	1901	1
500	791	1
1877	1802	1
2932	696	1
2077	1104	1
2456	711	1
1185	983	1
1407	1111	1
1779	243	1
2981	1732	1
1788	1848	1
1730	968	1
1323	462	1
2087	1278	1
2584	504	1
2006	964	1
2183	898	1
473	424	1
1344	1537	1
709	1574	1
541	1699	1
2474	502	1
252	128	1
2422	550	1
2035	1903	1
1830	1109	1
495	507	1
1089	920	1
1285	781	1
841	1832	1
2948	1888	1
579	1234	1
679	840	1
2795	1043	1
2558	10	1
1302	1331	1
927	796	1
447	1221	1
1732	86	1
799	1435	1
1555	1888	1
2720	697	1
1189	186	1
304	388	1
1102	1176	1
573	570	1
165	786	1
2554	681	1
1005	612	1
740	1842	1
2863	1564	1
2386	1053	1
1496	396	1
1480	652	1
337	114	1
72	694	1
1284	245	1
146	1885	1
233	1653	1
1756	1109	1
409	1775	1
2894	678	1
2713	1614	1
1401	879	1
2055	891	1
2304	119	1
2655	646	1
2111	943	1
2139	293	1
2030	426	1
2572	1524	1
1081	1189	1
2030	882	1
356	617	1
308	1887	1
1242	1967	1
2606	1676	1
487	1259	1
1275	975	1
1270	388	1
657	428	1
862	1	1
2477	733	1
2695	1476	1
559	1286	1
1770	100	1
1405	595	1
870	1606	1
335	1985	1
2978	1235	1
1471	1969	1
1003	157	1
298	1556	1
2670	851	1
2426	607	1
2411	1700	1
1573	14	1
177	1238	1
2807	435	1
2963	1800	1
2313	763	1
1638	1181	1
2577	1909	1
2803	1293	1
2780	696	1
1548	1490	1
2098	1203	1
597	1524	1
2563	419	1
1659	326	1
641	786	1
2056	284	1
2048	1252	1
1167	1009	1
1289	633	1
566	399	1
219	1354	1
1767	202	1
2819	772	1
2511	1293	1
2891	587	1
2872	1612	1
2457	931	1
257	310	1
204	1334	1
2280	270	1
2099	220	1
510	1373	1
126	1508	1
660	822	1
961	655	1
1251	354	1
1800	1624	1
2615	1536	1
803	1092	1
243	247	1
2637	276	1
894	1649	1
1595	1928	1
402	899	1
2149	287	1
1157	89	1
1026	1403	1
2228	505	1
2092	757	1
2289	902	1
815	943	1
1906	111	1
1609	1177	1
747	962	1
1060	48	1
1667	1378	1
629	1171	1
2913	491	1
2624	852	1
1649	762	1
1943	1809	1
1732	339	1
119	1910	1
437	685	1
12	88	1
2249	1647	1
1978	1539	1
1398	508	1
1561	190	1
1597	523	1
1740	237	1
1267	52	1
770	32	1
1106	46	1
1018	617	1
466	1250	1
1701	1672	1
2679	1835	1
640	198	1
2324	1628	1
2373	420	1
2888	1626	1
1975	305	1
2021	516	1
2792	549	1
115	154	1
2290	1363	1
705	1399	1
2403	476	1
2771	555	1
1965	1871	1
993	561	1
2058	854	1
1402	1121	1
1532	1257	1
2451	1174	1
2154	786	1
99	1090	1
323	362	1
2025	1674	1
2607	682	1
140	1531	1
2245	1414	1
1463	1672	1
680	1787	1
1668	1586	1
174	1010	1
112	1291	1
2852	971	1
866	349	1
2393	834	1
388	240	1
680	21	1
874	550	1
2656	711	1
2183	1315	1
2945	306	1
2225	973	1
1722	676	1
1885	1238	1
1498	746	1
2980	1350	1
1811	1289	1
1653	780	1
2182	1426	1
1504	1583	1
719	958	1
2206	163	1
333	588	1
819	120	1
704	35	1
1703	1925	1
2358	1676	1
1379	727	1
2266	385	1
737	1531	1
1955	242	1
1379	1803	1
2653	1776	1
2455	1168	1
352	810	1
1740	1221	1
1309	709	1
923	873	1
1620	447	1
2690	282	1
2203	890	1
667	1152	1
907	1	1
1603	800	1
2830	1887	1
2765	1541	1
2004	1827	1
1377	926	1
1725	1723	1
1985	1853	1
2137	217	1
2513	276	1
1981	834	1
456	198	1
240	1087	1
2092	1513	1
2485	1483	1
2297	1444	1
2846	1931	1
2915	888	1
2484	1660	1
1193	489	1
1186	28	1
61	714	1
2324	861	1
2732	1755	1
2683	537	1
1165	790	1
1806	1691	1
2814	1300	1
2450	1099	1
1423	628	1
2222	604	1
1082	1212	1
2010	639	1
628	431	1
1959	1147	1
1817	1379	1
1003	1650	1
449	1265	1
2426	1004	1
2455	1087	1
2372	871	1
2988	635	1
423	522	1
717	1401	1
655	922	1
538	652	1
759	270	1
157	560	1
146	676	1
2921	602	1
16	93	1
2482	124	1
2354	1609	1
1749	513	1
492	515	1
698	764	1
2606	912	1
2321	1070	1
1425	1523	1
1702	977	1
2731	582	1
1195	1108	1
2531	1794	1
1040	1246	1
585	327	1
909	1062	1
2097	1015	1
796	419	1
2975	1166	1
189	1063	1
128	1660	1
574	861	1
1425	26	1
1391	1878	1
2595	1707	1
560	1505	1
1118	1291	1
279	1024	1
2388	954	1
1004	148	1
1006	1790	1
2912	693	1
2678	547	1
2287	1627	1
1641	268	1
1131	287	1
85	884	1
412	221	1
1958	716	1
2589	1350	1
1351	231	1
2180	355	1
315	1103	1
891	368	1
1490	33	1
902	1216	1
1211	247	1
657	983	1
1291	924	1
2866	1420	1
268	1411	1
2575	1833	1
103	1773	1
1605	1487	1
2261	995	1
103	619	1
2731	1365	1
1786	1033	1
1711	1656	1
2138	211	1
2267	164	1
1741	267	1
122	1358	1
2623	1610	1
2628	1071	1
560	570	1
2455	429	1
1586	331	1
2874	1270	1
578	1589	1
2186	997	1
471	344	1
32	1838	1
1966	1888	1
1288	1856	1
1336	93	1
53	1671	1
1799	1168	1
220	698	1
927	1807	1
542	960	1
323	1977	1
2856	128	1
1664	1391	1
2859	1542	1
319	968	1
2688	1560	1
2500	1321	1
1353	149	1
1097	100	1
2000	1146	1
1408	721	1
2140	660	1
1859	31	1
827	1084	1
947	1035	1
690	661	1
1130	1731	1
1017	54	1
823	273	1
2144	1004	1
562	1595	1
1790	65	1
223	1685	1
2595	579	1
1910	1459	1
399	1844	1
1203	354	1
2025	123	1
2300	1888	1
1353	1778	1
2520	945	1
52	1939	1
1557	33	1
2796	504	1
1632	533	1
2887	1987	1
2392	648	1
731	1418	1
2036	1683	1
2016	1936	1
2347	647	1
2824	917	1
784	1169	1
2330	1311	1
2662	1747	1
1757	776	1
1468	794	1
2193	1221	1
1083	189	1
2781	1081	1
1692	1036	1
570	1549	1
1142	893	1
2118	212	1
2908	356	1
1726	161	1
1025	748	1
2528	1788	1
1287	1989	1
890	922	1
1396	1652	1
570	1765	1
1914	254	1
2997	1255	1
1799	1139	1
2258	1990	1
2625	1980	1
1039	928	1
912	1196	1
1637	1351	1
2112	1196	1
546	1052	1
531	1743	1
1315	237	1
2354	1804	1
1514	457	1
520	896	1
960	1672	1
2193	1023	1
2472	506	1
2132	528	1
1839	921	1
1761	388	1
86	258	1
1433	571	1
2123	1450	1
1825	1335	1
2616	509	1
121	1396	1
2919	1886	1
604	1022	1
2683	1250	1
86	635	1
1134	1046	1
1953	1064	1
2318	337	1
2799	1733	1
2246	1429	1
435	1022	1
1272	354	1
2018	1308	1
273	1115	1
1374	1946	1
2447	613	1
1608	931	1
2777	1964	1
940	1804	1
1770	1010	1
726	820	1
10	189	1
1079	1435	1
723	1041	1
1041	1347	1
2641	1999	1
2139	1202	1
2408	1572	1
1829	972	1
1020	1000	1
1225	166	1
2174	1674	1
878	1674	1
1176	859	1
2647	802	1
530	554	1
1184	417	1
2071	1652	1
51	118	1
602	921	1
2581	1153	1
826	13	1
1448	492	1
1962	906	1
701	414	1
1934	1919	1
1136	263	1
2679	309	1
609	633	1
2348	1403	1
1290	1709	1
839	1731	1
2886	702	1
2016	1319	1
1529	1519	1
2474	1715	1
313	1486	1
1629	1849	1
1701	17	1
799	1970	1
481	1279	1
2018	1869	1
2580	703	1
2721	601	1
64	1249	1
115	1613	1
2749	556	1
1680	1355	1
794	1238	1
1430	1400	1
1585	1970	1
1723	1300	1
615	1071	1
1404	429	1
101	1804	1
521	1250	1
60	9	1
2306	1710	1
1823	571	1
1831	49	1
59	1059	1
2504	1308	1
1268	531	1
454	1166	1
577	601	1
150	1361	1
2728	1171	1
838	1304	1
2730	478	1
343	941	1
2551	1419	1
1350	1489	1
485	925	1
1557	1070	1
2789	1928	1
2277	668	1
2496	1432	1
9	1137	1
567	1078	1
1992	1634	1
2957	1440	1
1820	1971	1
2350	1139	1
1445	601	1
2540	1803	1
1034	734	1
2322	838	1
2157	1295	1
2637	1476	1
2951	1227	1
231	665	1
1338	732	1
2879	584	1
2569	646	1
2855	1961	1
2165	1925	1
418	301	1
1232	562	1
546	486	1
1685	318	1
750	140	1
2652	1658	1
2235	492	1
2615	1849	1
2956	305	1
1726	249	1
2180	1429	1
1968	1771	1
2350	720	1
2742	1941	1
83	1138	1
1718	256	1
1192	539	1
1137	1004	1
1112	739	1
1887	281	1
287	1007	1
993	332	1
491	51	1
2617	156	1
92	458	1
2632	398	1
151	1925	1
879	1465	1
2170	1436	1
292	180	1
1220	1394	1
1252	207	1
2177	113	1
579	605	1
2291	763	1
2217	1744	1
800	240	1
1731	1034	1
1254	1316	1
306	514	1
844	95	1
1343	1817	1
2225	1068	1
269	648	1
1056	404	1
305	1020	1
199	691	1
955	1112	1
1034	1098	1
1318	1356	1
322	1014	1
2987	1453	1
869	724	1
848	1459	1
357	1021	1
2304	1245	1
911	1414	1
592	574	1
2262	1089	1
72	509	1
25	1573	1
2452	699	1
2555	1898	1
1775	1450	1
1268	1857	1
1687	1407	1
517	1729	1
956	1472	1
2499	753	1
2632	1796	1
1117	858	1
2172	1095	1
2332	589	1
861	1407	1
548	128	1
995	1328	1
825	1869	1
2085	396	1
2735	739	1
926	920	1
1545	1584	1
486	1981	1
1010	457	1
39	1024	1
2083	229	1
697	1395	1
1983	1836	1
2083	1545	1
435	952	1
113	1579	1
1871	33	1
2493	438	1
1183	1982	1
685	1581	1
2748	1144	1
150	1135	1
674	1476	1
819	1150	1
2010	728	1
2732	1377	1
360	632	1
1000	19	1
2236	1419	1
1749	733	1
2664	1965	1
2871	1943	1
437	1521	1
1204	342	1
784	780	1
1526	78	1
2133	542	1
2001	1111	1
1555	1209	1
2485	1200	1
505	1809	1
2992	1076	1
2095	172	1
2050	756	1
881	1322	1
2362	623	1
1197	1375	1
310	1617	1
654	1150	1
576	1489	1
430	871	1
2889	1145	1
2947	1118	1
67	968	1
1945	1760	1
2013	269	1
385	1488	1
1243	1715	1
255	978	1
1639	1951	1
2101	343	1
411	63	1
1993	935	1
1283	1188	1
2375	1732	1
2335	740	1
2178	1998	1
482	936	1
1634	645	1
1073	1139	1
577	369	1
2847	448	1
1938	582	1
2620	1109	1
594	381	1
1934	75	1
1266	1228	1
1127	1295	1
274	1725	1
2170	1887	1
663	888	1
414	134	1
1136	1008	1
665	1215	1
340	161	1
597	1734	1
1229	1218	1
2424	1006	1
673	105	1
1028	123	1
2650	1628	1
2332	1869	1
833	1628	1
1698	630	1
1239	754	1
2524	323	1
367	306	1
463	1147	1
1932	1279	1
1285	1394	1
2709	1939	1
269	474	1
600	654	1
2315	1226	1
448	1610	1
1444	453	1
636	1471	1
1346	988	1
343	353	1
1409	1930	1
1165	98	1
2262	251	1
2700	164	1
2068	560	1
2259	1486	1
2062	213	1
2365	266	1
2180	1464	1
2458	1105	1
2230	1472	1
497	1586	1
1989	1057	1
1204	1273	1
379	1301	1
364	859	1
2148	248	1
647	61	1
779	1067	1
1099	1126	1
122	914	1
2054	302	1
1373	565	1
1376	1269	1
2288	259	1
514	1039	1
1651	1913	1
818	660	1
2742	901	1
1753	959	1
2403	644	1
2450	1741	1
1297	781	1
2328	949	1
1064	671	1
56	433	1
1231	992	1
1625	1028	1
2730	1845	1
2401	1997	1
69	1194	1
305	197	1
1335	872	1
625	1725	1
1892	1749	1
1166	82	1
1923	1946	1
2032	1421	1
1341	797	1
2662	1725	1
2890	1507	1
537	167	1
2341	108	1
1478	1966	1
1749	1318	1
2161	1052	1
1480	1775	1
1091	1577	1
32	1172	1
900	351	1
1848	795	1
1720	444	1
2145	979	1
2907	3	1
17	163	1
840	888	1
1982	1947	1
1961	1618	1
2983	841	1
1711	1521	1
398	468	1
2225	1755	1
708	405	1
2973	130	1
1660	1666	1
591	1175	1
1397	787	1
1596	899	1
2956	1049	1
2015	933	1
967	12	1
1450	1320	1
211	335	1
2464	1091	1
2583	1984	1
1361	294	1
481	1429	1
1417	1543	1
919	429	1
2323	358	1
359	1394	1
1660	520	1
439	1420	1
2869	1734	1
1145	765	1
1462	710	1
1939	428	1
1585	1432	1
1168	966	1
605	150	1
2067	1020	1
113	536	1
1872	1343	1
2770	174	1
360	1569	1
805	838	1
1182	1720	1
23	552	1
1517	1357	1
838	685	1
1075	1489	1
1810	684	1
444	62	1
2998	911	1
109	540	1
2960	1794	1
2248	1402	1
637	648	1
2417	1355	1
872	1845	1
2443	773	1
103	1652	1
965	423	1
156	1619	1
2512	832	1
2620	727	1
861	1484	1
49	1720	1
1839	227	1
2893	997	1
1842	1103	1
2121	942	1
2676	247	1
2289	54	1
609	815	1
2785	1258	1
2435	686	1
1012	1767	1
2008	802	1
2044	400	1
501	1482	1
2794	59	1
1567	824	1
1813	1233	1
603	1495	1
1409	983	1
1907	539	1
2809	1812	1
2824	1576	1
865	226	1
568	518	1
526	1575	1
2060	1327	1
2615	1401	1
2350	1828	1
1028	373	1
509	1323	1
2761	1303	1
2370	960	1
230	1442	1
2820	1827	1
329	1356	1
459	1441	1
515	1809	1
725	1767	1
981	753	1
1705	843	1
241	1127	1
88	1746	1
2199	1683	1
2816	1964	1
2697	282	1
852	1618	1
1312	1579	1
521	956	1
2241	931	1
1612	1644	1
2395	142	1
2769	1149	1
2064	1734	1
623	1834	1
1600	1259	1
2250	1863	1
1726	1673	1
1903	1811	1
1587	1609	1
983	129	1
2060	1699	1
2340	119	1
940	665	1
2441	1846	1
1683	1362	1
219	141	1
1820	807	1
1353	476	1
186	1037	1
381	92	1
389	908	1
1362	338	1
1361	1317	1
1897	1208	1
2095	114	1
498	1390	1
1578	357	1
768	1008	1
963	641	1
2298	1544	1
2917	1892	1
2019	375	1
527	857	1
2324	1163	1
1018	754	1
2760	1240	1
2987	1047	1
147	255	1
984	1013	1
1737	342	1
163	1814	1
2510	568	1
910	775	1
2751	624	1
763	1441	1
2303	1313	1
2705	897	1
1573	11	1
180	556	1
999	1199	1
1368	344	1
2923	258	1
1246	1976	1
2320	686	1
2746	1454	1
2190	293	1
536	1723	1
1869	1400	1
2384	125	1
1879	560	1
1499	1318	1
2453	1469	1
1236	1836	1
1736	231	1
1035	393	1
547	1886	1
600	1837	1
269	579	1
2052	224	1
2225	1725	1
2913	430	1
1934	1568	1
1605	582	1
892	4	1
890	1154	1
2709	642	1
1134	1940	1
2804	342	1
997	1269	1
2376	1377	1
2341	334	1
609	161	1
436	112	1
2926	1619	1
812	1022	1
1440	1449	1
2939	84	1
313	611	1
1642	856	1
581	1866	1
2763	666	1
2092	250	1
2429	1013	1
1457	196	1
526	661	1
1218	324	1
471	1595	1
2510	1831	1
355	688	1
1524	87	1
1603	1371	1
2474	307	1
2446	456	1
2640	1724	1
1691	557	1
1979	364	1
1843	1423	1
1067	163	1
1662	1141	1
1413	218	1
2768	1171	1
1273	1038	1
338	734	1
220	946	1
2719	1047	1
2146	143	1
2538	1962	1
1417	604	1
2467	1455	1
1995	897	1
1554	234	1
1990	787	1
2295	8	1
1745	916	1
2343	1027	1
966	718	1
2417	1019	1
2716	923	1
1926	518	1
10	689	1
1499	1186	1
550	495	1
2185	1254	1
2473	1231	1
265	1831	1
479	30	1
926	1257	1
520	746	1
142	90	1
554	738	1
124	1904	1
1446	972	1
2298	1365	1
1657	990	1
2117	139	1
572	1329	1
2525	1701	1
1266	1115	1
2668	1366	1
1602	565	1
1884	162	1
932	43	1
1634	987	1
2695	738	1
467	1412	1
2283	1013	1
1971	1157	1
1760	1106	1
631	1322	1
2803	1698	1
666	1109	1
2121	1344	1
218	776	1
801	1119	1
365	749	1
2165	1071	1
852	1547	1
1997	349	1
1970	1900	1
815	1481	1
2920	1202	1
1602	1071	1
1099	511	1
1939	1535	1
214	240	1
1897	1517	1
1831	295	1
1166	859	1
1732	661	1
611	1633	1
298	416	1
2037	142	1
2248	1270	1
235	746	1
1502	1501	1
660	132	1
2680	1055	1
1215	628	1
876	213	1
2124	1344	1
2419	842	1
122	1146	1
2147	6	1
426	72	1
2850	1810	1
2411	203	1
2916	1545	1
1861	1136	1
1339	1799	1
1184	603	1
1708	1280	1
1648	320	1
153	594	1
1823	1396	1
628	1333	1
131	408	1
2768	339	1
67	1831	1
736	871	1
501	1975	1
2219	574	1
0	228	1
2135	804	1
2832	620	1
1636	748	1
2349	742	1
2760	326	1
2570	1006	1
2206	360	1
886	1629	1
2936	1915	1
1708	162	1
987	911	1
1408	1454	1
1303	1395	1
889	1896	1
537	790	1
2885	1588	1
1709	1565	1
581	564	1
337	664	1
2191	1633	1
808	519	1
2998	367	1
1768	87	1
2677	727	1
107	1133	1
2994	589	1
1692	911	1
543	635	1
2948	512	1
564	892	1
2841	1804	1
820	1243	1
2472	525	1
2634	1266	1
1866	312	1
1532	108	1
1875	1978	1
2984	264	1
2874	703	1
2298	1865	1
893	897	1
2151	347	1
2229	1826	1
246	1556	1
29	810	1
1319	1435	1
2659	160	1
2863	91	1
816	1628	1
178	490	1
1694	1796	1
293	237	1
2150	113	1
380	591	1
1542	120	1
629	1308	1
257	1161	1
1604	517	1
2141	1	1
1857	805	1
2765	1843	1
2797	257	1
1940	68	1
54	257	1
441	1623	1
1450	461	1
2445	421	1
316	1963	1
1327	1857	1
2276	843	1
2129	258	1
2228	1787	1
223	84	1
530	1084	1
1701	1622	1
136	1727	1
2251	105	1
2161	630	1
456	1549	1
875	549	1
2566	1418	1
1157	1981	1
1632	1008	1
1863	804	1
429	1276	1
2244	1492	1
2372	197	1
2848	561	1
2121	1586	1
22	712	1
1667	727	1
2858	1213	1
2498	1801	1
1858	604	1
671	1980	1
1098	1478	1
2640	1439	1
1637	858	1
2552	1862	1
1560	1797	1
1507	1502	1
1010	630	1
2490	1761	1
1870	784	1
104	544	1
1253	1452	1
2687	598	1
1770	452	1
1230	1687	1
744	353	1
1164	1611	1
2782	344	1
2867	731	1
14	1698	1
2341	43	1
975	1182	1
1837	1704	1
2220	1035	1
2002	555	1
150	682	1
106	541	1
1257	1197	1
0	1454	1
428	675	1
608	1810	1
1638	110	1
611	1177	1
2514	964	1
2921	313	1
1518	1257	1
1531	1839	1
1510	589	1
1100	946	1
2513	589	1
2774	1089	1
2836	227	1
2500	1980	1
250	37	1
254	1074	1
1585	470	1
1143	227	1
230	1742	1
2834	1883	1
1187	631	1
1750	1144	1
2094	483	1
1577	212	1
2086	105	1
1308	39	1
1955	684	1
2208	1864	1
498	107	1
2526	1404	1
1173	329	1
1131	633	1
365	1870	1
611	256	1
2128	928	1
2819	1769	1
879	937	1
2038	1579	1
1842	1241	1
255	1927	1
2561	1084	1
1261	1311	1
425	1703	1
2387	168	1
1260	986	1
2303	913	1
40	1148	1
2024	1040	1
902	572	1
1867	919	1
608	27	1
1795	276	1
2729	1920	1
2204	684	1
426	1513	1
1571	1119	1
2786	1332	1
773	90	1
595	241	1
2300	693	1
2695	502	1
2878	138	1
1321	1892	1
47	1594	1
2410	1930	1
1603	809	1
868	343	1
1031	867	1
201	1709	1
1017	1734	1
1774	1142	1
275	555	1
1701	1877	1
2040	1251	1
1759	745	1
1901	1142	1
2031	1612	1
764	509	1
1503	102	1
2473	863	1
94	647	1
2022	231	1
1806	1197	1
1354	24	1
1538	307	1
1211	1788	1
1873	1548	1
2698	1839	1
401	357	1
1504	1586	1
551	1502	1
616	1778	1
1771	427	1
1118	1642	1
654	1071	1
869	53	1
2002	1931	1
1139	1922	1
73	1098	1
1925	1840	1
303	961	1
1103	222	1
793	1096	1
72	915	1
1182	633	1
2429	1674	1
2967	1541	1
2810	615	1
1259	766	1
733	1754	1
1414	115	1
1351	999	1
732	1482	1
421	694	1
1547	1308	1
1328	1799	1
1196	1526	1
609	134	1
412	1500	1
1233	325	1
186	1092	1
1031	1964	1
705	1902	1
1152	359	1
1306	1975	1
210	1471	1
1819	1033	1
888	496	1
378	1319	1
2091	1094	1
2374	59	1
2004	637	1
2809	330	1
302	636	1
2212	409	1
599	521	1
2621	1199	1
1193	1442	1
56	1902	1
1588	1401	1
345	589	1
1426	1270	1
2553	1507	1
438	701	1
614	1203	1
2423	1717	1
2409	8	1
1649	1749	1
445	1562	1
1362	1015	1
640	507	1
1692	1123	1
2346	1226	1
2167	1512	1
555	68	1
2589	929	1
994	1562	1
796	1203	1
244	1947	1
2659	589	1
1231	1517	1
1194	1366	1
696	709	1
1176	63	1
957	1552	1
1042	657	1
1665	1972	1
2221	1869	1
488	1315	1
2114	1577	1
1207	1218	1
457	1565	1
1784	874	1
2870	1145	1
693	777	1
2241	1580	1
353	129	1
953	1568	1
1010	1883	1
1785	1260	1
1824	405	1
2465	246	1
1003	1496	1
810	1186	1
2832	1083	1
1679	540	1
2759	772	1
2239	940	1
1473	1404	1
1080	674	1
2181	289	1
413	241	1
2435	779	1
1938	1433	1
2341	277	1
1785	536	1
1020	1388	1
1590	1686	1
368	235	1
2034	234	1
297	1020	1
2481	1579	1
474	1636	1
2003	1484	1
2893	1882	1
2893	1175	1
503	1877	1
1586	439	1
1767	801	1
2789	601	1
1274	1795	1
1453	1683	1
2549	1193	1
1821	947	1
1125	732	1
1235	1164	1
1378	1180	1
1402	1237	1
2791	1033	1
503	289	1
2457	1119	1
84	388	1
1696	969	1
745	671	1
310	142	1
1092	245	1
2338	582	1
2568	540	1
350	1177	1
2959	1204	1
1633	1665	1
581	915	1
465	829	1
1940	1194	1
1476	1936	1
2186	1008	1
1428	1297	1
2690	1677	1
1999	305	1
2743	1498	1
677	1434	1
2715	404	1
1166	340	1
2039	971	1
911	1051	1
2402	693	1
2285	534	1
1102	1599	1
616	1702	1
1311	76	1
2673	324	1
620	513	1
2430	1766	1
2663	959	1
2053	1438	1
1384	384	1
2910	1580	1
1591	501	1
2297	1222	1
2235	905	1
668	754	1
2936	898	1
229	914	1
622	1280	1
255	482	1
2332	1007	1
124	1802	1
2200	1631	1
2681	1636	1
920	37	1
1829	847	1
723	1381	1
814	1563	1
1105	222	1
697	1530	1
883	1760	1
1056	366	1
2069	551	1
2449	752	1
2941	752	1
1325	920	1
2772	1818	1
1651	204	1
2223	605	1
1322	786	1
2937	173	1
2193	368	1
541	821	1
2020	435	1
63	1081	1
757	1938	1
748	912	1
2458	1527	1
573	791	1
1212	938	1
393	1052	1
317	161	1
813	1127	1
2445	1510	1
428	988	1
151	229	1
2945	1153	1
1601	288	1
1116	124	1
2960	1667	1
977	835	1
537	1028	1
617	1061	1
951	66	1
1079	883	1
326	316	1
1731	639	1
286	905	1
422	1694	1
1279	1150	1
1461	1799	1
2796	1491	1
366	388	1
377	1149	1
89	341	1
1098	1750	1
2404	645	1
950	1157	1
1187	969	1
2257	1542	1
516	77	1
1487	329	1
2631	1343	1
2578	1068	1
1174	462	1
1441	1076	1
220	1987	1
1823	267	1
185	1853	1
19	747	1
1516	1026	1
87	822	1
1192	628	1
2473	483	1
1418	926	1
143	3	1
1752	1604	1
1283	1031	1
1285	1607	1
1228	0	1
693	1615	1
65	1965	1
1074	1489	1
2544	1753	1
1640	66	1
178	1067	1
129	328	1
965	1427	1
2724	1499	1
1357	1488	1
2762	921	1
2306	223	1
2600	1596	1
738	1437	1
819	1242	1
20	1180	1
1936	179	1
1216	206	1
2454	1160	1
670	1485	1
171	74	1
579	1554	1
634	323	1
2726	919	1
2995	1881	1
358	82	1
723	359	1
1514	1768	1
5	1466	1
2767	34	1
1342	556	1
2780	369	1
93	1951	1
1152	1503	1
2498	1606	1
2562	694	1
2045	677	1
1978	1602	1
451	905	1
2495	114	1
1891	1898	1
1424	1978	1
916	1606	1
1087	478	1
304	1326	1
1877	847	1
981	27	1
522	823	1
1201	730	1
1281	241	1
645	1054	1
1889	139	1
1359	1718	1
1659	167	1
2381	8	1
2439	347	1
165	818	1
1433	877	1
2763	163	1
2887	16	1
2501	1240	1
2632	1779	1
2312	1571	1
698	413	1
1069	642	1
2322	13	1
259	1082	1
2789	1842	1
926	404	1
871	204	1
2390	1624	1
2094	518	1
2200	119	1
2923	1743	1
593	366	1
1548	1473	1
512	393	1
981	1336	1
2803	951	1
2972	1871	1
1001	291	1
752	446	1
2552	1460	1
2217	1997	1
381	997	1
638	1733	1
929	1630	1
1572	991	1
2754	1918	1
2416	1380	1
612	227	1
591	587	1
1243	1699	1
790	1001	1
527	1080	1
721	1471	1
530	1790	1
2433	1657	1
961	59	1
42	323	1
338	1123	1
1420	459	1
1181	196	1
682	1356	1
2784	1019	1
2148	997	1
180	654	1
2393	909	1
267	889	1
1762	315	1
927	1719	1
2842	1492	1
2563	782	1
2993	1800	1
34	1239	1
1560	968	1
330	1759	1
653	820	1
1684	813	1
529	512	1
848	295	1
2317	1490	1
2446	1072	1
280	1224	1
302	1128	1
1687	152	1
1065	1423	1
1167	870	1
2570	1113	1
2007	216	1
350	608	1
451	922	1
82	584	1
1015	611	1
1609	827	1
2360	434	1
563	1424	1
2955	1921	1
2910	127	1
1556	222	1
59	897	1
2721	1105	1
1456	168	1
2694	174	1
796	1375	1
2691	1487	1
2534	468	1
503	1193	1
1290	1299	1
163	744	1
206	312	1
872	629	1
1546	1058	1
590	701	1
1107	1698	1
1650	66	1
1339	619	1
1540	1661	1
61	74	1
19	1301	1
975	848	1
1046	1815	1
2794	1689	1
1199	375	1
658	1142	1
393	187	1
2459	1279	1
1840	679	1
1602	818	1
2023	704	1
2957	1443	1
275	799	1
68	963	1
469	1073	1
1130	1718	1
967	1132	1
612	448	1
724	1992	1
1596	1311	1
2445	1575	1
292	931	1
630	1117	1
2810	629	1
2804	1137	1
2778	656	1
607	1774	1
958	1507	1
2075	780	1
450	1243	1
1950	874	1
2280	1839	1
1791	1821	1
2674	1031	1
1790	1691	1
1348	1251	1
55	1080	1
1783	1381	1
311	696	1
1558	1032	1
309	1528	1
2599	182	1
2966	1349	1
2619	1475	1
1531	1920	1
2072	1414	1
1114	503	1
362	269	1
2268	337	1
2029	786	1
1396	1241	1
224	1332	1
1250	655	1
342	290	1
29	778	1
1599	1045	1
2521	561	1
2900	259	1
858	559	1
428	1695	1
405	1617	1
67	1653	1
250	906	1
601	676	1
1796	439	1
2106	731	1
370	1979	1
1287	1166	1
2445	1414	1
530	1135	1
2269	229	1
1913	1416	1
144	1384	1
6	451	1
2686	300	1
128	335	1
298	1070	1
1533	325	1
897	1348	1
2352	1886	1
2357	351	1
824	789	1
2563	1671	1
1229	1474	1
49	797	1
1427	1699	1
2900	1668	1
2111	1643	1
1813	1226	1
2080	673	1
2089	1567	1
1613	1624	1
2033	1686	1
641	856	1
1027	149	1
1019	605	1
1498	1196	1
573	1532	1
681	1002	1
351	605	1
546	590	1
2839	811	1
2537	1264	1
731	736	1
2852	714	1
1059	1875	1
1429	1088	1
2961	878	1
201	50	1
2226	1211	1
2554	106	1
800	1234	1
333	713	1
751	44	1
963	1295	1
434	137	1
103	1252	1
2101	107	1
702	476	1
777	1377	1
1019	1686	1
1511	664	1
1027	1202	1
249	561	1
554	1996	1
1474	576	1
2441	865	1
2856	636	1
1630	1712	1
458	171	1
1331	1481	1
262	902	1
557	519	1
1271	1307	1
1695	1309	1
1869	1108	1
159	1296	1
1918	775	1
2170	1328	1
722	1508	1
418	234	1
1211	1878	1
138	1948	1
2365	26	1
2893	1228	1
2431	125	1
2460	895	1
2357	208	1
1780	957	1
2181	1426	1
1010	1298	1
701	1853	1
1556	270	1
1151	457	1
1089	1627	1
948	851	1
302	28	1
2400	208	1
1951	1177	1
2626	921	1
367	1973	1
2420	881	1
1629	1169	1
1187	647	1
2700	1398	1
781	868	1
528	125	1
2255	1105	1
191	562	1
1802	143	1
252	1541	1
1654	424	1
1207	1705	1
1602	397	1
1501	893	1
1837	1779	1
1411	1830	1
1135	385	1
655	150	1
1491	944	1
2888	1346	1
2744	260	1
819	69	1
2789	1998	1
2900	822	1
2162	920	1
212	1179	1
2199	426	1
2036	630	1
388	1413	1
128	1231	1
2856	674	1
483	1293	1
2202	327	1
1539	1673	1
132	1680	1
1576	646	1
2827	17	1
549	1023	1
1533	722	1
315	1962	1
2778	1092	1
388	1948	1
92	1185	1
2765	550	1
1713	1165	1
2897	1616	1
222	173	1
776	1498	1
1662	605	1
1687	1283	1
2696	620	1
188	720	1
815	544	1
1139	1	1
1599	814	1
1686	798	1
2787	291	1
1093	1653	1
2466	378	1
2454	137	1
773	778	1
2080	1855	1
569	1324	1
920	702	1
625	691	1
2524	1461	1
2033	483	1
2898	1308	1
1372	1060	1
1309	432	1
2986	422	1
2724	1723	1
705	323	1
732	868	1
906	1339	1
1442	1241	1
889	1672	1
1954	82	1
204	82	1
2973	800	1
1441	450	1
2049	827	1
2653	234	1
2254	1584	1
2811	757	1
369	1299	1
513	158	1
614	1129	1
2124	769	1
1521	299	1
529	106	1
268	962	1
2827	1572	1
1700	587	1
525	1168	1
2242	1617	1
1917	786	1
1812	307	1
2294	297	1
2600	1258	1
802	1785	1
1196	1368	1
1464	48	1
2044	1328	1
1757	1252	1
472	1419	1
334	201	1
727	1916	1
2254	1148	1
1200	1848	1
2492	1523	1
2845	1147	1
2757	603	1
976	154	1
1861	1836	1
2015	1484	1
1210	667	1
2477	341	1
2628	160	1
1093	623	1
1800	942	1
191	1838	1
2202	107	1
2310	1932	1
1566	878	1
932	1766	1
731	1367	1
659	1922	1
515	1512	1
1232	115	1
2166	1098	1
2795	948	1
1466	144	1
1523	541	1
1735	106	1
692	1346	1
912	50	1
424	1952	1
1487	291	1
2250	1381	1
1458	1068	1
2042	300	1
617	313	1
1052	262	1
1212	1203	1
151	1532	1
2251	1818	1
1965	676	1
31	1103	1
869	183	1
1985	1605	1
2322	181	1
720	677	1
2301	980	1
2352	1895	1
695	1678	1
1099	96	1
799	259	1
415	1296	1
187	1179	1
2608	1	1
1583	282	1
1743	600	1
580	1657	1
1767	994	1
2062	1650	1
929	1637	1
2290	1239	1
1489	1374	1
2928	1042	1
1307	1330	1
299	1899	1
2403	1458	1
1285	1085	1
1128	114	1
322	474	1
1291	925	1
2861	1936	1
335	1557	1
53	1090	1
1082	153	1
1160	768	1
1085	1704	1
1763	1312	1
342	195	1
1146	1200	1
208	524	1
146	1423	1
390	203	1
2091	357	1
2002	289	1
155	905	1
2333	1320	1
207	1371	1
2692	1432	1
799	1515	1
1210	1983	1
2433	1955	1
1971	1710	1
1650	368	1
1431	363	1
997	1862	1
2677	696	1
1042	1436	1
1597	413	1
1905	865	1
2982	1310	1
29	1811	1
40	470	1
139	1707	1
2391	788	1
260	1461	1
895	841	1
1884	1265	1
1527	995	1
1575	768	1
2273	1103	1
2610	1916	1
1964	1261	1
2566	1896	1
2845	929	1
1414	409	1
1719	1074	1
1937	317	1
1048	538	1
2811	286	1
419	1366	1
2314	1790	1
1498	1158	1
1253	826	1
1944	599	1
93	1334	1
2817	488	1
1754	1226	1
1301	785	1
1404	1638	1
2201	1031	1
2744	1456	1
2154	399	1
2679	797	1
2812	884	1
2495	1004	1
1839	624	1
1721	721	1
2164	433	1
1423	851	1
1434	541	1
2442	546	1
1659	815	1
1991	8	1
2371	1367	1
1364	1038	1
2558	1949	1
2210	1173	1
2493	446	1
325	1479	1
1675	809	1
1169	1576	1
2673	1695	1
2408	1047	1
2562	958	1
1999	558	1
1815	1156	1
2454	100	1
658	1977	1
2140	1019	1
163	1573	1
1889	30	1
1309	1579	1
1567	780	1
2382	1993	1
2957	814	1
1823	62	1
2027	498	1
910	452	1
2775	1970	1
2522	6	1
1132	1511	1
1714	1434	1
2673	347	1
129	783	1
1281	1743	1
1466	382	1
89	1040	1
274	1860	1
1101	1700	1
137	1087	1
102	1707	1
1930	32	1
2973	349	1
1381	93	1
2674	1831	1
1238	561	1
1488	452	1
1062	1847	1
1187	1728	1
978	1535	1
2258	461	1
2196	15	1
150	392	1
1786	132	1
1120	1460	1
1803	818	1
1527	1470	1
236	975	1
2565	1022	1
1013	967	1
418	881	1
2738	878	1
816	1522	1
982	1428	1
666	1038	1
809	298	1
118	303	1
416	815	1
1355	1635	1
925	1510	1
109	416	1
1526	931	1
326	1783	1
1928	903	1
2291	704	1
615	48	1
859	1774	1
2373	1747	1
2381	1459	1
1185	52	1
1767	1169	1
1716	101	1
1203	1550	1
35	666	1
285	963	1
2366	870	1
367	1981	1
2506	685	1
2808	1045	1
1144	1934	1
2020	665	1
748	1840	1
2751	1130	1
2553	1053	1
1538	260	1
1164	1680	1
608	265	1
2299	1492	1
2598	1976	1
2310	1235	1
1786	1171	1
911	1391	1
458	1529	1
2293	918	1
1235	1073	1
1923	1433	1
2476	1555	1
2103	1989	1
2160	1623	1
2539	1076	1
716	219	1
1870	1546	1
886	1698	1
1906	1058	1
474	1321	1
192	558	1
2078	1187	1
161	407	1
1939	1071	1
2420	1873	1
360	897	1
1231	1057	1
661	937	1
1398	422	1
1942	754	1
2491	1509	1
2221	872	1
1039	1182	1
1303	320	1
260	882	1
2914	1877	1
2991	1028	1
1525	1102	1
2237	271	1
2119	395	1
452	308	1
695	589	1
2049	1556	1
1680	287	1
2687	74	1
1584	1531	1
2417	855	1
1633	272	1
1909	1119	1
2012	828	1
4	1034	1
1500	1057	1
1755	1612	1
1227	275	1
1107	1735	1
2129	1575	1
2589	1286	1
561	90	1
2602	1005	1
2933	74	1
1276	529	1
2916	1041	1
73	389	1
1034	1005	1
440	1430	1
2908	1135	1
2850	1477	1
2832	479	1
2786	666	1
1206	891	1
2371	242	1
284	1008	1
1793	1175	1
2631	27	1
59	690	1
1058	1871	1
2598	1578	1
575	1632	1
161	460	1
1622	279	1
2994	431	1
717	172	1
2834	1009	1
539	95	1
684	1346	1
591	1440	1
2047	384	1
347	156	1
820	99	1
2609	889	1
1619	766	1
1296	232	1
264	1637	1
2710	1520	1
572	724	1
2799	1302	1
828	285	1
2657	1275	1
680	965	1
15	1169	1
2332	1857	1
1792	1845	1
2661	1850	1
1525	1620	1
2766	907	1
971	1721	1
2021	998	1
817	376	1
336	773	1
1682	875	1
620	1732	1
914	237	1
1901	793	1
1830	1368	1
2935	626	1
1331	459	1
1698	1378	1
2835	401	1
205	805	1
1602	1596	1
1389	1206	1
2842	1322	1
2286	1718	1
238	190	1
1070	1814	1
482	139	1
1443	188	1
2277	1342	1
24	1140	1
2712	1723	1
1680	1926	1
1792	287	1
1986	389	1
1888	739	1
1944	821	1
437	1273	1
1377	1889	1
2812	1798	1
898	151	1
919	46	1
312	1626	1
469	137	1
1963	214	1
554	336	1
1116	572	1
2581	1358	1
2457	1491	1
1588	329	1
580	872	1
321	865	1
2733	507	1
2906	60	1
1445	1946	1
1720	700	1
1838	1166	1
1508	1815	1
17	1405	1
1177	889	1
2191	1990	1
2196	482	1
422	816	1
2702	1118	1
2201	971	1
1707	33	1
2339	873	1
2178	444	1
293	1986	1
2238	1463	1
2029	135	1
23	946	1
746	1393	1
1801	18	1
2214	1739	1
2665	1756	1
2383	1378	1
1538	741	1
2251	261	1
1527	155	1
948	1364	1
343	1306	1
1950	1611	1
1651	1615	1
372	1619	1
381	1937	1
585	63	1
270	100	1
1315	778	1
2219	360	1
1422	1419	1
2757	855	1
2098	1486	1
1878	80	1
1298	1706	1
373	253	1
1329	1944	1
2625	931	1
750	946	1
1270	1682	1
938	239	1
1366	481	1
1833	91	1
2214	111	1
283	670	1
157	347	1
1008	428	1
563	1293	1
2094	1637	1
2678	1854	1
2470	131	1
39	804	1
565	412	1
325	935	1
2563	649	1
1697	1345	1
136	1391	1
925	59	1
409	189	1
258	1661	1
17	1583	1
1901	810	1
842	87	1
2569	1877	1
522	1280	1
2116	567	1
1729	407	1
2182	1133	1
2613	767	1
2574	1445	1
2034	1175	1
930	382	1
312	512	1
958	1338	1
2391	1011	1
834	1703	1
2671	428	1
909	1529	1
2853	894	1
600	1981	1
1360	23	1
1677	638	1
1020	1625	1
2750	1777	1
1858	619	1
2538	348	1
2707	858	1
484	1898	1
1589	796	1
2815	1599	1
1652	482	1
598	277	1
920	906	1
1537	1588	1
2640	495	1
884	297	1
415	1048	1
706	1798	1
1224	620	1
584	1640	1
2797	793	1
2347	1786	1
1356	1409	1
2814	1732	1
1492	939	1
1894	505	1
791	1427	1
622	105	1
1513	1354	1
304	497	1
2986	1782	1
2705	1161	1
2203	429	1
626	172	1
1714	557	1
1369	1338	1
261	1396	1
409	726	1
2284	329	1
2630	888	1
881	778	1
214	1464	1
2367	978	1
201	1703	1
58	817	1
1130	136	1
992	1862	1
2601	1339	1
453	1214	1
287	1300	1
69	1581	1
243	394	1
2154	80	1
541	967	1
749	928	1
2799	515	1
2787	264	1
2192	1416	1
773	1370	1
328	693	1
2761	283	1
1594	1343	1
1251	783	1
1864	1967	1
2371	135	1
394	7	1
559	669	1
87	117	1
2865	1882	1
1690	1996	1
497	837	1
826	1170	1
578	210	1
1529	1979	1
1194	1368	1
1312	1095	1
1928	1680	1
1286	1783	1
2388	278	1
2489	184	1
907	679	1
1845	89	1
1058	1462	1
998	1441	1
828	1648	1
114	1129	1
105	1908	1
1743	1906	1
1884	1597	1
1276	1655	1
1537	157	1
2395	1363	1
91	1496	1
266	355	1
1939	363	1
2665	1378	1
2983	800	1
2638	1987	1
2613	171	1
2292	248	1
2847	1922	1
2390	83	1
2465	1575	1
709	475	1
2692	1326	1
1700	242	1
919	1560	1
2105	74	1
2799	416	1
615	264	1
517	1064	1
2929	1459	1
700	458	1
2285	1993	1
139	1107	1
1419	1514	1
434	1357	1
1902	1567	1
1934	297	1
1267	1018	1
1554	313	1
275	1982	1
927	1443	1
314	914	1
479	919	1
959	921	1
543	1855	1
2900	1573	1
1635	1093	1
402	269	1
1913	104	1
787	1616	1
2555	964	1
1907	57	1
2594	473	1
425	1054	1
2090	1518	1
918	91	1
1916	1072	1
761	732	1
792	1888	1
759	769	1
624	1940	1
1061	236	1
2622	182	1
2591	1239	1
1093	1443	1
593	627	1
1466	1142	1
2992	1864	1
734	401	1
819	1718	1
583	1847	1
124	455	1
587	337	1
1270	1528	1
1248	1387	1
568	52	1
1743	691	1
2230	1195	1
733	1632	1
697	981	1
2794	478	1
1964	1704	1
2428	320	1
237	487	1
824	1265	1
2096	1682	1
1078	474	1
401	1106	1
239	182	1
456	1936	1
450	1461	1
1671	1901	1
1454	1041	1
858	246	1
214	1316	1
1615	1793	1
1627	31	1
1538	263	1
1171	603	1
1741	1893	1
1032	312	1
1340	763	1
2234	1682	1
2983	1315	1
993	1795	1
42	929	1
1326	425	1
28	1931	1
1363	1538	1
2333	1004	1
2594	377	1
2803	1664	1
2787	798	1
1754	1872	1
2584	1402	1
2164	830	1
436	463	1
283	1566	1
2102	1303	1
2196	240	1
1383	856	1
2756	1123	1
1142	1651	1
930	749	1
2139	1193	1
2542	416	1
1043	710	1
1850	220	1
1068	1990	1
890	579	1
871	311	1
774	1573	1
384	1956	1
1569	1714	1
2125	771	1
1454	397	1
2422	941	1
2674	1521	1
982	733	1
2881	380	1
2144	1055	1
1212	1047	1
2279	1724	1
388	33	1
438	1247	1
771	558	1
2336	528	1
1674	596	1
228	927	1
2457	618	1
1359	1313	1
969	1252	1
2181	247	1
184	954	1
2102	617	1
1053	571	1
937	625	1
430	1536	1
2712	827	1
1047	686	1
1305	1406	1
1323	1593	1
1286	1952	1
587	1120	1
2334	1987	1
2874	1628	1
2525	1329	1
2725	1739	1
1284	214	1
2287	1578	1
2019	1943	1
739	1551	1
2768	1448	1
803	1094	1
2780	849	1
2551	1784	1
210	1231	1
2397	1006	1
699	1151	1
612	649	1
2669	329	1
673	1195	1
475	2	1
1338	673	1
2354	601	1
323	1524	1
1584	641	1
2652	1915	1
673	1182	1
837	483	1
1297	1814	1
243	244	1
597	1005	1
236	1414	1
2148	1826	1
1516	46	1
2954	1937	1
1335	1778	1
2958	847	1
2931	821	1
1112	420	1
2499	1465	1
125	1669	1
2503	1024	1
2643	970	1
672	1388	1
78	1738	1
275	1623	1
1291	560	1
327	961	1
1730	397	1
2308	1961	1
2095	67	1
889	1861	1
2033	1514	1
1413	500	1
1423	853	1
787	176	1
1798	565	1
675	1586	1
2670	767	1
1251	1325	1
369	279	1
1399	602	1
497	1879	1
2227	1495	1
1246	781	1
2522	409	1
2658	918	1
2284	340	1
663	113	1
1585	1944	1
1782	1143	1
2543	1305	1
1847	108	1
401	513	1
446	638	1
1673	1857	1
134	946	1
234	20	1
839	1925	1
1108	292	1
513	1895	1
1420	1325	1
319	1525	1
1178	739	1
393	1736	1
2818	506	1
2260	707	1
1119	299	1
719	1742	1
2565	1993	1
1912	1459	1
2174	233	1
709	1175	1
1555	594	1
5	1436	1
424	1203	1
2452	462	1
1410	1366	1
2736	1753	1
613	1059	1
1337	1105	1
1714	932	1
954	1046	1
1230	1870	1
745	1099	1
340	358	1
2322	370	1
1834	408	1
2747	321	1
2427	1171	1
1923	1842	1
1764	1736	1
872	1595	1
1047	1434	1
2994	1103	1
1874	1091	1
392	1895	1
1659	202	1
2199	1350	1
57	1104	1
2498	1972	1
1355	1957	1
562	358	1
94	1307	1
484	1087	1
2264	657	1
1370	689	1
1090	1097	1
2296	317	1
150	260	1
2497	1117	1
1518	1394	1
2639	1368	1
2771	1956	1
747	7	1
1340	374	1
1333	1790	1
338	709	1
1658	97	1
2395	1601	1
829	1429	1
1759	1754	1
2819	1777	1
1914	1471	1
2196	1163	1
321	1359	1
43	896	1
993	325	1
906	818	1
441	695	1
739	1100	1
28	1794	1
1313	1355	1
2224	923	1
1589	1950	1
921	1516	1
1439	1126	1
2667	331	1
1291	428	1
2591	89	1
77	1335	1
2918	392	1
2622	947	1
1997	1583	1
2586	765	1
419	1797	1
2075	1249	1
1767	65	1
2399	1013	1
367	1651	1
1227	1709	1
2914	1353	1
1265	1649	1
1592	1247	1
943	287	1
1076	966	1
2967	871	1
1917	1620	1
222	1122	1
877	515	1
2512	1250	1
1545	278	1
1508	156	1
1794	349	1
158	1055	1
660	349	1
340	368	1
1909	1198	1
1238	230	1
761	1761	1
2448	1985	1
183	795	1
2831	354	1
1718	1365	1
2598	1516	1
2260	111	1
1880	311	1
40	1574	1
1199	1662	1
508	632	1
1893	1370	1
2282	49	1
1283	145	1
13	1057	1
2241	1017	1
1649	1925	1
1089	191	1
2864	1185	1
1973	679	1
722	690	1
2008	48	1
858	922	1
478	1582	1
907	1630	1
1764	1349	1
1686	469	1
1412	865	1
1239	779	1
2889	486	1
142	1451	1
2094	993	1
1516	812	1
1469	1321	1
488	1933	1
61	292	1
2738	913	1
2931	549	1
828	587	1
2763	182	1
1620	602	1
937	1208	1
2050	1757	1
2187	182	1
1261	546	1
2510	1760	1
2142	1433	1
2744	992	1
1088	212	1
849	157	1
2886	1398	1
2708	1435	1
38	514	1
557	570	1
904	340	1
2084	627	1
2010	680	1
2995	1638	1
788	1650	1
2409	931	1
1887	1006	1
2271	10	1
1826	1261	1
1079	1064	1
2398	270	1
2790	1200	1
2024	1645	1
1923	1495	1
1972	1414	1
2892	1608	1
2122	1588	1
1705	765	1
622	990	1
2425	1919	1
2959	1300	1
2529	1407	1
2057	737	1
2570	1945	1
2394	1754	1
601	748	1
1631	245	1
1445	447	1
2263	598	1
2070	77	1
1405	1910	1
1199	612	1
566	1642	1
946	786	1
416	1223	1
2416	413	1
1443	715	1
2917	1807	1
2825	722	1
1205	867	1
2364	1488	1
2575	237	1
2804	1990	1
586	1799	1
2314	630	1
2541	459	1
198	532	1
1800	728	1
644	326	1
617	622	1
270	929	1
913	1969	1
2968	508	1
1378	199	1
2233	981	1
469	892	1
336	663	1
2244	1284	1
2704	1889	1
509	718	1
1855	1047	1
880	1225	1
381	1932	1
2387	759	1
1689	1762	1
2723	966	1
1225	746	1
831	1073	1
1367	180	1
1453	1681	1
2490	1583	1
2491	1704	1
2370	661	1
1571	1541	1
2960	150	1
2866	1822	1
1857	544	1
938	625	1
1357	1355	1
479	1556	1
1594	586	1
973	659	1
1449	1076	1
2734	1371	1
382	185	1
1959	1248	1
2206	1894	1
2972	1175	1
1604	1509	1
189	1952	1
262	1761	1
141	236	1
1261	665	1
2041	1658	1
1951	895	1
997	879	1
1874	1942	1
544	306	1
549	1713	1
484	1293	1
1446	1541	1
2713	1266	1
2008	1449	1
2945	16	1
1864	1066	1
2309	1852	1
2480	40	1
838	607	1
469	1206	1
1017	1348	1
2936	162	1
2331	254	1
816	362	1
806	1559	1
4	1868	1
1300	463	1
990	903	1
887	1005	1
1612	527	1
2197	1766	1
1340	190	1
2802	1968	1
2303	7	1
903	963	1
157	1630	1
2895	687	1
2169	756	1
809	173	1
2561	367	1
1353	1283	1
453	996	1
2354	1243	1
865	187	1
1021	1013	1
392	565	1
486	755	1
2665	1504	1
360	1850	1
2010	480	1
346	1522	1
2104	798	1
311	686	1
1995	614	1
1049	1180	1
1544	168	1
173	1669	1
819	1073	1
438	1140	1
2739	1204	1
2539	1467	1
1158	1016	1
2258	1558	1
382	1817	1
2334	1563	1
1251	1336	1
2364	342	1
1008	704	1
1156	536	1
768	924	1
526	902	1
684	941	1
1498	52	1
1283	1933	1
2515	331	1
1937	1376	1
2966	828	1
1661	1765	1
84	1471	1
2039	735	1
2811	1922	1
1887	793	1
2890	704	1
2557	1172	1
2469	840	1
2559	905	1
1866	1987	1
494	1323	1
1504	1278	1
1261	13	1
1426	258	1
278	1938	1
542	918	1
1535	13	1
719	1688	1
1423	793	1
2255	488	1
1872	1861	1
3	1209	1
1487	1743	1
934	720	1
2965	1910	1
2945	1609	1
16	1442	1
2025	219	1
1996	1554	1
2319	1224	1
2414	1276	1
1653	138	1
419	1340	1
1267	1120	1
1840	46	1
2467	302	1
2231	855	1
1548	15	1
958	1699	1
2469	1728	1
651	274	1
2819	1377	1
2238	982	1
810	308	1
1204	1990	1
422	309	1
380	238	1
13	1888	1
404	543	1
2090	1546	1
555	1610	1
312	1615	1
663	462	1
455	319	1
1479	1298	1
2028	1960	1
2448	1017	1
1387	1550	1
1595	1679	1
1568	1859	1
2924	416	1
696	1462	1
319	651	1
438	497	1
624	1189	1
2250	40	1
295	1780	1
991	1	1
1212	1276	1
49	229	1
2348	1402	1
1612	1948	1
1979	644	1
364	841	1
111	791	1
591	900	1
2492	1858	1
1511	435	1
793	390	1
1128	679	1
216	1582	1
2326	1134	1
827	24	1
1450	81	1
1491	1967	1
32	1197	1
2175	300	1
1375	930	1
1339	1882	1
2506	1775	1
2267	709	1
1083	1213	1
2163	1385	1
1577	519	1
2353	1030	1
107	90	1
1158	288	1
1337	1274	1
1093	1728	1
2669	264	1
683	1706	1
1979	1756	1
740	255	1
858	1004	1
909	1408	1
2765	1599	1
1028	1889	1
1936	1884	1
408	773	1
650	1377	1
2980	1268	1
2900	1950	1
2679	1665	1
506	1114	1
1645	577	1
1204	433	1
2571	1138	1
2851	569	1
570	1642	1
916	423	1
132	1784	1
1831	346	1
302	324	1
1483	1172	1
2535	406	1
31	1215	1
912	988	1
2721	825	1
2286	1883	1
541	1878	1
1456	1052	1
1188	814	1
2351	763	1
1907	185	1
2148	199	1
1695	1045	1
2238	1924	1
794	774	1
1452	1106	1
1395	262	1
1567	1617	1
402	52	1
2963	1746	1
2417	1004	1
1078	89	1
1818	1178	1
1062	457	1
1174	1363	1
1143	164	1
2708	297	1
739	190	1
560	1425	1
2517	534	1
188	1543	1
2084	1834	1
1846	1265	1
2318	315	1
2066	727	1
2215	442	1
2700	414	1
2147	462	1
707	588	1
742	948	1
2610	1993	1
1616	1968	1
2241	949	1
2169	965	1
724	830	1
2017	1940	1
825	999	1
2977	65	1
524	1606	1
1795	33	1
209	1570	1
31	505	1
1456	1187	1
1975	1721	1
2746	867	1
1141	1881	1
1641	1999	1
922	1146	1
1575	420	1
151	601	1
1848	136	1
952	1831	1
59	924	1
2117	24	1
168	675	1
2440	251	1
1798	1403	1
56	969	1
1765	89	1
1938	1251	1
2606	549	1
2912	1150	1
1053	1480	1
902	85	1
652	1224	1
2611	1405	1
1799	331	1
1274	1346	1
1837	1897	1
1940	50	1
134	570	1
1441	1959	1
2344	1308	1
2942	277	1
1383	1044	1
1409	1318	1
1227	1906	1
1958	93	1
452	227	1
667	1549	1
2741	540	1
1459	1372	1
611	1686	1
2715	1588	1
2910	42	1
943	1136	1
2086	1344	1
2615	261	1
2733	563	1
283	1202	1
2910	1726	1
1897	1822	1
2869	1699	1
2645	1002	1
2124	1446	1
1576	218	1
1545	1571	1
2754	624	1
2172	934	1
2546	1386	1
317	1428	1
436	1148	1
2472	328	1
1841	1965	1
794	701	1
1656	1645	1
874	475	1
1424	1919	1
1004	209	1
2354	1628	1
1953	1493	1
2174	1683	1
629	144	1
2817	32	1
1959	980	1
2746	1422	1
4	476	1
710	1312	1
1222	100	1
1823	1584	1
1622	509	1
136	1098	1
2005	266	1
2205	1427	1
1118	1117	1
2438	1409	1
2863	600	1
2968	1859	1
2485	1113	1
1716	448	1
2175	1260	1
2490	1485	1
90	140	1
1176	1578	1
1094	49	1
2637	229	1
1569	871	1
1642	1430	1
2913	757	1
1120	1096	1
1454	1053	1
637	1557	1
956	1549	1
756	837	1
357	1768	1
359	1175	1
2789	301	1
1489	1161	1
163	932	1
607	422	1
2606	799	1
2256	1540	1
1454	912	1
2526	1216	1
642	479	1
1463	1924	1
1894	1133	1
936	1910	1
1470	1125	1
557	792	1
1148	1967	1
238	828	1
1976	430	1
844	152	1
1886	1330	1
1069	1063	1
160	1807	1
1261	871	1
1589	867	1
1886	1745	1
1721	1020	1
2670	1016	1
2806	1459	1
429	169	1
2181	1551	1
1795	1553	1
505	1451	1
1974	1629	1
1426	1359	1
2158	395	1
1595	633	1
775	1116	1
670	1409	1
433	1509	1
155	952	1
477	1554	1
112	7	1
89	899	1
836	1757	1
527	873	1
1574	241	1
1724	1034	1
1736	1506	1
2692	890	1
268	1216	1
2817	1965	1
54	587	1
2355	1256	1
771	137	1
1301	271	1
2861	1064	1
50	743	1
860	380	1
332	845	1
138	557	1
1079	845	1
954	231	1
2903	151	1
2088	157	1
1272	1375	1
2060	294	1
194	957	1
2274	597	1
1613	512	1
756	1574	1
667	1003	1
2444	200	1
1495	204	1
759	1780	1
2130	355	1
2964	262	1
1952	332	1
1162	1948	1
255	233	1
1640	358	1
1788	664	1
8	1429	1
209	755	1
1947	223	1
2792	1623	1
1286	220	1
1043	1900	1
2345	375	1
1262	567	1
1139	1177	1
1019	386	1
2141	1311	1
2906	622	1
1820	1610	1
2694	428	1
2238	1900	1
1860	792	1
1015	1228	1
1529	48	1
1579	194	1
1186	423	1
970	1609	1
505	1575	1
936	1445	1
1503	679	1
917	897	1
1057	1756	1
2301	1843	1
797	1780	1
1860	1567	1
2936	673	1
1259	1325	1
1104	172	1
2671	480	1
1776	1986	1
50	1703	1
922	1130	1
149	1424	1
888	1601	1
660	1104	1
657	243	1
1782	1534	1
386	1341	1
2942	1658	1
1441	1404	1
2681	1937	1
2699	1949	1
22	1093	1
120	529	1
672	1990	1
2916	295	1
495	1064	1
265	432	1
1708	538	1
1179	1478	1
2785	588	1
217	1000	1
2477	279	1
33	817	1
1458	1101	1
728	1543	1
1798	1882	1
1927	1019	1
543	38	1
280	884	1
147	1474	1
605	1229	1
52	161	1
2508	1879	1
1588	1306	1
169	102	1
2404	1568	1
2654	38	1
2369	1214	1
2265	592	1
2649	1460	1
2554	195	1
1022	1216	1
2986	266	1
697	1607	1
2937	1539	1
1207	1708	1
954	1172	1
1941	190	1
831	1597	1
2385	1709	1
2396	1923	1
1783	1978	1
2633	996	1
1439	1931	1
2958	478	1
2835	1681	1
2233	871	1
1674	1745	1
2669	1318	1
694	706	1
2419	1564	1
200	569	1
382	199	1
1447	18	1
2254	1361	1
2244	317	1
1961	1138	1
1850	39	1
2117	1262	1
2558	1269	1
2166	1546	1
2352	993	1
628	1690	1
713	1560	1
1808	76	1
1801	1498	1
2818	702	1
1573	1339	1
692	747	1
864	1069	1
426	190	1
460	1007	1
1719	148	1
2596	48	1
910	912	1
13	1992	1
765	778	1
2043	1260	1
1560	234	1
1150	1150	1
2117	200	1
1095	1456	1
2209	667	1
2257	1784	1
1659	122	1
1308	1577	1
2664	1480	1
435	235	1
2546	387	1
1215	1596	1
2839	1204	1
2256	1107	1
2693	699	1
11	382	1
2172	1625	1
1427	907	1
332	1368	1
540	1620	1
1556	774	1
498	1616	1
313	1187	1
1860	1823	1
2282	1731	1
779	452	1
994	738	1
1635	1008	1
1109	1892	1
1876	298	1
472	325	1
800	1529	1
2483	1836	1
728	914	1
2130	1397	1
1976	1725	1
1846	1655	1
245	991	1
522	1540	1
1108	1008	1
1565	758	1
470	1782	1
2918	1111	1
1228	551	1
2809	1093	1
1930	162	1
2494	1986	1
196	644	1
2415	1556	1
2368	285	1
1752	1066	1
2858	49	1
1396	659	1
439	6	1
492	308	1
835	1191	1
1074	1002	1
2078	639	1
1960	1311	1
680	545	1
885	905	1
2926	760	1
868	1049	1
781	1801	1
603	322	1
1896	640	1
578	163	1
1291	921	1
1481	550	1
25	1807	1
2433	1946	1
2625	1204	1
1988	1785	1
887	596	1
106	275	1
2027	846	1
1553	976	1
640	103	1
886	1975	1
1332	935	1
760	1398	1
149	447	1
566	1620	1
1299	1613	1
598	873	1
2122	249	1
523	1093	1
385	1106	1
2504	633	1
1740	529	1
1225	1875	1
653	92	1
2328	80	1
55	1622	1
393	278	1
2736	638	1
2633	1055	1
402	1353	1
2788	1828	1
489	1513	1
1294	265	1
2092	309	1
1373	1151	1
392	1982	1
1021	230	1
1711	1328	1
2199	1805	1
1981	761	1
2156	735	1
2794	1548	1
1689	730	1
1314	40	1
799	389	1
946	279	1
1913	663	1
1615	990	1
259	242	1
474	1146	1
2262	588	1
474	1489	1
216	1427	1
2454	1405	1
2648	1735	1
780	563	1
2732	286	1
2734	671	1
1669	95	1
844	1596	1
986	267	1
253	582	1
1058	1342	1
2041	1302	1
311	1913	1
163	149	1
544	524	1
1117	1959	1
1519	897	1
1854	407	1
68	389	1
2624	1795	1
679	1587	1
597	1421	1
96	1111	1
1645	1765	1
484	115	1
247	1222	1
684	1120	1
1037	1199	1
1625	1573	1
2845	1808	1
466	351	1
406	918	1
580	909	1
1738	810	1
1775	1976	1
974	331	1
2286	459	1
1844	1855	1
657	198	1
579	594	1
1793	926	1
2987	580	1
1404	617	1
2747	1528	1
2493	856	1
1411	1797	1
1781	366	1
1783	733	1
1578	1378	1
1483	807	1
1275	1517	1
532	328	1
222	1301	1
1529	133	1
1783	1307	1
2282	1437	1
172	1232	1
1618	238	1
2630	1094	1
744	1849	1
1839	1813	1
2078	1450	1
2293	1885	1
1112	563	1
704	1395	1
2553	1223	1
687	1249	1
215	1701	1
727	977	1
1848	443	1
1446	1266	1
2153	1326	1
1431	1398	1
1469	34	1
2841	151	1
2698	846	1
167	218	1
2958	1202	1
2686	1865	1
908	1949	1
579	913	1
663	867	1
91	1931	1
1914	1631	1
2511	649	1
2710	572	1
2484	149	1
719	394	1
523	633	1
201	1328	1
1718	1489	1
576	1165	1
2591	1986	1
1410	854	1
74	375	1
1969	1605	1
2850	1492	1
963	1062	1
286	1017	1
908	1045	1
354	1451	1
713	813	1
1043	1913	1
1253	1459	1
1344	341	1
2657	239	1
2257	1439	1
1943	1553	1
2546	369	1
1077	1457	1
2918	1510	1
456	468	1
944	923	1
2067	308	1
2118	719	1
1205	87	1
2600	1325	1
2896	1794	1
1951	724	1
1291	510	1
2052	114	1
2609	82	1
1870	1444	1
802	1130	1
863	1298	1
772	1224	1
1363	153	1
706	386	1
1802	1661	1
1381	1517	1
917	975	1
1123	39	1
1286	732	1
456	1474	1
404	153	1
2776	421	1
2705	1462	1
2292	1794	1
1794	1220	1
625	1847	1
1814	696	1
1088	1577	1
230	196	1
386	1813	1
2487	1068	1
857	1584	1
405	1357	1
1364	569	1
1161	548	1
151	1387	1
1604	1441	1
191	451	1
579	627	1
1139	650	1
2995	750	1
1671	1163	1
1874	757	1
665	1514	1
545	866	1
376	713	1
508	109	1
2323	1872	1
630	1019	1
2721	1823	1
505	1218	1
2326	380	1
892	643	1
2074	1649	1
1549	1355	1
810	1008	1
1340	729	1
1179	1960	1
855	1890	1
1940	1978	1
964	876	1
2319	1905	1
2577	230	1
663	286	1
2706	1460	1
171	1641	1
2788	1464	1
1614	1978	1
2812	431	1
2021	420	1
2153	1557	1
773	1303	1
2692	13	1
529	464	1
1392	1198	1
1778	1063	1
2123	1961	1
1471	93	1
1628	234	1
758	1328	1
1287	1828	1
2741	1303	1
2320	1325	1
175	1698	1
1026	1954	1
536	1905	1
671	859	1
2220	227	1
676	64	1
1898	510	1
987	1397	1
1068	465	1
1950	234	1
2081	1497	1
1327	480	1
1898	1793	1
1009	310	1
1637	1046	1
2222	1236	1
600	1244	1
1710	1555	1
2723	1414	1
834	831	1
2672	96	1
2566	722	1
2707	600	1
2939	1132	1
2215	1900	1
1529	1709	1
2817	251	1
2846	1312	1
2580	558	1
1774	1921	1
738	769	1
1890	415	1
1043	1071	1
2430	773	1
2732	352	1
2649	1737	1
1633	1755	1
1436	1919	1
2421	921	1
407	666	1
1747	1549	1
689	1579	1
1967	1632	1
2729	1831	1
2729	1285	1
2507	402	1
397	140	1
521	1271	1
1699	229	1
1943	1036	1
1749	1299	1
1033	161	1
2556	1373	1
1714	1125	1
1753	1499	1
434	1731	1
2519	215	1
2179	658	1
2430	1385	1
59	735	1
2514	1926	1
1163	1419	1
1144	135	1
603	1899	1
2652	1252	1
2334	1009	1
1520	1158	1
1239	1408	1
2189	952	1
1162	1815	1
2362	1453	1
1479	831	1
732	96	1
2970	1574	1
489	679	1
1813	1901	1
1589	1975	1
2219	218	1
2229	351	1
579	1426	1
2974	1094	1
2865	68	1
1622	539	1
2337	1404	1
1391	174	1
357	1303	1
1139	1879	1
1753	1702	1
1266	1394	1
2814	1936	1
2818	1323	1
836	212	1
2026	32	1
1728	1996	1
1135	1713	1
32	877	1
2806	1224	1
2901	1653	1
650	189	1
1952	1152	1
1955	3	1
2619	1353	1
2957	999	1
1216	1096	1
1994	1821	1
1419	1383	1
827	34	1
2184	83	1
1856	683	1
2698	1880	1
2198	1282	1
1665	1181	1
1716	1803	1
1594	1067	1
1037	895	1
1406	1962	1
765	1472	1
2482	130	1
1529	119	1
1189	1114	1
2383	1885	1
1142	44	1
213	1674	1
1493	404	1
2355	1199	1
662	1646	1
2339	1111	1
1465	150	1
1370	844	1
2010	1262	1
2434	320	1
1677	1066	1
1361	321	1
746	1065	1
494	80	1
1441	1724	1
793	855	1
626	84	1
180	687	1
916	1067	1
2475	1146	1
2440	1347	1
309	1040	1
1154	3	1
1207	302	1
855	475	1
1480	1429	1
2545	988	1
2093	1435	1
206	1272	1
244	1413	1
1615	629	1
895	1628	1
889	574	1
843	1160	1
921	499	1
467	43	1
1348	734	1
1637	573	1
2781	649	1
2493	1623	1
968	980	1
125	1638	1
928	1540	1
511	1108	1
2582	636	1
2095	702	1
1678	922	1
494	172	1
672	1307	1
675	778	1
748	861	1
2598	304	1
2679	1747	1
2645	40	1
178	489	1
1005	280	1
1421	1979	1
628	1579	1
626	1154	1
548	1716	1
1535	1765	1
905	1325	1
2139	1170	1
1412	1694	1
2196	393	1
1377	1300	1
1635	715	1
2829	1521	1
1338	1210	1
1212	1070	1
355	1849	1
1279	1784	1
1210	1754	1
345	1119	1
217	1159	1
2649	884	1
80	1770	1
1285	611	1
1174	1928	1
1725	1834	1
2439	40	1
472	233	1
1601	1998	1
1297	1496	1
1589	377	1
2803	1968	1
935	1666	1
15	1813	1
432	1360	1
2165	279	1
1084	1916	1
803	1344	1
2976	623	1
2167	1517	1
844	1892	1
78	291	1
185	314	1
2097	845	1
413	258	1
0	874	1
2656	854	1
513	1467	1
297	1275	1
637	267	1
2989	1203	1
2497	511	1
508	1939	1
224	1722	1
2305	1827	1
96	1321	1
680	1737	1
543	604	1
756	484	1
2703	888	1
1568	676	1
1369	623	1
2838	1158	1
1499	877	1
1639	979	1
425	186	1
603	1453	1
2382	810	1
552	492	1
2571	544	1
1350	989	1
2044	1395	1
562	1316	1
1593	1257	1
939	246	1
1790	1147	1
654	1133	1
391	734	1
338	600	1
2023	1021	1
2078	1927	1
961	1306	1
339	1087	1
1273	614	1
2699	369	1
621	1300	1
648	1699	1
2853	1171	1
713	148	1
2852	1118	1
2888	117	1
1598	1061	1
1870	632	1
2111	546	1
504	741	1
91	245	1
1897	1216	1
52	995	1
878	505	1
2626	815	1
1400	273	1
2076	1518	1
970	1665	1
1839	1840	1
2258	980	1
1763	1063	1
1195	1365	1
2964	1022	1
1708	864	1
750	1154	1
608	1129	1
2343	99	1
975	1295	1
1297	1945	1
714	1972	1
1916	1298	1
785	856	1
2449	1612	1
548	936	1
2477	413	1
1808	1655	1
2367	228	1
1656	1829	1
433	316	1
1529	1185	1
1580	1605	1
2359	1569	1
1970	1520	1
5	407	1
2602	1158	1
1498	1160	1
1808	1003	1
1222	1624	1
1183	111	1
921	1056	1
2003	754	1
2520	1262	1
2365	944	1
1676	911	1
2934	1265	1
1354	67	1
2339	1929	1
416	665	1
2249	1909	1
542	599	1
1172	214	1
1039	1016	1
2119	1485	1
505	198	1
1417	1108	1
172	649	1
294	1053	1
1574	1742	1
1957	1510	1
2844	1393	1
1721	949	1
2461	1057	1
2874	1268	1
1358	980	1
1197	1676	1
2263	1475	1
1035	669	1
648	1150	1
2333	1408	1
2194	1284	1
135	1567	1
2621	1889	1
2499	973	1
1945	38	1
2337	1421	1
2099	1748	1
2484	1062	1
435	570	1
1429	1235	1
2725	1561	1
840	1606	1
1735	1392	1
1614	906	1
1857	822	1
1356	1786	1
721	939	1
344	1365	1
1000	722	1
918	653	1
2013	1547	1
2846	874	1
2362	352	1
2591	1343	1
1992	90	1
646	560	1
410	938	1
2296	678	1
1607	566	1
1748	290	1
1076	1085	1
2008	438	1
176	972	1
1925	269	1
1797	1931	1
788	295	1
2645	1973	1
1809	160	1
1995	1349	1
1665	425	1
981	190	1
2145	1728	1
472	1044	1
2755	1010	1
2964	1789	1
1067	781	1
614	1310	1
2290	1248	1
131	805	1
2346	342	1
357	481	1
2758	926	1
1446	1086	1
2768	1713	1
2774	1917	1
2868	1250	1
1368	1020	1
474	1962	1
259	1565	1
497	1777	1
1772	891	1
2526	786	1
2476	274	1
1442	851	1
875	129	1
838	19	1
880	810	1
210	1973	1
1139	1257	1
1821	169	1
1576	837	1
2583	1168	1
2054	1280	1
203	129	1
9	1563	1
510	37	1
2854	51	1
2712	913	1
2722	1585	1
2474	393	1
1032	1113	1
484	967	1
199	1581	1
2964	625	1
2471	844	1
2723	1034	1
1236	394	1
533	434	1
763	7	1
1021	604	1
2519	669	1
630	1171	1
26	1367	1
2159	1153	1
193	1634	1
2279	622	1
1196	534	1
2783	523	1
557	1262	1
187	12	1
1319	1065	1
1581	1136	1
84	497	1
1891	135	1
887	1414	1
492	1142	1
2352	833	1
2575	889	1
841	1081	1
169	1060	1
1886	1458	1
2947	78	1
1755	1086	1
1332	950	1
2934	197	1
1672	1292	1
103	59	1
383	759	1
2533	1143	1
2973	1891	1
1792	1126	1
1965	359	1
1493	997	1
2830	566	1
1878	1912	1
2217	305	1
470	635	1
351	895	1
2787	454	1
2650	1135	1
616	1865	1
2929	1758	1
504	716	1
1085	1896	1
1058	858	1
86	1506	1
2206	1100	1
19	1708	1
2896	332	1
417	1086	1
2783	294	1
753	1184	1
682	1066	1
1754	1135	1
1175	713	1
2629	15	1
539	1463	1
2780	1788	1
1857	321	1
2191	193	1
2337	1675	1
1667	295	1
1855	322	1
2263	1842	1
801	1441	1
1157	1309	1
2547	1999	1
1668	1508	1
398	268	1
2518	861	1
1911	366	1
2184	1317	1
1358	708	1
29	769	1
157	1845	1
2549	1401	1
2836	568	1
1484	1906	1
1621	1435	1
795	1341	1
1666	1102	1
1693	219	1
2273	1320	1
97	898	1
452	1049	1
2443	648	1
2463	1520	1
1229	1438	1
1966	1876	1
1147	1998	1
1485	1532	1
1486	704	1
1072	1302	1
1517	924	1
1994	94	1
2431	227	1
773	1583	1
2172	629	1
581	1488	1
678	1300	1
895	1378	1
247	579	1
1365	775	1
369	1441	1
2578	191	1
1994	590	1
684	1868	1
142	1656	1
2148	1271	1
1895	1089	1
84	1450	1
1049	157	1
2968	613	1
2398	174	1
105	895	1
270	743	1
2326	1685	1
1689	1134	1
1365	456	1
146	1178	1
1548	1577	1
1432	1052	1
213	1389	1
2092	1349	1
1337	583	1
882	881	1
1428	1443	1
45	149	1
435	752	1
141	1180	1
1954	1654	1
142	961	1
2773	1836	1
1519	913	1
162	94	1
1923	630	1
791	1235	1
2923	1676	1
2700	740	1
2286	1937	1
1913	184	1
504	885	1
2794	991	1
2340	944	1
1138	1314	1
1879	1073	1
1982	358	1
813	493	1
1067	1944	1
931	233	1
350	781	1
2403	1478	1
462	1201	1
2925	1186	1
2951	1751	1
2869	114	1
2584	1390	1
1021	1999	1
245	443	1
489	1621	1
1076	1797	1
2147	1464	1
2579	417	1
2402	930	1
2125	1326	1
746	1749	1
2909	401	1
876	1956	1
2625	1202	1
1300	1420	1
322	75	1
2114	399	1
496	389	1
1520	1179	1
998	2	1
671	54	1
532	610	1
336	1850	1
2261	243	1
2022	719	1
418	1437	1
2040	1673	1
500	1142	1
685	1776	1
1371	186	1
1725	170	1
1207	31	1
2409	221	1
2039	1012	1
293	644	1
1726	781	1
1836	230	1
1794	582	1
708	1864	1
1459	431	1
521	981	1
1362	1408	1
1764	1007	1
2854	1140	1
613	705	1
757	1718	1
832	1078	1
2342	1303	1
214	406	1
2883	1197	1
2477	1896	1
279	164	1
2423	1841	1
2229	1899	1
2157	896	1
2116	641	1
656	572	1
771	76	1
2110	1512	1
1119	39	1
665	1725	1
1547	1227	1
2898	7	1
618	364	1
86	642	1
2923	1787	1
2322	769	1
2217	397	1
1251	1231	1
1476	970	1
902	908	1
2711	300	1
270	448	1
1608	257	1
848	1913	1
2148	1161	1
1981	93	1
649	1695	1
289	1756	1
2072	1969	1
1589	1647	1
302	1131	1
2976	1832	1
2496	339	1
1990	793	1
2158	1865	1
2861	683	1
383	46	1
249	248	1
1801	542	1
1467	466	1
1513	304	1
245	20	1
778	1501	1
92	1511	1
943	1002	1
748	396	1
520	1977	1
832	1413	1
1310	1833	1
1438	1909	1
864	648	1
25	162	1
2979	790	1
308	785	1
776	479	1
240	969	1
2037	885	1
2542	1665	1
2633	1977	1
46	1039	1
1430	739	1
2046	1366	1
174	1826	1
876	613	1
1724	181	1
644	640	1
2635	1643	1
2536	1744	1
1268	1166	1
614	780	1
2403	661	1
2197	1625	1
430	1771	1
1013	879	1
653	1167	1
696	1378	1
2762	957	1
578	657	1
2187	14	1
2923	1065	1
182	312	1
998	1762	1
259	1707	1
750	1144	1
1182	1170	1
712	1883	1
2615	615	1
1168	924	1
1558	859	1
989	1605	1
519	1848	1
2868	44	1
1471	1809	1
110	1854	1
1019	1531	1
149	1427	1
1842	1516	1
1345	326	1
2693	1034	1
2905	1292	1
2945	1918	1
110	1323	1
380	1326	1
1366	108	1
1376	968	1
1374	1815	1
2654	474	1
1098	828	1
2559	270	1
2601	298	1
945	777	1
1237	1222	1
2422	906	1
2275	389	1
1897	1122	1
2164	123	1
380	836	1
2173	18	1
1480	1617	1
2099	1503	1
424	1406	1
1832	1830	1
2311	814	1
1808	303	1
651	474	1
1736	361	1
1377	1467	1
2965	1931	1
260	1266	1
506	374	1
164	1988	1
457	731	1
507	1621	1
697	1766	1
2570	1524	1
1327	677	1
2057	1137	1
2057	1727	1
213	1083	1
2757	138	1
2917	267	1
1816	1358	1
544	1715	1
1700	279	1
2116	21	1
2298	950	1
2927	1041	1
785	531	1
1838	703	1
920	633	1
2893	1708	1
2936	321	1
2358	1966	1
725	872	1
1159	1678	1
1787	1228	1
2073	1078	1
2807	1294	1
235	1474	1
2839	1217	1
1032	1023	1
689	1896	1
1494	731	1
1122	795	1
992	618	1
176	530	1
2121	1094	1
66	142	1
1217	1856	1
2951	282	1
780	615	1
2187	911	1
2803	1393	1
1442	1610	1
946	399	1
1339	660	1
875	616	1
1543	1174	1
1001	1424	1
2755	1820	1
2166	1106	1
2138	790	1
93	665	1
1510	407	1
2715	1328	1
2047	1470	1
2373	1508	1
2227	29	1
2371	88	1
900	1586	1
961	240	1
1932	1679	1
980	5	1
1827	867	1
1724	872	1
370	1629	1
591	281	1
682	1097	1
604	740	1
2434	698	1
566	408	1
1953	1767	1
2618	470	1
1400	1648	1
1310	992	1
1191	91	1
2640	297	1
2516	1795	1
16	142	1
1261	688	1
2906	1997	1
646	184	1
1374	111	1
2540	826	1
1917	1448	1
72	1262	1
2267	455	1
1804	733	1
1086	668	1
1834	1403	1
928	1709	1
2469	614	1
2497	1269	1
2363	58	1
1855	522	1
204	140	1
2813	1396	1
1103	820	1
1440	149	1
2028	902	1
1603	1200	1
1043	1016	1
2754	99	1
85	1756	1
226	541	1
692	308	1
1325	1556	1
2598	491	1
112	698	1
226	1065	1
2097	1715	1
741	251	1
846	67	1
1432	223	1
6	1417	1
428	1612	1
1320	857	1
1041	25	1
897	510	1
2426	585	1
2787	655	1
257	357	1
437	1995	1
2023	1572	1
239	1956	1
745	1172	1
2394	595	1
1785	570	1
492	924	1
2218	809	1
2862	1932	1
2827	428	1
1872	1998	1
2850	988	1
374	32	1
1558	1719	1
2835	251	1
2364	830	1
631	1959	1
1490	1745	1
267	922	1
1006	272	1
2045	1626	1
1253	1931	1
2725	278	1
115	1148	1
2066	1832	1
1837	302	1
1123	175	1
2176	1661	1
916	713	1
2966	99	1
2054	814	1
2318	848	1
2585	1761	1
1528	1699	1
290	675	1
1340	1162	1
964	339	1
1771	26	1
1644	666	1
1893	1241	1
1104	530	1
7	569	1
2832	1470	1
2009	295	1
919	1739	1
295	946	1
1713	840	1
1091	1379	1
559	1186	1
2207	1608	1
123	1534	1
1646	485	1
2066	1812	1
1459	436	1
343	1880	1
2154	1309	1
2430	313	1
2722	24	1
567	1735	1
92	81	1
1160	1608	1
2009	1829	1
2571	1018	1
2474	1632	1
2319	176	1
1341	233	1
509	788	1
276	1886	1
2082	592	1
1958	847	1
86	1110	1
2000	1704	1
1771	1905	1
2896	1875	1
2550	272	1
2376	1943	1
1374	744	1
717	1313	1
2057	1049	1
646	1249	1
1001	246	1
2206	107	1
1787	907	1
884	278	1
2733	1407	1
2406	1531	1
1962	191	1
7	1331	1
405	1836	1
1664	452	1
433	459	1
2124	365	1
2839	359	1
96	1002	1
79	994	1
584	905	1
2173	1953	1
1763	839	1
1393	1041	1
453	1388	1
1821	1526	1
264	926	1
199	433	1
1463	1529	1
2992	443	1
2046	258	1
2844	890	1
317	489	1
2180	687	1
296	111	1
197	1090	1
398	442	1
2694	1545	1
1775	1142	1
409	1964	1
1390	275	1
1008	336	1
1754	328	1
1954	476	1
664	298	1
1035	1238	1
1271	455	1
2675	691	1
1606	1193	1
130	79	1
2966	1708	1
2681	1405	1
274	544	1
603	1231	1
2085	1173	1
471	1762	1
2865	1119	1
111	104	1
2790	1540	1
1745	1196	1
2664	1456	1
2764	650	1
1321	1047	1
1321	578	1
941	1100	1
32	1529	1
1940	1534	1
338	249	1
2475	1851	1
2009	26	1
2509	1395	1
450	1355	1
1704	1222	1
1982	1075	1
1682	195	1
1147	1499	1
789	587	1
698	438	1
2181	257	1
1673	162	1
2312	757	1
1448	1066	1
2911	1449	1
1474	1182	1
2342	739	1
376	478	1
1908	1025	1
870	1224	1
621	195	1
1459	335	1
1895	35	1
2212	1510	1
2925	166	1
1983	1239	1
2532	1168	1
342	1194	1
44	217	1
37	1220	1
1799	1896	1
2824	1375	1
883	1013	1
1669	586	1
1128	1620	1
2440	115	1
2307	171	1
1904	223	1
2349	1409	1
2148	1675	1
2113	1583	1
2612	1014	1
1282	1046	1
844	816	1
1719	768	1
2166	1782	1
2198	30	1
2663	1345	1
2869	1274	1
1072	1791	1
2088	1035	1
2335	1526	1
1269	936	1
2163	1029	1
648	99	1
48	1881	1
1109	804	1
561	588	1
120	1341	1
548	1275	1
2734	215	1
643	1932	1
2192	447	1
388	758	1
1727	367	1
332	1108	1
782	1282	1
2588	166	1
1319	1275	1
1010	843	1
2914	1927	1
961	1895	1
24	1409	1
1582	519	1
756	483	1
1263	1334	1
2535	1995	1
1988	497	1
1284	1066	1
1007	639	1
2908	1735	1
962	59	1
2238	1770	1
2127	518	1
160	481	1
2565	261	1
1776	119	1
22	1200	1
892	1356	1
1967	1660	1
1491	62	1
2005	693	1
2626	1654	1
2425	639	1
2517	1482	1
2012	213	1
1673	703	1
1310	346	1
2545	1800	1
2519	1121	1
2059	1651	1
1521	1698	1
2542	390	1
441	718	1
1901	1505	1
1404	697	1
950	148	1
2161	1093	1
378	1326	1
14	327	1
57	1707	1
20	833	1
2346	1277	1
1304	1550	1
2097	455	1
1343	1328	1
843	973	1
2627	1281	1
1141	288	1
1631	61	1
1428	1848	1
420	880	1
2943	329	1
2993	988	1
2602	1559	1
2349	971	1
2234	926	1
1059	459	1
2936	267	1
1449	1177	1
1967	72	1
527	1923	1
1993	178	1
2480	1759	1
1337	1255	1
1265	1755	1
900	856	1
1070	1557	1
1656	884	1
2951	1515	1
1195	1988	1
479	1394	1
26	1648	1
729	1728	1
2810	1496	1
1494	677	1
2224	1132	1
2211	748	1
1889	1895	1
675	688	1
2159	488	1
683	642	1
1001	1616	1
489	1954	1
2553	1247	1
1029	966	1
2808	477	1
2057	1096	1
1028	81	1
660	82	1
856	812	1
664	332	1
2496	648	1
1685	1341	1
2447	1239	1
1457	1958	1
863	1605	1
835	1736	1
1418	209	1
1943	1727	1
2860	1963	1
2199	128	1
936	1881	1
1360	1143	1
771	354	1
2466	518	1
1848	555	1
93	1268	1
2055	831	1
2064	1905	1
158	1672	1
956	1863	1
225	1102	1
2800	1982	1
269	1089	1
2014	1731	1
1688	1717	1
507	1317	1
2690	1678	1
1820	303	1
1002	315	1
1276	1914	1
2678	527	1
2641	1129	1
2124	1189	1
1304	1204	1
393	1071	1
866	1654	1
684	1091	1
1368	1018	1
809	539	1
166	1750	1
38	1961	1
2536	1538	1
2064	1276	1
1751	1427	1
2934	447	1
1575	627	1
1852	992	1
1953	666	1
2697	1642	1
1018	1624	1
2644	1438	1
1552	1376	1
2338	1049	1
249	1635	1
2231	1841	1
1251	270	1
2832	626	1
1606	1145	1
262	608	1
90	1218	1
1160	671	1
2816	658	1
15	393	1
1281	1273	1
2433	750	1
902	1663	1
2754	863	1
2971	1636	1
2805	1	1
1094	82	1
2028	421	1
2404	1022	1
2272	915	1
2846	1378	1
1728	487	1
1940	536	1
121	511	1
1771	145	1
2142	1994	1
553	373	1
351	604	1
1171	107	1
2197	1604	1
1197	462	1
246	1483	1
555	41	1
1885	1028	1
1981	525	1
2471	1206	1
1993	956	1
176	226	1
1263	1512	1
1110	808	1
2052	1763	1
1403	1263	1
2195	1142	1
226	1497	1
2480	1479	1
1560	1259	1
343	475	1
2369	67	1
623	1332	1
1044	525	1
1727	170	1
2902	743	1
185	797	1
2530	1737	1
1957	1260	1
2633	1524	1
375	1410	1
711	354	1
1605	804	1
2714	1428	1
494	1033	1
1335	640	1
234	1041	1
1632	775	1
1319	34	1
1429	395	1
1174	821	1
840	678	1
986	1159	1
894	1492	1
2834	1441	1
1207	654	1
1014	1620	1
1545	725	1
1398	814	1
1611	602	1
1863	281	1
748	1493	1
24	449	1
193	688	1
814	1000	1
1449	1256	1
106	452	1
1322	233	1
455	809	1
795	980	1
936	184	1
116	1493	1
2860	220	1
2120	188	1
2900	1504	1
377	1268	1
2549	757	1
417	1212	1
2241	1790	1
1761	1103	1
2151	185	1
551	1471	1
2104	1399	1
2171	1852	1
2951	1075	1
2418	553	1
59	1842	1
1319	42	1
978	1917	1
2414	1876	1
2274	321	1
1183	1217	1
462	941	1
2446	893	1
1755	700	1
1805	315	1
1392	1915	1
906	1324	1
1922	1458	1
1827	880	1
988	1747	1
1148	894	1
1493	1948	1
1237	103	1
596	257	1
2774	38	1
427	1139	1
0	563	1
1647	702	1
615	1978	1
1614	1550	1
142	389	1
1195	1655	1
1561	240	1
895	837	1
306	1042	1
922	357	1
2682	903	1
2216	364	1
2425	1238	1
1466	1177	1
1044	341	1
341	729	1
1551	1700	1
359	1151	1
2878	1616	1
1083	1356	1
1692	1985	1
1224	1674	1
212	1424	1
2471	1981	1
1853	734	1
2464	1306	1
2302	1283	1
2587	1948	1
1073	686	1
1573	1452	1
2111	686	1
874	1403	1
939	1436	1
1219	76	1
261	922	1
1697	904	1
1894	1589	1
2653	1853	1
2511	1216	1
1378	1555	1
873	497	1
146	1756	1
1393	1864	1
453	388	1
2036	1583	1
941	996	1
1242	1201	1
1422	589	1
1585	914	1
2382	151	1
2834	1852	1
2358	156	1
920	1533	1
167	1577	1
1074	1346	1
1216	585	1
148	51	1
1994	1166	1
1379	1494	1
39	23	1
1601	0	1
1739	497	1
526	651	1
581	86	1
150	385	1
1345	611	1
1591	131	1
1217	704	1
322	1975	1
2971	1007	1
665	1213	1
45	1280	1
2340	1981	1
2595	1318	1
395	1632	1
855	413	1
1320	894	1
846	797	1
1729	68	1
1452	1869	1
2515	1994	1
2112	201	1
1276	1144	1
1540	676	1
2221	1207	1
806	961	1
1708	1097	1
2163	114	1
2815	1356	1
1407	1421	1
1489	691	1
2651	818	1
1968	1284	1
2849	1061	1
2607	866	1
2878	1092	1
1316	1149	1
1598	597	1
1589	1851	1
2563	861	1
735	553	1
797	509	1
806	1719	1
776	1279	1
2092	914	1
356	1642	1
2739	403	1
1333	1388	1
2096	1219	1
2288	261	1
636	1764	1
1401	1433	1
2394	876	1
1731	1968	1
2460	1375	1
371	1381	1
1738	1616	1
1129	1852	1
2898	1419	1
2015	1401	1
2139	144	1
1069	418	1
1607	1670	1
1370	0	1
491	1026	1
1980	177	1
1675	1239	1
1174	1839	1
845	1895	1
2447	695	1
405	259	1
546	811	1
2883	1050	1
675	873	1
142	1483	1
353	1525	1
2773	1029	1
2071	1443	1
615	1572	1
1534	1601	1
2773	1537	1
590	761	1
1554	960	1
2689	970	1
1509	1293	1
2891	1311	1
444	1528	1
28	1470	1
505	1375	1
1304	1221	1
2454	1212	1
465	235	1
178	1592	1
2393	1722	1
1149	659	1
2398	1348	1
412	822	1
2315	1818	1
1289	369	1
859	728	1
105	613	1
2661	1861	1
2762	305	1
1010	906	1
947	813	1
2941	649	1
1942	661	1
68	198	1
2933	1832	1
199	669	1
2772	1960	1
1955	326	1
2028	325	1
914	1702	1
2752	602	1
672	1342	1
2676	1150	1
1538	382	1
79	340	1
2489	487	1
2669	1240	1
2063	1615	1
342	293	1
318	1480	1
676	1828	1
2335	817	1
808	93	1
979	755	1
865	1897	1
1724	1603	1
2221	835	1
1100	193	1
1028	441	1
1112	34	1
1799	1909	1
2163	1476	1
1854	937	1
1857	1524	1
1385	1745	1
223	549	1
2296	1998	1
2464	1157	1
2279	937	1
2551	662	1
1146	855	1
2605	650	1
791	676	1
637	287	1
26	1896	1
1433	1990	1
1315	959	1
814	1979	1
593	1967	1
1932	1240	1
1475	781	1
2158	73	1
1869	414	1
1844	1078	1
2448	868	1
1932	275	1
1873	1156	1
2090	29	1
287	892	1
898	772	1
248	1506	1
492	574	1
1791	438	1
1689	1358	1
878	828	1
2125	497	1
878	877	1
341	1397	1
2286	359	1
1252	928	1
871	794	1
281	52	1
2820	1138	1
1522	1154	1
477	1214	1
324	204	1
273	870	1
2883	1414	1
1223	1885	1
2012	1606	1
408	1019	1
734	1413	1
1515	274	1
2402	827	1
2560	297	1
2595	737	1
1870	1739	1
2431	582	1
2965	342	1
683	1986	1
1191	1446	1
1035	1563	1
2221	703	1
635	1359	1
2862	1399	1
152	616	1
886	815	1
2390	671	1
938	488	1
188	798	1
142	1481	1
1554	701	1
384	1426	1
1080	1531	1
775	1589	1
651	236	1
287	1198	1
1412	1506	1
1417	66	1
1112	812	1
2770	554	1
100	1788	1
1877	83	1
2174	745	1
52	175	1
1743	693	1
2811	1700	1
730	90	1
532	1221	1
574	752	1
2016	1916	1
60	1520	1
847	644	1
288	962	1
2431	722	1
54	1939	1
2844	1388	1
1564	1389	1
2593	1165	1
2596	1949	1
272	1207	1
1549	175	1
2577	1474	1
1710	1723	1
2166	305	1
317	1780	1
2629	217	1
289	1945	1
2544	883	1
1416	299	1
38	1930	1
2938	720	1
1243	759	1
182	210	1
2450	588	1
850	492	1
107	318	1
1973	1637	1
317	1213	1
498	405	1
2518	1493	1
903	174	1
89	1967	1
1521	1786	1
2380	577	1
18	1774	1
2463	1921	1
730	1041	1
2141	1337	1
1626	1528	1
1178	207	1
2670	206	1
866	209	1
253	1322	1
2539	1471	1
1819	1670	1
2760	1707	1
1784	1362	1
185	1888	1
1598	585	1
2221	1557	1
2080	1937	1
609	1440	1
481	661	1
2558	1033	1
1895	779	1
1611	714	1
2908	695	1
523	1977	1
1289	1465	1
883	1242	1
962	716	1
1814	1442	1
1715	689	1
950	915	1
371	1732	1
422	1435	1
1941	1573	1
1184	306	1
2381	1846	1
1786	1346	1
2495	86	1
584	775	1
45	1308	1
1122	1608	1
2935	431	1
1594	1382	1
1480	1977	1
2054	783	1
118	261	1
961	1662	1
1041	359	1
105	531	1
1113	1662	1
2980	596	1
1935	66	1
211	221	1
2642	303	1
560	1915	1
1975	1009	1
730	1173	1
781	358	1
26	265	1
1222	678	1
1579	564	1
2938	1205	1
1068	950	1
2247	1254	1
308	296	1
2651	1837	1
2218	687	1
209	653	1
1806	1439	1
2234	1653	1
2197	741	1
630	1284	1
657	1251	1
2481	113	1
2554	120	1
951	1101	1
1435	1994	1
1308	459	1
602	1110	1
516	1569	1
1457	342	1
1849	1745	1
817	1287	1
2939	514	1
2076	220	1
607	1172	1
896	1803	1
2207	1576	1
769	1917	1
1294	1255	1
268	66	1
1102	455	1
193	586	1
892	329	1
2303	1596	1
299	1571	1
2819	604	1
1514	200	1
278	557	1
1599	914	1
2831	392	1
350	485	1
448	92	1
42	284	1
135	719	1
1727	788	1
1965	692	1
119	328	1
2769	842	1
1802	935	1
363	359	1
1311	1622	1
866	910	1
2736	1457	1
2244	788	1
1551	449	1
1335	1386	1
1354	1571	1
283	1028	1
2866	641	1
2971	1584	1
1851	791	1
2504	787	1
593	511	1
2214	1823	1
1458	500	1
2146	701	1
1031	1311	1
2108	1957	1
2567	1848	1
993	1790	1
1273	1587	1
2525	934	1
2559	959	1
2915	1079	1
635	1180	1
137	1987	1
1626	326	1
1518	1069	1
1826	1506	1
975	1163	1
2617	1164	1
1769	1378	1
2898	1208	1
2436	719	1
2642	990	1
1563	1694	1
261	779	1
2703	1594	1
2579	1709	1
2507	16	1
1952	1244	1
1369	210	1
1037	741	1
158	1349	1
2793	1630	1
533	1051	1
1167	1118	1
980	1779	1
1632	1863	1
1997	790	1
1417	1147	1
120	1840	1
1810	1801	1
2876	888	1
768	1567	1
2043	927	1
2090	563	1
2041	1849	1
82	931	1
1611	1030	1
2589	305	1
74	864	1
467	1808	1
331	1817	1
17	1751	1
2201	378	1
2553	1752	1
903	1305	1
307	988	1
2610	949	1
766	506	1
2909	1774	1
829	301	1
1631	218	1
2396	26	1
277	1628	1
2571	1346	1
37	1293	1
1777	1708	1
1707	1696	1
2961	384	1
2103	1889	1
625	1239	1
518	332	1
145	1220	1
2269	303	1
2256	1923	1
9	440	1
1910	1394	1
2320	621	1
1918	1249	1
480	1301	1
771	1573	1
242	514	1
1676	1817	1
1262	1764	1
2513	1774	1
2304	112	1
1756	539	1
514	1729	1
2274	45	1
1291	1909	1
13	637	1
1879	1368	1
1299	141	1
1565	88	1
2436	1127	1
902	606	1
588	741	1
2341	731	1
1479	1853	1
2873	1564	1
223	360	1
297	210	1
1192	1837	1
467	1703	1
316	1230	1
499	685	1
2106	24	1
2710	704	1
215	1890	1
360	1964	1
33	449	1
430	866	1
2065	1130	1
1477	800	1
843	1417	1
2726	1549	1
1043	1149	1
2909	365	1
168	448	1
2826	733	1
1590	1790	1
835	875	1
0	51	1
2460	1916	1
1304	561	1
1878	907	1
2681	1136	1
1802	524	1
2034	1212	1
1926	1567	1
2985	1355	1
2602	1618	1
1187	1876	1
2300	496	1
1818	107	1
1376	1147	1
1267	1477	1
2692	1777	1
2288	1747	1
1187	1132	1
590	606	1
465	592	1
843	1688	1
2102	573	1
722	794	1
2185	1592	1
783	1729	1
1786	1656	1
2189	1744	1
1175	1216	1
2813	1215	1
1982	1248	1
564	1466	1
2746	1083	1
1479	610	1
407	1593	1
2291	302	1
2786	895	1
480	1806	1
1111	783	1
1668	94	1
1287	838	1
510	1432	1
1659	1694	1
2970	1899	1
339	1159	1
83	1496	1
635	696	1
2652	1210	1
2069	841	1
2696	644	1
2675	744	1
179	261	1
1532	23	1
1390	1500	1
475	210	1
1478	1633	1
2083	622	1
1070	1630	1
789	853	1
1688	268	1
1102	174	1
2014	1664	1
1624	975	1
2029	1994	1
44	1560	1
1903	388	1
2299	1319	1
2564	1117	1
1002	1421	1
2503	371	1
2183	1895	1
2944	565	1
2822	166	1
1797	458	1
658	694	1
2680	213	1
2677	528	1
1261	482	1
1358	483	1
2232	261	1
1128	1719	1
1612	1051	1
2388	1064	1
1897	706	1
1281	1070	1
558	1614	1
28	1161	1
863	315	1
1927	137	1
2636	1647	1
2424	882	1
1057	1596	1
222	1697	1
2099	1485	1
1688	1642	1
819	1734	1
2625	1551	1
1840	489	1
1771	1821	1
1710	1402	1
122	696	1
670	1786	1
99	1405	1
2805	1887	1
2795	1134	1
844	1672	1
2734	560	1
203	106	1
1424	446	1
2207	993	1
1530	771	1
1197	792	1
2920	619	1
364	1104	1
991	414	1
661	1308	1
1759	163	1
1277	934	1
74	570	1
1945	562	1
887	1423	1
1602	376	1
2106	251	1
1047	1842	1
1947	119	1
2514	1509	1
1512	1401	1
2144	1924	1
2130	283	1
2849	955	1
2872	214	1
1104	122	1
2253	52	1
217	1649	1
867	882	1
2453	655	1
2597	237	1
2263	1462	1
998	186	1
2106	591	1
2783	1181	1
1655	85	1
1068	410	1
1337	1358	1
109	1407	1
774	1544	1
1969	686	1
1426	1762	1
463	641	1
258	1601	1
1862	1837	1
221	216	1
1486	845	1
2440	959	1
319	1973	1
1998	1582	1
441	1887	1
1373	1252	1
962	429	1
2614	1857	1
250	544	1
2266	1601	1
2882	343	1
2036	1471	1
325	31	1
1949	1614	1
1897	1313	1
435	1175	1
2474	1137	1
192	892	1
64	145	1
1436	229	1
826	32	1
1657	1551	1
554	1952	1
401	865	1
1242	1782	1
2034	578	1
2562	740	1
1311	768	1
2608	1788	1
1991	372	1
1618	1297	1
2757	1006	1
1648	868	1
210	1243	1
320	1444	1
1131	484	1
1954	1433	1
1669	949	1
1619	1615	1
795	385	1
1973	1182	1
80	337	1
2843	1736	1
2439	624	1
1227	615	1
2621	1241	1
2955	1342	1
1840	1308	1
159	1887	1
1841	773	1
854	1355	1
2620	1664	1
690	1381	1
2202	1787	1
2101	1547	1
1411	1723	1
1624	642	1
1900	586	1
1075	832	1
2325	1542	1
1011	444	1
968	268	1
314	407	1
1595	1592	1
1511	1481	1
2470	1866	1
2259	547	1
1239	950	1
1159	159	1
2675	130	1
2556	614	1
2036	1309	1
2973	1942	1
476	355	1
2609	1291	1
2732	1173	1
2515	1722	1
25	931	1
844	555	1
2413	1284	1
1144	1342	1
2691	851	1
1086	651	1
1209	794	1
2535	1436	1
2271	1456	1
1254	392	1
1218	1247	1
1681	431	1
330	648	1
884	1217	1
1141	1729	1
2033	1155	1
2579	1654	1
2723	1012	1
2034	1713	1
2119	884	1
2443	45	1
847	424	1
482	960	1
2529	144	1
1859	1026	1
2672	37	1
2854	815	1
281	193	1
2454	1353	1
2928	961	1
2642	949	1
2497	504	1
251	1778	1
2804	592	1
1512	1830	1
833	161	1
1294	1297	1
997	1342	1
2694	544	1
1502	1296	1
1811	1777	1
2421	785	1
1506	720	1
1630	1266	1
1566	51	1
2960	1621	1
2182	724	1
2308	178	1
778	1794	1
962	1510	1
2180	1428	1
2780	1793	1
1782	850	1
192	833	1
2622	233	1
1592	77	1
106	236	1
1525	1865	1
1824	984	1
2406	1931	1
2881	985	1
2107	1136	1
182	1451	1
518	1418	1
1321	879	1
1676	1599	1
2784	1950	1
1734	638	1
496	498	1
2325	1704	1
2306	1571	1
275	339	1
2020	1807	1
2589	817	1
871	25	1
2085	346	1
2460	1121	1
1587	1257	1
1924	1282	1
864	315	1
5	1149	1
2941	1018	1
2013	1831	1
1640	142	1
70	1654	1
1637	454	1
385	858	1
2814	1265	1
2654	1081	1
2957	1534	1
2716	828	1
1744	1436	1
2920	900	1
1196	1721	1
58	1375	1
1629	415	1
2387	466	1
796	812	1
1460	1403	1
1023	739	1
589	314	1
568	408	1
121	210	1
1868	1680	1
2672	1804	1
1408	1558	1
2450	438	1
746	1396	1
1063	821	1
1954	1248	1
934	712	1
2526	784	1
182	543	1
1934	1748	1
71	824	1
1170	150	1
532	583	1
38	1133	1
1328	550	1
835	1082	1
2942	91	1
2188	852	1
1658	1758	1
1987	869	1
1205	394	1
2219	591	1
2633	1205	1
2500	1682	1
204	1755	1
2136	447	1
1430	396	1
1765	136	1
1839	1647	1
1733	250	1
2654	1368	1
1275	964	1
2760	271	1
1148	1621	1
161	1280	1
372	749	1
2990	564	1
786	1101	1
1102	1517	1
1573	1522	1
109	1746	1
874	284	1
82	1546	1
216	1401	1
932	943	1
101	756	1
2937	1595	1
2568	1897	1
2661	1402	1
1504	23	1
1123	1834	1
722	28	1
2522	278	1
1005	1483	1
736	1258	1
498	22	1
848	918	1
2772	1551	1
14	600	1
893	957	1
2745	1442	1
493	1841	1
582	722	1
1806	1841	1
1887	125	1
1458	1788	1
2925	1931	1
1312	1925	1
1204	1655	1
2598	1759	1
2220	856	1
425	1401	1
259	936	1
55	1695	1
1278	817	1
965	1666	1
2999	1501	1
126	50	1
2877	1974	1
1344	1025	1
2138	1465	1
2211	1101	1
1960	1413	1
1939	1151	1
2945	1225	1
1139	679	1
2660	901	1
2717	798	1
1850	600	1
1085	1640	1
896	230	1
984	1689	1
2635	1414	1
1044	1684	1
2977	1382	1
429	1362	1
2465	1035	1
512	880	1
206	1718	1
2584	1407	1
1740	514	1
1452	1971	1
203	459	1
1334	1745	1
314	1351	1
2924	1814	1
278	1930	1
1955	594	1
2387	469	1
2701	1059	1
1022	145	1
1588	767	1
356	1243	1
2812	1051	1
749	935	1
303	1869	1
2941	837	1
1308	1489	1
9	1960	1
2096	102	1
1967	500	1
1201	109	1
2413	453	1
930	1785	1
1500	1732	1
782	1164	1
1655	863	1
1085	829	1
2487	1188	1
674	1288	1
339	843	1
1584	920	1
1540	1786	1
2301	986	1
2252	748	1
746	904	1
2433	1343	1
1453	1058	1
2493	1981	1
1776	1263	1
532	1064	1
2470	1761	1
2817	389	1
2532	1709	1
36	864	1
1311	405	1
1749	1391	1
2715	1600	1
731	127	1
2966	1931	1
2322	1667	1
493	703	1
662	29	1
341	205	1
961	1588	1
1043	376	1
355	1588	1
1607	463	1
241	772	1
1821	1170	1
1967	593	1
2738	371	1
1520	1942	1
1779	473	1
1064	952	1
642	579	1
2339	1516	1
1693	1223	1
2410	275	1
13	255	1
1244	529	1
2878	1460	1
82	1570	1
2228	1507	1
2509	582	1
416	1458	1
1177	1243	1
848	380	1
2492	866	1
175	1837	1
2946	201	1
2742	1002	1
84	1025	1
273	121	1
2351	1061	1
1849	1770	1
740	447	1
126	367	1
1918	1827	1
2600	1113	1
1367	967	1
1719	1122	1
1982	619	1
2141	77	1
1555	140	1
1964	309	1
570	1342	1
1536	284	1
70	1720	1
2519	30	1
1579	1446	1
1954	755	1
1245	1582	1
2513	1042	1
308	121	1
1033	1047	1
1913	512	1
1967	758	1
2655	1133	1
1124	119	1
1719	30	1
1504	1175	1
2018	1263	1
2771	1267	1
1301	852	1
39	1396	1
2998	510	1
592	643	1
801	316	1
1529	539	1
1337	283	1
2115	368	1
119	539	1
733	293	1
1008	901	1
2209	772	1
786	1545	1
436	133	1
1046	1579	1
1271	672	1
1744	1198	1
1954	1361	1
524	1710	1
1992	1800	1
1186	1277	1
1162	1493	1
889	691	1
2609	1497	1
1256	955	1
2195	417	1
97	614	1
396	556	1
2335	535	1
1067	1606	1
2635	1413	1
456	281	1
280	970	1
1224	691	1
1349	1802	1
2560	1188	1
2668	1414	1
194	1883	1
2901	420	1
1942	1034	1
224	688	1
313	668	1
1177	348	1
2493	1930	1
2769	1448	1
524	1062	1
2469	334	1
1719	308	1
384	1521	1
2984	856	1
243	21	1
772	99	1
910	801	1
904	727	1
2213	731	1
1983	76	1
2642	1371	1
2328	1867	1
143	1895	1
2114	1205	1
1260	842	1
2063	1424	1
157	1507	1
2620	1164	1
2412	1083	1
517	653	1
1310	1186	1
2576	1433	1
2164	1656	1
2638	39	1
1108	87	1
1028	1092	1
1996	1827	1
1339	1273	1
2717	1515	1
660	1500	1
1345	1487	1
1426	1551	1
2537	305	1
305	1467	1
2128	212	1
2117	1736	1
2159	1474	1
1891	582	1
1428	753	1
2156	1410	1
2823	1704	1
39	1216	1
79	1137	1
1000	1182	1
2963	921	1
0	313	1
105	1922	1
467	163	1
532	1562	1
1842	1494	1
868	478	1
2697	1122	1
416	1703	1
2689	1782	1
2756	250	1
1201	1058	1
1199	482	1
888	667	1
2593	1560	1
788	1449	1
2682	432	1
2377	1773	1
2651	75	1
145	143	1
1382	1683	1
681	1226	1
2883	892	1
1411	1966	1
847	376	1
2597	816	1
177	1720	1
1384	247	1
1609	358	1
2429	252	1
1640	1116	1
1688	156	1
1749	1840	1
2911	1702	1
1625	724	1
1515	45	1
1493	1189	1
239	627	1
2211	667	1
218	1602	1
2223	171	1
2699	1057	1
2381	351	1
1547	1154	1
1900	1101	1
133	816	1
1142	168	1
1948	951	1
1649	1394	1
2978	1411	1
2345	1438	1
268	596	1
2192	357	1
2018	744	1
983	1720	1
72	223	1
720	1497	1
638	290	1
1094	1427	1
294	1111	1
505	359	1
2967	1404	1
977	190	1
391	124	1
219	1326	1
1948	1096	1
1824	1862	1
1585	1568	1
2442	961	1
346	122	1
571	679	1
1593	110	1
1945	1079	1
1433	983	1
2410	1018	1
440	59	1
2193	1786	1
2648	210	1
1532	515	1
2540	1694	1
2884	557	1
860	778	1
1692	1352	1
2713	1335	1
1680	515	1
2723	226	1
2302	50	1
1833	799	1
2958	429	1
958	1705	1
539	1331	1
2458	409	1
2596	1120	1
335	1787	1
2995	1804	1
1391	8	1
1807	195	1
1716	1985	1
127	328	1
1887	383	1
2985	1772	1
1379	614	1
1924	913	1
615	372	1
2690	251	1
1398	181	1
950	182	1
586	773	1
1997	657	1
2276	1821	1
2800	1106	1
2191	283	1
1716	311	1
508	1513	1
2127	1238	1
2083	1909	1
1870	1519	1
2842	422	1
2647	1773	1
104	1135	1
1530	800	1
274	920	1
2105	1086	1
1536	900	1
1825	809	1
2561	533	1
598	925	1
1142	1443	1
1755	605	1
2393	786	1
2050	1982	1
2731	795	1
2209	407	1
1445	765	1
1488	1709	1
2221	350	1
352	1484	1
21	1918	1
79	832	1
1476	1547	1
414	659	1
1744	315	1
1399	379	1
2843	47	1
1751	1280	1
1296	1093	1
1133	1440	1
2485	992	1
60	619	1
1840	1515	1
2130	213	1
977	738	1
521	1106	1
2739	1077	1
362	1156	1
2480	995	1
1477	450	1
2423	1140	1
1783	1335	1
1922	859	1
2352	843	1
1084	1742	1
1446	495	1
107	1012	1
2940	688	1
1674	1337	1
2949	1173	1
2547	58	1
138	1962	1
1286	281	1
2197	1267	1
2807	1725	1
2263	1091	1
1760	1348	1
1435	522	1
1102	267	1
2436	333	1
509	191	1
1751	388	1
1747	711	1
2016	1454	1
2918	1090	1
1436	317	1
2076	736	1
1881	378	1
1105	153	1
269	1439	1
1197	857	1
1881	1100	1
1964	59	1
1130	795	1
1237	510	1
2461	1597	1
233	892	1
2883	559	1
283	560	1
567	646	1
129	1436	1
2892	387	1
692	750	1
915	1833	1
655	1565	1
2229	455	1
2148	1597	1
2673	330	1
455	1227	1
2808	576	1
1818	912	1
294	1689	1
1229	1361	1
1180	1895	1
1915	233	1
372	1416	1
1645	1254	1
1365	825	1
2170	123	1
2765	809	1
207	969	1
2753	1207	1
1280	1731	1
2372	1602	1
1806	649	1
2545	1228	1
257	258	1
1215	1714	1
2005	630	1
1170	1636	1
1022	767	1
1288	647	1
762	365	1
1885	1732	1
923	690	1
2286	1852	1
2549	1325	1
649	1726	1
1163	982	1
1311	1332	1
899	1192	1
1963	1483	1
2852	802	1
610	841	1
1174	1359	1
1855	44	1
1697	465	1
1387	1361	1
2448	1446	1
81	799	1
751	1481	1
2689	203	1
1299	36	1
1347	1165	1
729	675	1
1996	581	1
1461	421	1
960	899	1
356	1362	1
2789	1695	1
2914	762	1
590	759	1
2776	1699	1
1778	442	1
1309	1207	1
1136	359	1
1547	343	1
2907	1584	1
2133	364	1
69	1088	1
571	1129	1
67	1606	1
2319	425	1
2746	187	1
2310	1060	1
2987	262	1
1431	919	1
1844	771	1
2561	1009	1
850	1709	1
2856	1282	1
183	485	1
359	1286	1
2739	1386	1
258	1416	1
726	378	1
2622	367	1
1841	1119	1
2621	167	1
2099	431	1
244	1097	1
1867	362	1
1967	1555	1
54	476	1
940	785	1
1306	1352	1
139	222	1
2751	760	1
306	1444	1
1966	528	1
37	1083	1
2505	1849	1
1456	394	1
620	209	1
569	1542	1
613	262	1
776	8	1
1952	1898	1
1050	113	1
881	1723	1
1164	717	1
1477	1456	1
1885	166	1
1315	253	1
2429	539	1
1609	534	1
1439	1004	1
1467	120	1
553	383	1
327	153	1
490	1170	1
1354	1293	1
1517	1736	1
1353	1543	1
122	832	1
2566	683	1
561	705	1
1868	1110	1
29	1462	1
437	1676	1
1213	230	1
1272	1926	1
2820	355	1
2367	991	1
1591	949	1
344	1647	1
2245	66	1
1718	16	1
1	1508	1
2611	1461	1
2686	241	1
880	1943	1
260	1619	1
2905	1567	1
1267	1496	1
1115	1807	1
1979	617	1
2736	300	1
361	666	1
367	851	1
2449	1617	1
88	1882	1
75	1790	1
1223	1705	1
1146	660	1
385	1072	1
728	815	1
1883	53	1
571	254	1
1792	1524	1
1610	833	1
1065	1730	1
1111	60	1
594	1506	1
83	1960	1
271	768	1
1181	486	1
1651	1404	1
1154	698	1
1236	411	1
2694	1464	1
1087	87	1
1127	1671	1
2930	1957	1
1965	397	1
1101	286	1
2659	42	1
1924	108	1
219	235	1
2496	1216	1
2311	1365	1
1201	1844	1
1783	602	1
696	161	1
56	1975	1
2296	1118	1
1203	246	1
1131	360	1
1042	1449	1
2975	551	1
1106	404	1
2567	539	1
375	1470	1
525	753	1
2446	688	1
2089	575	1
1924	772	1
1420	1520	1
1999	322	1
2375	298	1
1102	1686	1
1536	687	1
547	389	1
821	13	1
1034	1825	1
2607	184	1
982	965	1
84	302	1
117	1131	1
1126	326	1
2651	595	1
1276	327	1
482	594	1
818	780	1
2865	1877	1
386	888	1
2101	1678	1
1125	1196	1
820	1808	1
1258	1719	1
2156	209	1
2100	1376	1
2354	385	1
196	1939	1
1637	548	1
2185	323	1
2705	624	1
375	1307	1
1801	1821	1
2839	133	1
1899	935	1
1257	1561	1
1274	792	1
562	1165	1
1851	1266	1
2230	1211	1
1087	1932	1
374	1376	1
1266	1364	1
2345	1566	1
624	315	1
2321	1548	1
2818	273	1
2286	1598	1
2591	1172	1
499	1226	1
1115	604	1
1536	339	1
1369	36	1
1428	1043	1
1381	1920	1
2504	1962	1
1969	1951	1
162	744	1
2827	1662	1
271	1620	1
575	1924	1
2342	446	1
1236	891	1
1982	442	1
48	1	1
1181	101	1
44	610	1
717	582	1
1401	1432	1
565	344	1
2105	890	1
1140	1536	1
592	224	1
1667	582	1
771	399	1
1548	38	1
322	691	1
869	1079	1
612	1315	1
1004	1804	1
860	1199	1
366	256	1
1793	524	1
2453	1728	1
831	304	1
1011	421	1
2606	340	1
1710	1255	1
915	713	1
1146	1767	1
2852	795	1
214	1777	1
284	293	1
2894	1418	1
1553	1396	1
323	679	1
2662	1935	1
1558	1401	1
1962	233	1
688	1142	1
2441	245	1
1993	647	1
657	1996	1
914	1926	1
2220	1127	1
1375	1729	1
1775	755	1
616	113	1
2082	343	1
65	570	1
2324	946	1
2174	1218	1
1509	1827	1
817	89	1
2318	1711	1
411	124	1
693	1834	1
2944	546	1
844	871	1
1252	17	1
400	5	1
1772	1822	1
900	1416	1
2067	869	1
1760	656	1
465	79	1
812	907	1
1037	1494	1
940	1193	1
1317	1761	1
29	1022	1
173	906	1
1497	1420	1
2939	1049	1
1810	1810	1
2790	414	1
2187	1354	1
2609	886	1
147	1298	1
929	208	1
674	349	1
2510	1823	1
1650	268	1
2612	1079	1
1365	1009	1
2508	251	1
1673	927	1
990	323	1
2087	55	1
143	173	1
1796	13	1
2775	563	1
839	169	1
2626	1277	1
669	1355	1
1521	1981	1
2440	76	1
2476	761	1
654	742	1
1501	1515	1
957	1434	1
498	692	1
2925	428	1
2592	1947	1
1184	1280	1
867	919	1
2892	381	1
640	594	1
2540	1647	1
2240	49	1
2936	521	1
1331	207	1
1223	1683	1
608	176	1
2195	834	1
1529	1972	1
1218	1577	1
1194	175	1
2516	865	1
97	647	1
429	1789	1
1048	1458	1
1820	688	1
2435	731	1
2428	1937	1
2024	830	1
977	409	1
281	718	1
493	1660	1
1298	659	1
2631	238	1
406	179	1
1590	965	1
934	1731	1
772	1786	1
369	1544	1
877	157	1
91	888	1
2923	910	1
1288	997	1
2051	1146	1
2574	334	1
2	1829	1
2184	204	1
2911	1341	1
2897	1413	1
1951	1919	1
1059	852	1
592	1330	1
1770	1470	1
1765	265	1
827	562	1
802	490	1
1510	1191	1
1411	833	1
2852	176	1
1853	893	1
2272	970	1
174	1701	1
489	114	1
47	1104	1
866	552	1
1568	1690	1
1407	1537	1
1069	400	1
2582	1570	1
1614	1421	1
584	996	1
1063	1056	1
1263	1950	1
1609	9	1
1269	795	1
1149	696	1
1364	677	1
1449	1450	1
1866	873	1
1297	850	1
2776	1149	1
319	153	1
888	1459	1
2653	1389	1
1481	764	1
218	877	1
1040	520	1
195	1215	1
2153	1569	1
1859	483	1
2212	1781	1
1482	289	1
2356	1414	1
1938	1343	1
743	126	1
389	444	1
2254	419	1
2171	102	1
107	1912	1
2452	1521	1
1009	1479	1
266	1130	1
440	1439	1
2343	1956	1
1603	830	1
1099	1532	1
42	1478	1
1135	1805	1
1351	842	1
1620	844	1
1261	130	1
2283	933	1
1028	536	1
1136	1987	1
1475	809	1
341	1870	1
226	1213	1
2496	108	1
1739	1222	1
1697	183	1
1831	624	1
213	1962	1
2945	1210	1
1561	1088	1
1961	630	1
2434	55	1
509	1078	1
1220	294	1
1087	152	1
304	1939	1
2984	1163	1
1125	1570	1
2215	1929	1
2028	823	1
472	1234	1
2731	1165	1
67	1180	1
2208	1749	1
292	1126	1
1111	873	1
142	521	1
2705	309	1
2381	1544	1
1296	29	1
2743	333	1
18	206	1
1974	135	1
2849	1059	1
531	562	1
1566	1499	1
3	61	1
1340	708	1
2966	726	1
153	1707	1
2448	413	1
766	1737	1
1616	272	1
2559	1660	1
1735	1817	1
1226	962	1
613	554	1
1346	212	1
2332	367	1
1990	74	1
71	1712	1
1015	501	1
1089	336	1
2972	800	1
1124	1656	1
2170	93	1
1594	128	1
2589	982	1
2965	1659	1
2751	1070	1
2124	712	1
2820	1426	1
822	1291	1
389	483	1
2813	1960	1
196	1626	1
1956	49	1
312	579	1
2500	1089	1
2281	351	1
1456	656	1
2540	1884	1
772	1440	1
260	1084	1
1049	1996	1
570	1599	1
1103	1953	1
1678	9	1
431	595	1
1035	1201	1
636	121	1
1181	1537	1
833	764	1
1473	1611	1
1282	1898	1
643	871	1
1435	1732	1
2602	322	1
402	1672	1
712	360	1
2130	1577	1
1969	1695	1
792	635	1
486	1220	1
1623	1205	1
2292	1092	1
1024	648	1
398	477	1
1704	14	1
2130	662	1
2606	1813	1
1394	335	1
213	1387	1
2990	1350	1
1456	1941	1
2696	1292	1
34	96	1
703	1745	1
1583	1506	1
2839	1157	1
2907	581	1
1826	1149	1
1577	1294	1
1047	879	1
2887	755	1
741	1788	1
1467	1682	1
2611	234	1
2468	1567	1
1832	1644	1
1663	1658	1
1202	301	1
2922	1945	1
2708	1394	1
1210	1064	1
1367	917	1
1299	8	1
1408	1813	1
1908	231	1
215	497	1
70	1379	1
1282	61	1
2244	2	1
257	305	1
2920	1261	1
1271	1405	1
2621	33	1
526	1593	1
1415	513	1
126	1893	1
2726	1321	1
2952	1577	1
468	894	1
165	499	1
2504	589	1
2767	181	1
396	420	1
507	672	1
2369	199	1
1760	129	1
2605	1704	1
904	393	1
1208	1489	1
1744	122	1
626	1769	1
91	481	1
652	501	1
1876	1431	1
2708	1814	1
1180	1352	1
193	828	1
1226	1991	1
1174	1120	1
1502	1644	1
1358	1359	1
51	493	1
2329	29	1
2784	183	1
678	310	1
1151	1363	1
2456	1629	1
212	52	1
606	1463	1
2380	977	1
1116	838	1
2648	1291	1
2615	1856	1
1757	1036	1
1893	937	1
747	1468	1
2437	639	1
415	1343	1
1600	1687	1
1032	568	1
1930	904	1
374	536	1
1077	1991	1
2771	1109	1
698	1103	1
1398	916	1
790	497	1
456	691	1
2791	1009	1
2836	959	1
2221	887	1
2431	1569	1
478	1578	1
491	1239	1
697	525	1
676	1172	1
2952	314	1
964	1607	1
2315	210	1
1149	1448	1
1153	1492	1
1713	1440	1
390	752	1
1181	609	1
1351	1817	1
738	228	1
2984	979	1
853	160	1
2637	28	1
1376	1228	1
2018	1655	1
1185	198	1
964	1261	1
1701	1408	1
1077	177	1
1580	1141	1
181	1106	1
2338	1398	1
986	1086	1
504	1981	1
2859	1721	1
1040	1364	1
1669	160	1
2256	979	1
2221	450	1
510	319	1
2121	1048	1
2264	1488	1
580	538	1
1913	1526	1
189	1937	1
516	239	1
378	453	1
2950	1445	1
2696	1084	1
2108	1398	1
1020	807	1
1355	1141	1
695	62	1
1257	813	1
2059	23	1
57	411	1
1686	633	1
2811	572	1
2945	1050	1
1150	1453	1
2145	827	1
549	1853	1
292	903	1
2740	1144	1
1050	1956	1
1310	1456	1
2986	1274	1
948	1454	1
1610	575	1
988	1458	1
1590	1242	1
166	11	1
2273	710	1
39	1476	1
1702	1007	1
1542	1209	1
2428	974	1
2192	77	1
1345	1649	1
377	51	1
1155	1162	1
1531	1711	1
1272	821	1
1337	1131	1
2578	1775	1
2148	1065	1
330	1817	1
1725	393	1
197	1775	1
725	344	1
289	1987	1
2663	1808	1
341	783	1
391	504	1
1366	1593	1
2708	1003	1
229	160	1
2826	1231	1
1981	1720	1
1427	1866	1
821	281	1
307	886	1
2347	660	1
906	1980	1
2347	436	1
2736	871	1
1649	976	1
2627	1979	1
1712	1995	1
2723	1435	1
1364	103	1
2216	937	1
1353	1442	1
1131	279	1
443	820	1
2521	942	1
942	1321	1
1355	1371	1
270	973	1
2472	1323	1
2560	1622	1
2918	774	1
67	497	1
891	1572	1
1642	646	1
2808	93	1
2730	1092	1
2940	923	1
299	589	1
1967	278	1
1179	153	1
421	1402	1
1218	994	1
2954	1187	1
966	1222	1
2639	1328	1
1778	137	1
2586	1222	1
2584	193	1
808	1608	1
2177	247	1
1132	1651	1
2700	168	1
1061	1028	1
326	1340	1
2512	1663	1
1186	597	1
2563	1203	1
411	362	1
1583	1907	1
2125	1159	1
697	180	1
1977	1169	1
477	362	1
1943	138	1
2898	456	1
1217	1802	1
104	1367	1
812	321	1
1495	142	1
2011	405	1
2084	1607	1
312	1260	1
640	288	1
1418	1261	1
401	266	1
1799	1667	1
411	184	1
1317	434	1
1506	1758	1
477	1528	1
1566	35	1
1255	1433	1
1787	1035	1
1727	1573	1
2518	720	1
2370	121	1
802	658	1
1616	1987	1
1120	986	1
400	1758	1
1334	80	1
179	137	1
179	562	1
666	1090	1
2893	957	1
423	1362	1
2346	1113	1
240	1133	1
926	1808	1
2945	527	1
2427	1124	1
2771	394	1
1836	1514	1
2423	1762	1
1897	1013	1
2851	860	1
1918	1253	1
1937	365	1
1006	1542	1
123	316	1
2512	1570	1
2108	1651	1
1488	1263	1
1053	467	1
1346	274	1
295	1423	1
2519	1170	1
298	1124	1
108	1660	1
2466	1283	1
1014	286	1
1701	1095	1
2374	1373	1
2237	446	1
645	956	1
697	645	1
2982	355	1
1026	378	1
2438	134	1
634	1122	1
1534	1623	1
878	1933	1
645	1021	1
2159	1214	1
2329	999	1
2942	904	1
500	1389	1
1167	558	1
896	620	1
728	482	1
2963	873	1
2103	1540	1
2208	1833	1
697	1991	1
1617	1201	1
2346	1172	1
2097	1541	1
801	1424	1
2781	526	1
308	19	1
1807	558	1
44	1549	1
1018	1242	1
2076	311	1
2756	4	1
211	563	1
1809	114	1
776	1876	1
111	867	1
2135	1321	1
20	1372	1
612	151	1
594	1022	1
2486	1325	1
2030	1210	1
1524	423	1
2162	33	1
1057	1181	1
2082	86	1
1514	1825	1
1606	1699	1
713	1918	1
2649	851	1
1905	1255	1
2316	1762	1
2543	1528	1
2973	122	1
2465	1577	1
2390	1478	1
2849	670	1
2894	937	1
2471	416	1
467	942	1
2413	1391	1
661	280	1
965	121	1
307	1709	1
1498	312	1
2073	1759	1
101	140	1
488	1135	1
1189	1231	1
2785	1968	1
1280	207	1
702	462	1
1975	574	1
66	1169	1
154	1609	1
1444	1809	1
432	720	1
215	531	1
1919	1127	1
1928	1126	1
1891	1551	1
897	315	1
444	1558	1
1455	1839	1
708	1301	1
2493	1171	1
737	313	1
1063	901	1
432	1551	1
1502	831	1
1388	1205	1
1848	1352	1
1025	1398	1
1691	1996	1
435	1247	1
580	1853	1
304	945	1
2385	1961	1
1295	879	1
1425	514	1
63	468	1
772	1750	1
28	644	1
476	1233	1
2545	441	1
951	562	1
1954	368	1
2664	799	1
756	368	1
1795	1108	1
359	198	1
2109	1305	1
586	292	1
930	667	1
1163	1558	1
2010	938	1
2091	1753	1
146	960	1
1611	696	1
775	592	1
2953	1813	1
2241	594	1
2863	898	1
434	717	1
2336	1778	1
2867	1613	1
1347	1463	1
2899	489	1
2548	1858	1
130	1758	1
2663	782	1
908	1436	1
2611	459	1
1701	960	1
2987	1361	1
2309	398	1
1573	526	1
2506	1095	1
131	117	1
2148	1363	1
2519	1510	1
249	1450	1
304	362	1
2560	1145	1
796	1483	1
1063	1953	1
1220	1246	1
2590	551	1
1397	1247	1
884	615	1
1272	1856	1
1921	307	1
1830	1205	1
1683	110	1
2935	1416	1
1112	439	1
96	268	1
206	41	1
2406	638	1
2014	3	1
2306	1600	1
2400	1827	1
790	1741	1
323	225	1
2988	1589	1
2620	579	1
97	1539	1
1414	170	1
1879	1911	1
1193	1155	1
45	1723	1
694	1583	1
954	1917	1
2747	66	1
2932	1306	1
264	1515	1
2044	1472	1
2220	939	1
295	873	1
1297	764	1
480	493	1
790	274	1
1485	1235	1
213	1352	1
1647	1255	1
2517	1036	1
47	1597	1
1602	967	1
910	705	1
2283	559	1
369	670	1
1329	1175	1
850	1160	1
1013	719	1
1160	298	1
1770	315	1
727	13	1
396	506	1
659	1410	1
2146	1839	1
180	480	1
2796	207	1
693	1385	1
2723	622	1
733	1833	1
2130	1794	1
1485	1850	1
1371	372	1
368	693	1
66	63	1
2342	1607	1
901	1983	1
2111	1331	1
22	1493	1
503	87	1
1191	1905	1
2907	448	1
171	1119	1
949	1792	1
309	1157	1
1090	1975	1
387	1626	1
148	615	1
782	1390	1
584	661	1
1085	804	1
2194	810	1
2213	769	1
1464	940	1
2232	68	1
2867	126	1
1350	1993	1
504	1430	1
789	845	1
2277	1752	1
61	471	1
2389	590	1
2153	415	1
2332	1695	1
1990	969	1
2165	254	1
1867	639	1
2102	1371	1
1919	503	1
645	1800	1
1693	1104	1
2060	342	1
1868	747	1
333	1886	1
245	196	1
1094	1215	1
1429	995	1
2401	1080	1
2325	280	1
625	1752	1
1019	802	1
2542	1937	1
564	1336	1
486	191	1
687	1960	1
348	1251	1
298	546	1
2719	190	1
2612	1406	1
2017	787	1
1088	1908	1
2307	962	1
648	1194	1
2071	1098	1
2875	1270	1
216	940	1
320	1015	1
700	490	1
1577	1198	1
765	1115	1
628	647	1
1951	1276	1
1375	456	1
86	124	1
212	1902	1
1808	1180	1
586	1738	1
525	1389	1
324	1730	1
1922	690	1
1855	385	1
1621	1422	1
2904	1006	1
2927	1807	1
1168	1628	1
688	571	1
1321	1265	1
4	1858	1
409	1604	1
1069	1582	1
1327	26	1
383	1100	1
346	904	1
2523	642	1
1092	58	1
445	994	1
190	668	1
2	1661	1
658	1627	1
932	1080	1
2061	1190	1
1571	1863	1
