15000
818	1216	1
1591	307	1
366	862	1
570	748	1
1570	208	1
1662	422	1
1274	1402	1
854	1478	1
1057	893	1
1605	698	1
48	997	1
1188	631	1
478	763	1
217	168	1
1251	1169	1
1055	200	1
987	1098	1
908	1285	1
1596	1339	1
588	463	1
1196	1110	1
1744	634	1
1702	287	1
1438	843	1
115	1353	1
296	862	1
825	706	1
1735	1363	1
1935	1207	1
1400	524	1
1046	664	1
204	1413	1
1505	1004	1
1439	1488	1
1880	344	1
1180	406	1
436	388	1
1166	359	1
910	828	1
702	829	1
1129	944	1
1668	259	1
786	1135	1
1389	921	1
329	726	1
987	1479	1
1420	710	1
91	1447	1
1092	1236	1
302	501	1
1335	712	1
1591	624	1
1342	1124	1
650	172	1
167	787	1
1464	1202	1
1307	747	1
480	409	1
1294	1341	1
1780	826	1
1676	23	1
1929	392	1
1387	960	1
1180	834	1
510	243	1
44	695	1
1984	1347	1
902	414	1
1760	217	1
311	644	1
1256	1468	1
1684	777	1
603	409	1
703	101	1
264	1149	1
1462	652	1
1702	903	1
584	457	1
1938	501	1
1879	730	1
1741	1249	1
172	225	1
1666	1129	1
986	1182	1
838	1414	1
968	711	1
914	846	1
1926	417	1
843	931	1
758	1258	1
937	1079	1
31	926	1
1574	85	1
167	691	1
1877	107	1
668	933	1
1006	549	1
1856	110	1
1841	1401	1
224	1191	1
753	189	1
611	1321	1
1630	1036	1
480	776	1
1959	312	1
1175	264	1
1581	740	1
1911	1280	1
1909	956	1
709	1351	1
15	429	1
1191	775	1
598	659	1
1977	398	1
1290	111	1
47	612	1
1188	1293	1
289	188	1
1382	345	1
136	1327	1
1574	288	1
187	218	1
903	1321	1
533	425	1
440	777	1
1494	1112	1
1671	1201	1
1094	728	1
1271	34	1
1305	996	1
1170	379	1
597	85	1
1112	255	1
230	229	1
231	329	1
277	1184	1
681	472	1
876	1204	1
1005	164	1
620	916	1
877	241	1
596	30	1
643	573	1
352	404	1
1635	1011	1
1970	690	1
1941	660	1
482	274	1
1014	1346	1
843	237	1
1765	1400	1
701	1331	1
908	614	1
828	866	1
621	891	1
799	1170	1
1160	498	1
1782	492	1
1986	637	1
276	1015	1
763	606	1
470	1477	1
317	894	1
466	282	1
103	1103	1
1149	589	1
439	524	1
1134	68	1
275	1393	1
765	893	1
11	1381	1
938	715	1
1901	73	1
362	1126	1
300	120	1
378	866	1
308	941	1
964	1407	1
1352	585	1
100	451	1
214	1018	1
1217	181	1
623	267	1
101	897	1
561	391	1
634	1247	1
1779	606	1
1172	475	1
851	547	1
20	1497	1
1671	912	1
1229	248	1
947	654	1
1905	57	1
1335	792	1
1004	158	1
1341	134	1
1035	579	1
483	121	1
1677	1461	1
1080	1316	1
1544	1139	1
173	812	1
692	1111	1
1683	968	1
494	1231	1
1838	999	1
1076	1260	1
1120	959	1
1556	303	1
1586	306	1
1137	1453	1
1716	245	1
622	448	1
317	397	1
360	452	1
1314	118	1
1123	804	1
1283	1021	1
267	1358	1
1985	122	1
792	186	1
479	157	1
1034	1064	1
1217	1342	1
1374	936	1
331	203	1
1318	745	1
342	921	1
444	357	1
1835	891	1
1722	1200	1
1389	734	1
1063	444	1
318	917	1
1247	350	1
1828	143	1
966	1023	1
1799	57	1
1991	574	1
326	195	1
1096	289	1
1993	1484	1
1159	241	1
1541	392	1
995	1236	1
1005	1449	1
1893	556	1
677	1179	1
19	1320	1
1377	1073	1
129	736	1
315	583	1
1908	558	1
1371	677	1
541	1414	1
124	470	1
1507	1267	1
397	262	1
570	616	1
407	1268	1
165	1127	1
1109	229	1
1506	703	1
1644	1277	1
1510	185	1
745	283	1
1588	445	1
1493	1171	1
518	669	1
1322	1247	1
1552	1061	1
1600	622	1
23	258	1
1453	1017	1
1272	207	1
357	1324	1
337	319	1
206	456	1
1198	828	1
89	993	1
751	1146	1
1112	129	1
797	50	1
1275	14	1
1586	828	1
101	1497	1
1794	25	1
1250	1078	1
1447	824	1
459	348	1
758	95	1
911	1087	1
515	117	1
1112	572	1
1213	1429	1
1482	427	1
1015	604	1
228	776	1
420	452	1
568	920	1
1827	655	1
1246	1184	1
1797	632	1
140	1128	1
534	1158	1
343	1315	1
1135	1180	1
1057	1186	1
349	825	1
209	530	1
1101	878	1
1045	450	1
788	1380	1
1384	158	1
1407	1369	1
1647	877	1
1473	581	1
182	250	1
999	244	1
59	59	1
792	520	1
784	50	1
1931	255	1
725	1415	1
1602	1490	1
1920	628	1
1771	1002	1
1266	1119	1
499	517	1
78	251	1
668	983	1
650	158	1
369	1443	1
244	183	1
1539	274	1
778	1372	1
966	309	1
1088	127	1
1499	922	1
1154	1089	1
95	176	1
1637	1402	1
833	92	1
1529	974	1
205	145	1
1336	560	1
564	933	1
372	276	1
1812	799	1
1793	436	1
155	145	1
1816	1275	1
629	640	1
1767	800	1
656	852	1
1999	704	1
1862	125	1
992	1302	1
472	45	1
71	1327	1
1156	173	1
646	1415	1
1613	402	1
1174	1350	1
746	811	1
977	1413	1
188	539	1
1136	678	1
1880	400	1
188	85	1
1442	1302	1
193	1388	1
1793	1240	1
724	384	1
1403	269	1
607	1155	1
1645	914	1
1329	90	1
479	180	1
458	887	1
1701	692	1
392	562	1
1023	750	1
892	934	1
317	1199	1
1324	1007	1
623	524	1
733	874	1
471	656	1
859	1057	1
1247	724	1
900	1350	1
499	556	1
1163	1350	1
1051	61	1
1159	587	1
1364	900	1
1844	622	1
1100	1160	1
1899	858	1
1755	796	1
26	1469	1
1674	884	1
167	1245	1
1453	3	1
93	807	1
1255	1470	1
270	1258	1
189	950	1
1867	56	1
443	247	1
1706	296	1
785	1025	1
1824	276	1
386	1115	1
736	138	1
396	632	1
615	780	1
48	909	1
1070	1003	1
1714	729	1
508	825	1
163	799	1
253	736	1
862	358	1
1435	930	1
1521	1056	1
1740	303	1
662	449	1
1610	927	1
1997	694	1
1363	214	1
696	1495	1
1976	1148	1
1624	319	1
1626	1400	1
1543	1462	1
1757	125	1
1954	917	1
26	68	1
1449	789	1
8	125	1
1779	306	1
577	301	1
990	321	1
656	580	1
1547	1202	1
1140	80	1
770	1115	1
1197	172	1
746	777	1
1211	1073	1
438	152	1
359	585	1
83	147	1
748	723	1
242	752	1
1056	558	1
306	1325	1
609	612	1
1006	1448	1
1234	915	1
1404	1386	1
993	1332	1
1482	162	1
1873	675	1
1702	258	1
640	628	1
655	805	1
1934	459	1
893	86	1
36	998	1
1762	255	1
1202	1286	1
564	1190	1
1939	1022	1
681	1443	1
1363	328	1
88	763	1
1340	787	1
718	1430	1
255	17	1
1746	149	1
1387	324	1
575	1257	1
2	1338	1
1078	1168	1
871	709	1
1667	1072	1
423	434	1
399	1061	1
180	937	1
1940	98	1
139	1222	1
339	1235	1
1268	563	1
802	1237	1
486	572	1
370	1381	1
1496	574	1
911	1342	1
1046	1215	1
1187	1325	1
1884	923	1
778	620	1
477	556	1
74	1115	1
850	975	1
812	974	1
1710	268	1
1852	1419	1
152	1346	1
225	696	1
1399	1307	1
489	181	1
409	676	1
1607	1202	1
1728	243	1
1936	821	1
308	345	1
1306	474	1
350	1458	1
1193	83	1
1031	1497	1
1375	1040	1
796	140	1
915	992	1
813	326	1
469	59	1
663	1206	1
1273	1367	1
1948	622	1
1695	1236	1
1159	401	1
168	323	1
1676	1469	1
1826	96	1
1704	927	1
1167	377	1
973	1155	1
406	549	1
1048	1237	1
636	1352	1
817	769	1
145	20	1
1453	681	1
58	793	1
1499	390	1
1051	65	1
622	614	1
235	36	1
232	1223	1
480	920	1
602	461	1
873	532	1
1213	610	1
178	318	1
1752	615	1
1117	1278	1
754	481	1
283	287	1
1186	1142	1
1375	237	1
1344	1261	1
1439	847	1
95	264	1
780	455	1
934	201	1
741	627	1
1518	1199	1
311	620	1
1748	1316	1
113	703	1
1351	767	1
136	85	1
1354	474	1
335	100	1
1909	1218	1
706	147	1
325	257	1
604	821	1
546	24	1
1333	770	1
1540	682	1
177	1000	1
190	400	1
538	652	1
1783	250	1
837	923	1
777	83	1
479	1369	1
19	176	1
707	1250	1
340	734	1
994	992	1
358	962	1
264	955	1
1716	1032	1
244	1341	1
358	21	1
763	318	1
1992	289	1
1544	768	1
1597	846	1
1710	473	1
1864	875	1
192	1188	1
26	190	1
1049	1436	1
1909	553	1
697	391	1
468	1358	1
1620	170	1
1661	389	1
1343	1499	1
1084	208	1
308	443	1
1238	1468	1
1045	1072	1
891	793	1
1615	1434	1
1482	153	1
666	1434	1
1447	1065	1
1708	343	1
710	487	1
247	516	1
967	267	1
1087	1058	1
1883	112	1
322	389	1
1330	145	1
801	69	1
946	132	1
925	490	1
440	1061	1
16	1130	1
1690	659	1
1625	1336	1
199	947	1
1258	411	1
1741	1470	1
1482	751	1
632	1271	1
110	910	1
394	1127	1
719	200	1
43	185	1
1708	586	1
1786	121	1
1234	1341	1
947	609	1
1736	176	1
1550	265	1
1420	936	1
1339	1468	1
339	1402	1
1594	706	1
1906	137	1
1593	1218	1
215	256	1
996	423	1
1809	995	1
390	570	1
1015	1014	1
717	1119	1
413	718	1
701	1064	1
477	1037	1
551	603	1
1548	1022	1
221	169	1
786	234	1
770	14	1
1755	485	1
354	664	1
984	357	1
669	906	1
423	447	1
73	421	1
615	736	1
1384	781	1
408	145	1
236	970	1
238	1433	1
1331	755	1
1688	294	1
884	1301	1
447	479	1
215	1135	1
1111	1355	1
791	1366	1
1137	319	1
1239	1359	1
185	717	1
1121	1313	1
1241	680	1
1374	811	1
1296	551	1
477	264	1
876	1192	1
728	1278	1
1387	989	1
1067	537	1
446	1205	1
1317	883	1
892	683	1
1670	967	1
918	238	1
420	208	1
305	460	1
1438	187	1
1075	80	1
979	1318	1
1770	1279	1
1906	1317	1
514	1185	1
468	653	1
1004	1197	1
419	675	1
238	568	1
1881	1372	1
676	1325	1
1092	594	1
558	328	1
222	572	1
704	1150	1
1966	248	1
424	647	1
1968	555	1
1263	69	1
320	1277	1
941	1025	1
1268	525	1
1435	1398	1
400	139	1
1582	161	1
405	1128	1
1055	72	1
1441	1329	1
1767	912	1
1337	184	1
1632	206	1
781	1109	1
1752	470	1
1707	848	1
1398	1383	1
1231	1186	1
979	1451	1
1132	1463	1
265	471	1
1203	377	1
388	1241	1
639	1444	1
838	642	1
502	428	1
268	900	1
1373	1335	1
1938	1445	1
229	1081	1
721	1077	1
1693	754	1
1017	1346	1
1431	790	1
178	718	1
515	1098	1
857	1220	1
1358	181	1
397	1426	1
1954	1224	1
49	1124	1
373	656	1
1501	621	1
1062	447	1
878	624	1
940	1497	1
1516	359	1
1571	449	1
1575	52	1
1628	86	1
1443	658	1
1783	755	1
474	1161	1
734	1085	1
1010	890	1
907	1456	1
1423	134	1
491	1379	1
861	1457	1
1521	350	1
1225	178	1
1335	227	1
1163	1333	1
1394	213	1
234	1096	1
1240	1072	1
16	1357	1
266	758	1
1170	821	1
450	670	1
535	66	1
1363	758	1
1951	544	1
702	1362	1
751	726	1
443	161	1
1298	780	1
1789	761	1
658	929	1
765	1435	1
1392	1106	1
84	459	1
301	1351	1
1499	565	1
1681	800	1
484	1413	1
28	837	1
1206	777	1
926	313	1
1099	1201	1
1137	908	1
308	1467	1
1671	322	1
123	926	1
1213	1084	1
291	632	1
717	324	1
1073	160	1
965	1104	1
1448	1205	1
458	139	1
361	543	1
1886	150	1
453	205	1
360	1448	1
1738	996	1
629	462	1
1960	365	1
682	678	1
1971	451	1
1068	790	1
1427	1265	1
226	142	1
448	132	1
1939	1209	1
185	1438	1
267	730	1
1632	340	1
1502	856	1
1214	111	1
1169	1218	1
47	1166	1
604	91	1
1607	920	1
1361	33	1
222	421	1
1749	347	1
1155	1136	1
1865	161	1
1493	1399	1
1731	111	1
1439	161	1
1190	107	1
75	417	1
1872	1181	1
576	451	1
1433	895	1
1929	418	1
513	475	1
890	1377	1
878	1447	1
1476	296	1
1629	1043	1
883	1419	1
1002	1369	1
66	217	1
1473	199	1
1563	1143	1
736	1251	1
1863	1444	1
651	763	1
1667	521	1
666	260	1
1668	634	1
362	770	1
1268	1259	1
79	1299	1
183	933	1
1646	661	1
199	1295	1
131	1211	1
1463	182	1
1240	413	1
172	333	1
1674	641	1
910	69	1
201	1195	1
1587	171	1
780	1424	1
956	544	1
508	878	1
1074	600	1
1568	5	1
1982	1213	1
1199	383	1
1318	1029	1
1919	149	1
649	765	1
455	70	1
1754	520	1
549	936	1
1530	233	1
665	403	1
653	1474	1
1322	451	1
1863	21	1
1365	441	1
1710	1052	1
598	738	1
1092	1310	1
1865	7	1
986	932	1
630	133	1
1437	463	1
11	125	1
1412	988	1
1261	845	1
802	981	1
1286	919	1
293	652	1
478	642	1
893	216	1
1771	1049	1
701	481	1
1007	157	1
1536	459	1
686	337	1
1469	54	1
808	388	1
1511	842	1
656	407	1
1854	1395	1
1780	438	1
1940	1177	1
1247	52	1
631	878	1
1042	1240	1
437	608	1
54	1250	1
1908	104	1
1513	391	1
1323	360	1
1903	85	1
151	920	1
584	684	1
1981	1194	1
1655	1089	1
1571	1351	1
563	1284	1
1320	88	1
863	1349	1
1480	1246	1
361	614	1
1299	985	1
913	181	1
189	213	1
1798	1306	1
474	652	1
1697	767	1
488	617	1
98	1345	1
1903	854	1
442	1454	1
330	1276	1
1899	139	1
926	246	1
635	1261	1
1200	1362	1
29	62	1
1593	974	1
52	1323	1
826	94	1
652	1188	1
1537	245	1
36	800	1
1750	1161	1
514	1067	1
234	547	1
1960	299	1
1724	78	1
779	16	1
916	539	1
724	97	1
1836	941	1
482	1231	1
1855	367	1
1655	712	1
631	856	1
173	393	1
1827	1492	1
1737	167	1
951	1439	1
265	1497	1
1143	542	1
780	641	1
1210	276	1
1839	1197	1
747	971	1
1067	409	1
311	1495	1
1430	1458	1
484	726	1
1569	408	1
1101	1404	1
664	1047	1
1754	322	1
1589	745	1
808	360	1
539	1010	1
1401	3	1
1304	1069	1
700	648	1
519	357	1
1759	499	1
1566	1039	1
1291	305	1
620	544	1
1170	530	1
64	1039	1
505	1449	1
486	974	1
1816	782	1
1069	234	1
222	1061	1
918	309	1
797	1121	1
59	634	1
129	1261	1
448	1207	1
1129	639	1
1735	725	1
1075	821	1
1995	1461	1
862	683	1
421	833	1
1694	12	1
1821	808	1
409	410	1
174	1269	1
209	1237	1
1804	966	1
232	1061	1
1794	642	1
784	279	1
677	878	1
1071	834	1
195	1401	1
149	762	1
800	669	1
1372	350	1
85	659	1
1732	624	1
701	1103	1
1009	1271	1
15	549	1
871	1224	1
218	335	1
244	39	1
34	1255	1
555	843	1
1511	481	1
808	57	1
1706	878	1
64	1314	1
1246	1140	1
1283	177	1
1052	933	1
936	892	1
185	1015	1
1037	710	1
535	544	1
542	663	1
1522	773	1
623	357	1
843	743	1
606	479	1
1422	1300	1
1058	1191	1
1966	912	1
77	181	1
201	1369	1
886	777	1
611	735	1
1418	180	1
1100	844	1
1104	1435	1
1531	1123	1
1933	497	1
1380	125	1
744	1125	1
501	670	1
1733	9	1
991	841	1
540	913	1
327	1411	1
1247	84	1
956	1363	1
1743	182	1
1130	1331	1
1345	566	1
528	1364	1
1807	732	1
412	565	1
638	1314	1
961	877	1
426	363	1
353	1214	1
1772	1093	1
1169	1071	1
989	462	1
1942	712	1
216	1426	1
449	556	1
909	1146	1
1450	180	1
1677	1218	1
262	201	1
1865	765	1
1247	1262	1
511	1114	1
729	613	1
96	1227	1
1542	124	1
299	911	1
385	251	1
1818	603	1
748	139	1
178	67	1
893	1024	1
1724	557	1
75	873	1
1985	655	1
1974	1411	1
1524	1060	1
598	818	1
1182	595	1
81	87	1
1599	102	1
13	1360	1
1292	1325	1
1992	1124	1
523	1399	1
536	260	1
1035	3	1
264	916	1
525	833	1
1838	1037	1
439	476	1
742	224	1
1930	723	1
1380	956	1
731	1489	1
367	149	1
1897	994	1
1339	1264	1
1736	1306	1
832	1249	1
562	1440	1
427	1237	1
529	504	1
387	1008	1
868	184	1
1646	1090	1
468	136	1
31	707	1
728	945	1
1934	1184	1
559	339	1
586	189	1
441	712	1
1241	481	1
1039	765	1
247	1009	1
101	1112	1
185	328	1
1139	1488	1
1097	273	1
800	1094	1
1156	1052	1
1254	1381	1
919	1083	1
1505	84	1
651	759	1
1666	752	1
1529	173	1
229	102	1
1181	940	1
1422	1459	1
1008	865	1
904	1262	1
661	1217	1
1613	1329	1
624	943	1
641	970	1
522	527	1
1944	1370	1
1417	810	1
122	567	1
1716	985	1
67	307	1
850	748	1
1931	540	1
1437	63	1
956	1424	1
1334	929	1
1058	1186	1
1441	208	1
1281	1438	1
793	272	1
1976	203	1
1295	624	1
169	1233	1
1975	618	1
1674	572	1
287	643	1
542	194	1
1436	1140	1
636	122	1
1875	828	1
262	1322	1
1181	771	1
1684	687	1
32	1296	1
794	69	1
1788	275	1
422	104	1
1391	113	1
202	927	1
205	298	1
888	1276	1
1230	149	1
1795	149	1
1855	562	1
42	484	1
225	595	1
1450	466	1
1074	137	1
1334	283	1
1953	1459	1
1835	1241	1
1751	365	1
987	68	1
24	1219	1
344	89	1
407	677	1
1356	747	1
651	1326	1
1410	1458	1
1767	1109	1
1962	737	1
688	377	1
1477	817	1
680	784	1
1670	980	1
789	570	1
940	1294	1
805	7	1
1890	24	1
1087	836	1
1693	160	1
1327	530	1
357	384	1
197	624	1
145	79	1
506	612	1
1675	719	1
731	1214	1
15	87	1
188	878	1
706	778	1
1288	915	1
205	1244	1
519	355	1
502	876	1
1933	1029	1
1860	1409	1
1488	268	1
1271	736	1
1620	806	1
836	913	1
1276	873	1
639	377	1
627	1431	1
848	1318	1
1938	1260	1
1618	209	1
718	613	1
1958	45	1
1770	1305	1
92	1288	1
1474	1466	1
1572	267	1
529	1331	1
1104	910	1
76	87	1
1108	1142	1
1373	1104	1
188	633	1
1426	696	1
1564	868	1
696	221	1
524	543	1
1630	329	1
715	925	1
1032	770	1
1711	471	1
1410	273	1
923	1308	1
1474	1314	1
459	202	1
968	731	1
1602	562	1
962	952	1
1232	291	1
217	1455	1
1252	971	1
1692	1367	1
900	46	1
241	1200	1
1816	636	1
1851	1308	1
1648	1229	1
1142	293	1
81	500	1
984	63	1
1825	1262	1
1428	1355	1
833	75	1
1605	612	1
998	377	1
1610	425	1
151	669	1
637	201	1
1743	875	1
16	1051	1
1149	848	1
484	1262	1
1319	1404	1
1532	988	1
1223	1063	1
143	987	1
1155	1138	1
1844	949	1
1274	1206	1
667	1007	1
1881	1033	1
1581	1413	1
186	436	1
545	1335	1
1321	1444	1
1585	163	1
1805	71	1
359	1493	1
809	1353	1
365	1158	1
1366	1304	1
92	40	1
316	436	1
1750	560	1
1755	1071	1
375	589	1
1801	1167	1
1379	271	1
1262	729	1
821	140	1
1092	714	1
375	723	1
220	93	1
49	1249	1
31	384	1
553	939	1
1206	344	1
1415	80	1
504	63	1
1883	551	1
1275	1219	1
227	302	1
57	282	1
91	154	1
1152	1496	1
1126	514	1
908	96	1
198	573	1
1354	329	1
585	317	1
889	978	1
945	495	1
425	501	1
679	108	1
209	747	1
1695	659	1
1697	1318	1
203	1026	1
211	69	1
1333	1329	1
557	908	1
1134	724	1
1891	834	1
1441	979	1
489	734	1
180	1415	1
1355	239	1
843	1300	1
1937	698	1
1497	136	1
1906	64	1
542	242	1
330	410	1
860	1075	1
1199	73	1
1147	281	1
707	918	1
1893	246	1
1208	819	1
1710	675	1
840	1405	1
741	289	1
848	305	1
824	472	1
1050	140	1
583	672	1
629	825	1
1969	1438	1
1078	1300	1
1634	309	1
815	642	1
495	886	1
894	553	1
723	574	1
739	1361	1
1963	610	1
1312	580	1
1107	61	1
1387	1212	1
422	1423	1
1776	922	1
1531	701	1
1232	1407	1
886	850	1
873	1058	1
1412	1201	1
124	58	1
293	1271	1
283	298	1
132	994	1
948	1418	1
1474	875	1
401	818	1
1896	469	1
184	87	1
1308	837	1
118	317	1
1840	635	1
1315	686	1
1830	614	1
315	755	1
434	498	1
488	658	1
1190	265	1
1803	178	1
1971	782	1
224	1094	1
861	37	1
39	382	1
1976	519	1
1835	1454	1
62	1325	1
971	448	1
1009	1132	1
1295	1366	1
1035	1410	1
175	1461	1
1955	772	1
515	1382	1
1713	66	1
602	295	1
1921	357	1
609	433	1
1521	270	1
1683	727	1
1881	1338	1
989	833	1
919	968	1
1196	1219	1
1914	399	1
1435	533	1
774	1085	1
72	202	1
1909	10	1
988	1048	1
1781	174	1
1776	1134	1
1601	1352	1
1123	483	1
748	1138	1
1448	884	1
705	312	1
1702	1123	1
19	260	1
497	1177	1
321	75	1
1608	1495	1
1868	1462	1
1026	134	1
1909	924	1
419	242	1
114	747	1
767	25	1
1852	218	1
874	974	1
749	1081	1
1656	336	1
583	818	1
1242	600	1
1909	1060	1
711	1171	1
295	40	1
689	1435	1
1130	200	1
1677	842	1
472	1431	1
113	644	1
821	1403	1
1379	640	1
1015	1318	1
63	1408	1
403	161	1
1485	790	1
1733	818	1
213	1	1
1644	75	1
635	831	1
880	1051	1
96	1342	1
1127	237	1
107	852	1
1379	690	1
1477	131	1
1506	929	1
1597	336	1
31	614	1
1089	621	1
1015	1448	1
1367	656	1
1210	1006	1
476	1199	1
164	553	1
875	178	1
200	95	1
434	1382	1
255	709	1
1344	242	1
364	236	1
1228	992	1
1729	631	1
831	1128	1
507	898	1
994	915	1
1145	181	1
1255	1116	1
1327	36	1
1310	1195	1
1847	604	1
940	256	1
854	494	1
1934	161	1
1606	1248	1
394	1123	1
1810	1294	1
1752	132	1
936	375	1
227	1124	1
24	530	1
1743	560	1
1007	913	1
948	1020	1
1253	727	1
1804	1282	1
997	813	1
1836	129	1
1029	748	1
284	461	1
1361	962	1
34	1046	1
321	652	1
1628	1167	1
103	874	1
915	730	1
1304	808	1
394	500	1
827	975	1
1405	1479	1
1153	939	1
839	1082	1
1652	705	1
242	1114	1
1832	939	1
964	1	1
12	605	1
974	831	1
1387	1027	1
1439	1474	1
1546	171	1
1621	582	1
793	184	1
1172	66	1
436	735	1
808	1198	1
1101	1025	1
1540	375	1
554	879	1
16	1237	1
1161	609	1
1140	918	1
434	833	1
238	1250	1
860	139	1
602	1494	1
699	685	1
1600	170	1
981	489	1
1380	1396	1
1645	1084	1
1656	195	1
1644	1090	1
568	1330	1
1584	268	1
48	593	1
1758	246	1
1068	1201	1
58	733	1
1713	762	1
1913	1474	1
1492	1105	1
1119	933	1
936	678	1
35	228	1
1485	449	1
1044	940	1
1990	879	1
905	8	1
1098	1282	1
1261	864	1
1286	1414	1
23	691	1
1813	714	1
605	689	1
866	1410	1
1440	279	1
1731	788	1
1309	107	1
594	728	1
1479	460	1
1402	817	1
496	1107	1
1661	285	1
969	831	1
1739	1225	1
1020	1382	1
1572	1387	1
824	991	1
1941	1418	1
1667	1352	1
971	447	1
1269	806	1
979	1456	1
1668	442	1
1413	680	1
1202	677	1
623	643	1
258	1166	1
666	414	1
1320	1150	1
1041	881	1
1985	700	1
701	65	1
1142	791	1
1899	556	1
678	529	1
169	682	1
1160	936	1
310	1183	1
86	1213	1
716	88	1
929	173	1
37	449	1
1748	169	1
1459	1330	1
128	1235	1
1323	1003	1
1326	1387	1
1962	998	1
1441	111	1
1038	1256	1
1576	840	1
326	1373	1
687	753	1
959	1135	1
663	697	1
433	1385	1
990	516	1
1263	627	1
1133	372	1
559	1319	1
1383	961	1
569	833	1
65	1023	1
1897	107	1
920	803	1
747	1458	1
462	1336	1
373	1276	1
221	716	1
594	1207	1
844	182	1
1871	393	1
1351	913	1
333	1089	1
589	1286	1
939	46	1
272	35	1
292	1144	1
1358	1048	1
35	539	1
607	827	1
588	848	1
975	1156	1
463	611	1
544	268	1
1473	388	1
1686	93	1
232	371	1
1955	1228	1
1833	402	1
221	182	1
236	1214	1
1032	305	1
1434	1438	1
1818	978	1
1311	225	1
704	921	1
380	455	1
1814	630	1
652	741	1
396	847	1
1135	464	1
1353	661	1
1403	1473	1
1352	1138	1
1223	1201	1
1003	1333	1
892	688	1
1577	884	1
224	1166	1
1582	609	1
1699	1069	1
1694	1121	1
1380	1364	1
1257	61	1
1001	785	1
680	610	1
272	982	1
238	325	1
1505	431	1
816	1491	1
704	318	1
1390	813	1
358	950	1
1577	825	1
938	743	1
596	765	1
1311	1183	1
1850	408	1
409	1294	1
1081	481	1
1191	572	1
63	319	1
544	1192	1
1301	403	1
1094	1149	1
242	69	1
764	1337	1
1559	1218	1
1228	493	1
1175	1421	1
125	41	1
526	555	1
216	828	1
1452	663	1
701	523	1
1117	49	1
1654	622	1
1881	1459	1
255	674	1
1782	1443	1
166	1263	1
1384	662	1
892	605	1
455	114	1
125	545	1
97	1121	1
905	988	1
1209	1160	1
1681	1476	1
1426	549	1
1947	920	1
1299	1180	1
1326	758	1
639	174	1
1313	1202	1
762	1493	1
1085	46	1
1289	112	1
1	197	1
1433	1399	1
685	1495	1
640	1115	1
844	969	1
159	1135	1
1522	1202	1
1065	908	1
1550	1246	1
897	1428	1
765	392	1
1627	291	1
1397	818	1
1896	151	1
1541	688	1
426	408	1
1495	116	1
136	375	1
1130	998	1
520	1308	1
1450	1192	1
1833	793	1
1305	874	1
622	1151	1
1864	514	1
1448	474	1
1934	615	1
1282	403	1
1969	1452	1
716	214	1
872	1266	1
1594	707	1
1065	835	1
1428	183	1
1079	966	1
1149	436	1
1963	1491	1
1110	1399	1
291	407	1
290	1459	1
673	1016	1
172	481	1
1970	570	1
255	548	1
618	538	1
1987	1093	1
1622	897	1
1396	617	1
1882	165	1
874	562	1
1269	1005	1
240	615	1
1635	981	1
1204	1222	1
682	376	1
897	281	1
763	306	1
417	978	1
1690	1283	1
254	124	1
487	1301	1
1669	630	1
1405	617	1
1300	185	1
1589	390	1
662	287	1
5	769	1
1799	595	1
136	307	1
547	728	1
391	49	1
910	1360	1
1582	208	1
1733	231	1
1882	1160	1
821	302	1
1969	554	1
921	1287	1
1802	283	1
1224	1425	1
1975	65	1
1937	845	1
1039	400	1
1216	1272	1
1698	1064	1
299	941	1
969	622	1
1290	563	1
598	399	1
1814	1250	1
1918	716	1
1008	1333	1
299	394	1
643	1011	1
68	521	1
1895	43	1
1625	639	1
681	1397	1
1239	819	1
597	188	1
14	654	1
492	1133	1
1600	898	1
1661	983	1
39	1147	1
1371	728	1
632	1361	1
1021	1024	1
807	755	1
151	53	1
550	658	1
1554	5	1
918	901	1
1120	1360	1
663	1232	1
310	867	1
1490	480	1
1425	477	1
48	984	1
1905	925	1
47	736	1
544	1401	1
214	296	1
616	256	1
1619	326	1
935	1	1
604	1050	1
1895	444	1
276	644	1
1659	299	1
1808	907	1
1657	1226	1
836	303	1
620	794	1
775	449	1
1982	878	1
827	600	1
981	881	1
541	1466	1
1863	1171	1
316	1208	1
1456	995	1
675	1185	1
1665	410	1
77	137	1
465	94	1
1694	253	1
974	1081	1
1204	29	1
1725	513	1
448	1363	1
470	1240	1
1514	702	1
1249	53	1
1825	1472	1
847	267	1
801	1238	1
806	479	1
1446	446	1
520	717	1
1910	1176	1
1943	944	1
1532	870	1
1825	191	1
450	825	1
1693	174	1
606	1481	1
1543	209	1
1539	291	1
1027	949	1
1425	896	1
622	143	1
1853	751	1
1185	1277	1
1647	69	1
647	144	1
1617	518	1
378	415	1
1444	425	1
1702	323	1
1377	1487	1
1519	122	1
1814	1369	1
927	837	1
1455	648	1
530	1112	1
1581	542	1
53	384	1
920	1151	1
1219	1205	1
1075	417	1
738	678	1
193	177	1
1503	336	1
1381	1171	1
395	1471	1
29	391	1
288	843	1
1309	26	1
168	1119	1
1011	610	1
1492	1130	1
1417	704	1
1600	1286	1
782	463	1
99	1434	1
1814	793	1
1645	223	1
1043	148	1
607	1145	1
868	837	1
1015	1315	1
479	124	1
1639	1045	1
1120	359	1
1476	431	1
738	93	1
1369	1081	1
1378	1202	1
663	76	1
466	318	1
346	56	1
1693	222	1
278	972	1
104	628	1
1507	272	1
49	876	1
1054	1391	1
1187	167	1
441	1067	1
1531	915	1
1419	321	1
245	669	1
192	797	1
783	23	1
509	586	1
151	905	1
444	1488	1
865	127	1
391	353	1
586	1460	1
944	344	1
370	1133	1
1517	268	1
1662	586	1
141	1212	1
184	270	1
273	303	1
269	1063	1
966	803	1
1350	55	1
763	382	1
573	1303	1
1540	380	1
333	1295	1
1250	182	1
912	549	1
1523	731	1
1893	607	1
1156	991	1
355	650	1
844	1126	1
1752	537	1
1879	937	1
252	1383	1
1917	11	1
156	403	1
662	800	1
1823	43	1
877	1250	1
701	809	1
5	617	1
1534	889	1
480	38	1
376	906	1
263	228	1
85	1280	1
1165	660	1
1771	1156	1
787	773	1
303	143	1
1872	489	1
1238	408	1
165	1012	1
226	1050	1
1400	865	1
728	16	1
444	1369	1
1498	1219	1
1884	1229	1
887	779	1
1944	577	1
912	411	1
631	1014	1
218	332	1
526	1343	1
587	1223	1
9	125	1
700	60	1
1329	262	1
789	671	1
1152	409	1
848	206	1
1628	1315	1
689	563	1
850	1368	1
623	461	1
516	588	1
1988	576	1
1505	160	1
537	306	1
595	511	1
896	390	1
1891	339	1
794	1064	1
1453	1060	1
192	854	1
1538	769	1
20	1175	1
1948	976	1
1546	962	1
408	517	1
356	193	1
1408	1077	1
635	1205	1
1955	583	1
641	532	1
762	848	1
1481	1008	1
808	744	1
312	1026	1
743	1267	1
972	511	1
854	1379	1
951	106	1
1900	321	1
1737	1055	1
171	620	1
336	94	1
1597	1307	1
1805	646	1
390	1488	1
1356	336	1
1648	272	1
80	794	1
1118	397	1
730	348	1
1514	1297	1
151	1276	1
1879	1054	1
1538	176	1
971	827	1
345	947	1
1903	692	1
118	1226	1
855	811	1
997	1357	1
765	72	1
193	475	1
865	358	1
355	698	1
849	997	1
1415	505	1
1866	221	1
894	287	1
1508	475	1
54	1495	1
686	970	1
583	1377	1
1724	1277	1
332	183	1
1602	424	1
1671	1319	1
791	1130	1
1689	951	1
1910	1066	1
667	64	1
804	218	1
1748	534	1
903	105	1
789	571	1
1828	183	1
1358	887	1
581	397	1
986	1474	1
767	190	1
1545	96	1
599	569	1
60	617	1
397	591	1
1129	1120	1
1696	1062	1
1069	1488	1
843	677	1
1202	24	1
734	497	1
40	770	1
1139	451	1
1752	377	1
442	1184	1
736	797	1
1650	1109	1
171	3	1
809	555	1
832	564	1
692	871	1
869	683	1
1868	244	1
1272	956	1
644	1300	1
1617	1229	1
280	11	1
1986	607	1
226	534	1
1395	472	1
1525	638	1
845	30	1
246	405	1
4	219	1
1728	123	1
750	175	1
79	1050	1
1326	413	1
268	779	1
1301	885	1
148	307	1
762	1240	1
1771	444	1
1372	1269	1
1661	492	1
463	906	1
1870	1095	1
498	306	1
1840	514	1
510	600	1
1413	699	1
1563	244	1
188	1388	1
72	1426	1
670	150	1
1802	37	1
1509	1403	1
1123	1319	1
140	12	1
1350	431	1
61	1215	1
1632	207	1
1306	552	1
165	1496	1
1012	1013	1
1669	1497	1
1974	555	1
1099	1063	1
1095	1042	1
1040	1134	1
268	441	1
435	1196	1
1954	225	1
581	1307	1
1686	268	1
1053	1444	1
1915	199	1
670	757	1
349	1231	1
1472	937	1
522	1015	1
1341	468	1
336	347	1
426	508	1
500	229	1
297	849	1
1733	645	1
1527	579	1
1200	1011	1
1341	1154	1
218	806	1
1607	1372	1
14	462	1
1318	1234	1
447	1287	1
200	559	1
1480	1444	1
640	542	1
1437	403	1
1033	661	1
487	522	1
950	999	1
1888	1352	1
625	483	1
1209	81	1
275	511	1
1740	357	1
1751	795	1
1825	918	1
647	902	1
1986	284	1
1576	493	1
1761	741	1
272	5	1
198	271	1
837	473	1
1044	625	1
493	111	1
1996	1034	1
1349	105	1
1679	589	1
103	244	1
1066	639	1
654	1286	1
517	779	1
1905	812	1
1008	282	1
1537	1106	1
542	1212	1
1972	1320	1
10	809	1
1861	135	1
284	678	1
1851	146	1
1777	951	1
226	777	1
51	165	1
1162	1085	1
252	160	1
1288	233	1
257	938	1
165	522	1
1362	654	1
1805	1191	1
1488	1027	1
702	746	1
144	593	1
1707	1401	1
424	965	1
630	464	1
1561	457	1
1848	1147	1
817	625	1
1188	1486	1
642	150	1
1506	583	1
1255	715	1
121	37	1
1267	1086	1
1811	1383	1
388	1211	1
1603	1126	1
1457	1321	1
1756	1408	1
1890	101	1
1166	1067	1
1857	237	1
1802	220	1
1515	531	1
822	761	1
24	1401	1
869	469	1
1705	741	1
979	221	1
71	242	1
153	827	1
1930	121	1
1762	1222	1
1515	308	1
257	1123	1
715	817	1
255	437	1
7	771	1
276	976	1
571	1196	1
1447	617	1
155	180	1
1444	843	1
376	172	1
580	1284	1
1863	951	1
731	1262	1
492	1434	1
726	699	1
1541	54	1
1030	101	1
263	215	1
33	125	1
117	389	1
1238	975	1
1082	840	1
1035	907	1
1916	1117	1
550	1025	1
53	473	1
70	1293	1
1583	1311	1
831	46	1
1662	752	1
266	117	1
1471	920	1
354	373	1
989	1150	1
123	1367	1
418	1261	1
926	656	1
836	1258	1
1764	331	1
51	1432	1
399	475	1
1040	492	1
143	671	1
1480	469	1
1964	1189	1
1250	690	1
972	902	1
838	878	1
1400	1396	1
140	770	1
1242	443	1
735	359	1
1392	1382	1
273	472	1
1140	1460	1
1436	1470	1
1990	1073	1
261	1103	1
743	33	1
879	1443	1
88	1209	1
277	1387	1
1545	1472	1
1795	898	1
1120	993	1
1046	1277	1
295	392	1
907	771	1
1704	557	1
1181	1038	1
1582	1102	1
1453	1483	1
678	1403	1
917	676	1
593	740	1
339	755	1
943	619	1
1391	145	1
805	599	1
1823	1344	1
1672	311	1
858	288	1
1587	519	1
576	156	1
301	842	1
1160	1103	1
856	1049	1
842	639	1
1982	1012	1
91	158	1
592	1493	1
1270	340	1
1755	1026	1
1300	294	1
1366	375	1
1093	787	1
232	1469	1
1611	1079	1
633	905	1
1637	459	1
1804	841	1
1716	1056	1
1476	1032	1
1647	181	1
1553	717	1
343	23	1
1682	1031	1
1425	510	1
1434	1121	1
1527	1079	1
394	1431	1
667	1478	1
1257	128	1
1970	735	1
534	657	1
455	1258	1
1704	1423	1
236	705	1
946	1236	1
852	713	1
1475	1413	1
657	258	1
1734	1206	1
659	878	1
460	192	1
905	682	1
1627	99	1
580	585	1
7	556	1
1548	744	1
1074	1163	1
572	68	1
2	1020	1
1910	1002	1
1960	1303	1
1418	217	1
954	165	1
172	353	1
578	126	1
341	31	1
1267	787	1
672	691	1
1154	929	1
865	951	1
21	869	1
829	1137	1
1642	1401	1
1497	1294	1
249	630	1
1120	930	1
1531	372	1
1518	1460	1
844	1210	1
1961	126	1
798	851	1
1618	828	1
1587	1389	1
892	781	1
530	991	1
1995	785	1
656	1171	1
276	1358	1
645	414	1
1221	165	1
1074	357	1
937	691	1
96	1071	1
1052	1469	1
1454	647	1
877	717	1
1284	1036	1
706	664	1
543	1243	1
930	261	1
109	223	1
120	641	1
1288	359	1
1252	1229	1
153	493	1
1486	1368	1
1329	1038	1
415	584	1
135	1188	1
96	191	1
1833	1295	1
1603	1018	1
1711	1188	1
561	523	1
853	1379	1
459	204	1
1118	1287	1
924	155	1
1219	76	1
245	597	1
1500	818	1
747	415	1
225	107	1
177	600	1
555	1415	1
312	1403	1
1020	356	1
1469	482	1
1806	1331	1
1901	652	1
341	297	1
1429	309	1
562	731	1
973	783	1
667	401	1
1910	1459	1
1892	701	1
411	770	1
1212	807	1
1841	100	1
644	469	1
1775	789	1
1760	98	1
1712	1054	1
704	1364	1
236	565	1
1355	286	1
947	1228	1
339	1283	1
179	147	1
1491	799	1
547	844	1
1802	1202	1
512	1301	1
819	753	1
1262	461	1
1623	290	1
1825	436	1
595	675	1
1059	1147	1
610	1399	1
62	620	1
333	1367	1
1834	489	1
1769	397	1
1988	1188	1
970	1372	1
529	1435	1
1895	1374	1
1487	676	1
380	1084	1
953	1088	1
1624	876	1
1713	1338	1
1900	104	1
1273	20	1
1037	1129	1
65	1384	1
1996	420	1
1579	7	1
1534	1264	1
1364	842	1
570	1491	1
1398	296	1
1299	32	1
67	892	1
1152	1192	1
1396	1323	1
232	620	1
331	108	1
151	863	1
1445	1212	1
614	219	1
1398	170	1
1126	264	1
1774	1412	1
1096	803	1
539	1103	1
419	851	1
1039	1228	1
481	98	1
1205	752	1
647	263	1
28	670	1
1839	916	1
1754	1448	1
1445	731	1
1064	1231	1
1082	1346	1
1840	1452	1
1141	1154	1
929	1305	1
1359	536	1
45	663	1
1297	462	1
737	588	1
1538	1207	1
1818	215	1
960	1466	1
1302	658	1
551	796	1
202	1124	1
456	1264	1
81	1257	1
1628	1068	1
1366	887	1
1825	34	1
1063	1163	1
308	814	1
476	1369	1
1962	490	1
952	529	1
1128	1128	1
1044	872	1
1928	461	1
1639	1028	1
1046	600	1
332	1338	1
742	251	1
25	696	1
652	919	1
1884	106	1
499	1478	1
1475	182	1
1988	295	1
1868	272	1
439	1008	1
1601	1201	1
894	1041	1
1987	132	1
1654	13	1
1295	552	1
601	858	1
1642	698	1
1792	123	1
1792	1172	1
614	1004	1
1431	1035	1
1850	92	1
1593	1156	1
36	919	1
243	321	1
1817	840	1
658	108	1
612	775	1
32	785	1
289	211	1
1901	287	1
1608	1435	1
1530	227	1
74	1431	1
141	653	1
870	1123	1
981	118	1
98	1142	1
1579	1271	1
1991	65	1
1846	308	1
253	76	1
687	1430	1
1072	217	1
1002	1018	1
1370	537	1
213	972	1
1922	103	1
476	1471	1
1368	103	1
1625	1302	1
604	1303	1
1340	594	1
422	374	1
1092	357	1
756	1388	1
846	151	1
1686	185	1
20	315	1
203	327	1
1741	1055	1
1969	972	1
1845	209	1
1593	838	1
1994	474	1
1184	859	1
1828	1235	1
1575	286	1
902	1309	1
382	601	1
1541	249	1
1157	749	1
985	1446	1
1208	1333	1
1437	166	1
1668	640	1
225	317	1
1303	1129	1
1622	375	1
314	1479	1
1815	1362	1
768	1136	1
1503	900	1
953	1356	1
1790	325	1
478	559	1
424	281	1
1396	1202	1
1907	1017	1
1948	1121	1
1999	1215	1
1418	346	1
1980	620	1
1777	1466	1
1834	99	1
226	125	1
976	1189	1
33	1026	1
992	784	1
1942	598	1
1277	1416	1
1603	1306	1
588	392	1
250	335	1
1516	199	1
1539	892	1
1768	585	1
479	1406	1
634	1458	1
1893	1075	1
919	189	1
1064	774	1
1288	1286	1
1384	309	1
1804	375	1
169	28	1
1786	657	1
524	868	1
1320	961	1
211	1343	1
1019	1472	1
1229	520	1
146	810	1
1986	433	1
580	1330	1
624	1127	1
372	328	1
1770	1193	1
734	19	1
1180	1329	1
499	37	1
817	1075	1
834	1346	1
220	197	1
1219	83	1
769	390	1
309	798	1
1893	731	1
1269	478	1
140	1064	1
346	673	1
577	971	1
207	237	1
613	1330	1
1061	658	1
1521	705	1
382	368	1
993	816	1
1159	698	1
1491	340	1
1343	266	1
1994	1071	1
362	1284	1
882	215	1
1960	353	1
935	537	1
1189	779	1
1459	837	1
528	471	1
1922	58	1
1790	203	1
1292	828	1
1826	611	1
1723	1127	1
174	308	1
1414	239	1
1222	571	1
1524	444	1
524	666	1
757	609	1
1987	361	1
873	1312	1
761	1192	1
1282	654	1
1698	1291	1
1782	1159	1
38	255	1
615	840	1
73	917	1
743	49	1
1003	1365	1
145	789	1
445	426	1
1615	19	1
131	315	1
692	943	1
28	889	1
259	339	1
290	1433	1
1246	1033	1
148	833	1
55	995	1
46	522	1
246	1196	1
622	792	1
1744	315	1
870	677	1
1024	1248	1
414	1445	1
1104	736	1
1816	958	1
337	360	1
1631	607	1
525	1076	1
558	1046	1
1187	1063	1
288	674	1
1676	799	1
857	1307	1
1856	1138	1
250	1142	1
938	1039	1
1494	224	1
1100	297	1
471	1419	1
1155	1212	1
406	822	1
160	852	1
386	54	1
432	714	1
283	542	1
1827	640	1
1486	38	1
1809	1311	1
1641	384	1
600	1160	1
1801	474	1
1207	295	1
1639	69	1
1942	902	1
1568	469	1
1065	330	1
282	1347	1
1002	979	1
660	444	1
1826	596	1
106	166	1
492	367	1
46	1311	1
1290	448	1
111	1477	1
1890	1366	1
482	341	1
1440	1365	1
59	1271	1
1490	622	1
317	644	1
154	856	1
1606	384	1
179	255	1
1555	1229	1
184	540	1
134	1208	1
311	1069	1
1876	535	1
1278	474	1
1201	724	1
212	128	1
1403	1191	1
1510	1220	1
1604	936	1
181	33	1
1817	1080	1
308	1173	1
1856	1083	1
1592	1422	1
1572	1130	1
473	338	1
953	1091	1
1774	1374	1
237	288	1
1669	494	1
1561	1483	1
1410	319	1
923	1098	1
1461	1076	1
1023	906	1
885	390	1
1592	1485	1
802	449	1
271	402	1
1405	666	1
1173	1379	1
380	228	1
1947	1388	1
1520	534	1
1578	0	1
1948	745	1
632	721	1
680	1035	1
922	1082	1
1233	112	1
976	515	1
1993	1006	1
1278	297	1
661	1400	1
483	450	1
1145	1120	1
114	1046	1
90	66	1
1599	425	1
835	456	1
1562	734	1
907	224	1
1323	1215	1
1919	1109	1
1121	1486	1
34	1031	1
1591	475	1
1209	1117	1
746	1357	1
1775	99	1
874	719	1
594	706	1
1723	837	1
821	815	1
969	448	1
1849	1259	1
406	1016	1
383	179	1
671	1120	1
1267	309	1
1574	991	1
446	1265	1
332	953	1
1916	762	1
935	271	1
716	960	1
402	1036	1
1861	377	1
1505	1148	1
408	842	1
922	728	1
321	783	1
376	22	1
493	548	1
953	687	1
1809	466	1
1812	1079	1
630	236	1
1536	482	1
1492	1069	1
407	315	1
105	255	1
1231	1341	1
1721	480	1
1641	215	1
1040	67	1
128	1078	1
975	1433	1
125	538	1
29	105	1
1478	1002	1
854	1330	1
582	289	1
855	1448	1
184	572	1
56	924	1
1858	1285	1
1043	606	1
745	403	1
259	634	1
127	781	1
1344	834	1
1756	838	1
1950	1325	1
49	1319	1
134	690	1
1336	449	1
173	442	1
1951	1103	1
99	731	1
775	922	1
1706	777	1
1143	1038	1
425	711	1
1900	556	1
1756	1485	1
270	786	1
498	375	1
363	909	1
124	523	1
769	1266	1
1734	36	1
1490	967	1
102	1254	1
1331	35	1
1330	759	1
678	66	1
673	282	1
1706	78	1
1141	1164	1
1441	1071	1
1358	1070	1
1687	252	1
1950	1053	1
1641	608	1
1373	680	1
980	513	1
427	1434	1
1079	448	1
1984	119	1
1433	1404	1
839	415	1
12	678	1
946	1461	1
28	533	1
956	825	1
1491	352	1
309	685	1
440	188	1
1069	66	1
895	359	1
1840	1316	1
1951	1214	1
818	764	1
1904	999	1
1325	101	1
112	529	1
1828	1051	1
29	270	1
511	1470	1
1101	822	1
1349	613	1
1469	1167	1
1408	765	1
953	1248	1
220	1440	1
772	155	1
498	826	1
1457	72	1
767	507	1
254	587	1
1459	1436	1
988	1246	1
318	724	1
1598	160	1
868	1182	1
1872	593	1
144	83	1
1342	308	1
1983	24	1
919	918	1
65	795	1
1121	840	1
731	645	1
787	1208	1
170	1129	1
1736	406	1
249	738	1
40	95	1
1629	663	1
1195	1321	1
334	234	1
1571	655	1
1159	1451	1
790	1391	1
1336	85	1
1655	1423	1
1925	752	1
1526	1200	1
1669	602	1
1028	1048	1
854	345	1
385	37	1
68	315	1
1329	697	1
227	35	1
591	346	1
1464	1280	1
1475	840	1
1999	124	1
1376	499	1
191	880	1
158	930	1
1444	645	1
1544	963	1
435	896	1
1885	306	1
1522	1431	1
194	238	1
1255	197	1
89	34	1
740	1209	1
515	1380	1
352	215	1
1574	489	1
1132	734	1
1979	834	1
1056	1443	1
1677	1378	1
1266	64	1
1	1375	1
1572	1293	1
867	1167	1
379	980	1
1686	276	1
1905	640	1
1512	728	1
1373	872	1
398	888	1
1478	989	1
1373	448	1
810	150	1
953	952	1
729	980	1
1237	887	1
1055	706	1
1624	289	1
720	1468	1
626	620	1
970	1190	1
1377	824	1
286	1394	1
811	420	1
1236	121	1
1766	266	1
1206	1495	1
1376	1068	1
258	1338	1
1896	964	1
1625	347	1
1241	945	1
1195	1160	1
1897	1262	1
1599	61	1
1640	394	1
1576	942	1
1769	818	1
1575	936	1
370	814	1
1013	354	1
646	470	1
927	997	1
1654	1384	1
1907	661	1
607	1315	1
1894	812	1
1406	1424	1
1564	1159	1
329	350	1
111	1374	1
253	901	1
574	1470	1
1335	489	1
1446	1367	1
1336	1170	1
94	495	1
1688	451	1
56	1421	1
543	523	1
1932	401	1
1342	559	1
981	469	1
907	473	1
1125	319	1
1917	549	1
757	1379	1
881	592	1
1269	90	1
1363	531	1
943	1082	1
629	516	1
753	1073	1
476	293	1
1422	1116	1
584	117	1
1430	627	1
566	118	1
86	607	1
1612	1340	1
1900	522	1
745	659	1
1216	822	1
1987	782	1
800	1290	1
1432	1209	1
1907	493	1
970	138	1
1612	1149	1
1881	1300	1
1316	559	1
1550	1047	1
1259	1125	1
768	1177	1
489	1444	1
642	316	1
1357	1135	1
1672	291	1
801	1285	1
1854	514	1
347	1369	1
1394	975	1
1165	1036	1
375	691	1
194	1214	1
1945	1438	1
1411	1000	1
1694	22	1
1837	486	1
1228	959	1
737	929	1
538	619	1
1468	959	1
561	477	1
1803	766	1
893	686	1
1299	384	1
154	60	1
254	1360	1
1204	281	1
1510	50	1
1148	754	1
962	90	1
455	714	1
136	690	1
716	1186	1
592	1061	1
433	365	1
490	356	1
1860	1484	1
405	973	1
1955	1389	1
665	27	1
249	670	1
489	520	1
450	83	1
1791	1050	1
1977	1434	1
1397	473	1
774	921	1
1226	94	1
1579	501	1
1	1430	1
987	1468	1
515	136	1
1314	271	1
781	822	1
883	493	1
1693	1464	1
972	420	1
1063	683	1
965	1334	1
858	1136	1
74	1002	1
290	112	1
887	1287	1
291	1274	1
538	971	1
425	371	1
361	541	1
518	192	1
128	1370	1
549	987	1
1278	1080	1
1687	411	1
1360	525	1
103	554	1
1642	1086	1
428	1031	1
751	1012	1
569	575	1
346	1026	1
1348	889	1
0	78	1
1930	118	1
1169	1277	1
12	676	1
1764	690	1
203	1027	1
200	364	1
212	1483	1
841	696	1
129	1200	1
187	1245	1
1814	867	1
183	1242	1
485	1367	1
1855	898	1
699	515	1
1170	1302	1
1666	648	1
1596	999	1
299	775	1
1024	221	1
172	1056	1
1112	226	1
1737	1075	1
1251	870	1
748	122	1
700	512	1
659	367	1
1010	377	1
821	612	1
1792	255	1
711	1193	1
507	1054	1
1420	47	1
765	1379	1
391	236	1
345	906	1
707	437	1
977	748	1
464	8	1
756	1387	1
638	377	1
10	1196	1
1635	1119	1
1989	1197	1
1077	354	1
994	753	1
292	963	1
380	914	1
580	580	1
1055	106	1
1325	933	1
424	1335	1
1639	78	1
837	1123	1
47	1368	1
1667	231	1
1481	1112	1
1002	517	1
1137	277	1
1186	972	1
526	637	1
358	790	1
1405	519	1
1910	1470	1
926	1239	1
1222	79	1
659	137	1
1206	14	1
1375	1405	1
947	1486	1
184	163	1
783	32	1
243	1034	1
1477	961	1
1421	815	1
351	970	1
1370	1317	1
1700	1170	1
1293	252	1
1994	582	1
1347	328	1
555	787	1
472	1072	1
89	1039	1
1956	363	1
1571	114	1
412	508	1
1546	1434	1
1327	893	1
628	1464	1
148	874	1
1574	257	1
1218	1090	1
122	124	1
590	1084	1
356	135	1
1489	1430	1
200	236	1
483	1249	1
1838	1060	1
716	440	1
1906	1338	1
1097	1176	1
658	119	1
1675	1457	1
1660	1351	1
179	610	1
277	165	1
629	311	1
487	741	1
1737	1096	1
1719	472	1
407	707	1
467	321	1
1815	1247	1
1382	818	1
369	1459	1
1586	1144	1
834	403	1
374	804	1
769	473	1
1431	260	1
812	1211	1
884	1492	1
1021	1393	1
1812	104	1
1324	1269	1
817	385	1
196	250	1
388	626	1
674	1005	1
1197	395	1
737	1476	1
332	1178	1
774	999	1
1314	379	1
1975	1424	1
563	707	1
610	1032	1
783	510	1
1770	874	1
599	957	1
1901	1059	1
1763	680	1
468	775	1
1513	1420	1
109	1015	1
1329	279	1
909	1166	1
1758	258	1
1476	1364	1
1217	391	1
1860	759	1
1553	889	1
962	406	1
1111	681	1
1573	482	1
482	220	1
1455	904	1
201	1216	1
1652	1143	1
1742	1033	1
1687	806	1
1355	1317	1
848	1000	1
1523	435	1
82	259	1
521	1349	1
602	1070	1
411	266	1
1071	533	1
1673	497	1
1626	712	1
1129	1427	1
284	56	1
169	947	1
1670	490	1
1800	1251	1
959	495	1
1161	264	1
1016	369	1
69	394	1
1127	1489	1
842	1064	1
679	986	1
531	1068	1
849	1287	1
93	473	1
1516	974	1
254	166	1
661	1372	1
1385	1162	1
1426	1288	1
541	572	1
1397	1065	1
1674	583	1
1506	576	1
620	1135	1
1859	399	1
453	1494	1
445	546	1
167	245	1
625	1491	1
1267	297	1
456	1292	1
1708	604	1
234	333	1
503	890	1
1957	235	1
755	1	1
861	805	1
1735	446	1
1283	490	1
154	721	1
1136	1394	1
1310	957	1
417	88	1
916	810	1
1586	588	1
289	787	1
767	1286	1
1212	1100	1
801	1413	1
916	1413	1
1159	429	1
1970	114	1
1440	153	1
1685	77	1
1515	1241	1
900	1148	1
464	226	1
1360	620	1
1513	1004	1
1476	829	1
1172	1404	1
970	755	1
1422	42	1
199	470	1
1785	1133	1
1841	838	1
952	348	1
623	139	1
867	1480	1
1905	1407	1
1034	195	1
1997	1381	1
506	1464	1
1174	762	1
1822	576	1
1106	1010	1
295	441	1
1989	375	1
1822	612	1
1949	1338	1
1877	365	1
743	600	1
635	48	1
1182	346	1
1485	853	1
239	981	1
1054	914	1
1753	375	1
1438	415	1
734	127	1
1227	1393	1
98	210	1
214	155	1
889	477	1
640	126	1
635	893	1
658	475	1
520	253	1
1494	1404	1
282	185	1
883	1092	1
174	900	1
675	1165	1
698	450	1
380	1386	1
1547	70	1
1355	960	1
1433	569	1
1610	517	1
691	1352	1
1666	1389	1
1578	1010	1
1689	925	1
1433	1426	1
1859	1100	1
722	991	1
1214	694	1
1453	227	1
1836	527	1
677	838	1
399	73	1
173	1343	1
1139	538	1
123	245	1
675	1461	1
1099	912	1
1594	1308	1
1552	21	1
1881	313	1
381	168	1
753	959	1
175	331	1
1124	88	1
662	481	1
1524	263	1
1224	969	1
1085	387	1
1989	189	1
761	544	1
1585	365	1
1903	118	1
182	62	1
206	742	1
696	619	1
551	1035	1
93	1073	1
926	911	1
1974	1260	1
504	747	1
631	426	1
1102	845	1
1205	1300	1
1745	1128	1
1715	1381	1
254	1472	1
1907	189	1
486	1404	1
224	753	1
511	377	1
676	629	1
156	601	1
65	356	1
735	808	1
107	677	1
1034	607	1
536	720	1
323	406	1
1225	1440	1
1842	643	1
1246	53	1
293	346	1
1851	325	1
1936	1139	1
704	1471	1
749	884	1
1153	157	1
1584	753	1
545	1222	1
927	877	1
1719	271	1
364	426	1
1105	699	1
574	1043	1
1179	40	1
1395	565	1
552	974	1
1701	1080	1
1633	534	1
1813	474	1
1168	1287	1
8	83	1
1477	1280	1
1997	781	1
502	582	1
495	247	1
8	1186	1
588	192	1
293	1420	1
797	1410	1
1863	519	1
1674	1302	1
781	1396	1
624	103	1
717	1012	1
577	652	1
1588	1186	1
872	1436	1
772	513	1
760	363	1
1912	77	1
1041	1456	1
962	1313	1
516	184	1
890	175	1
866	1007	1
193	431	1
1805	1322	1
1163	1422	1
884	539	1
1416	490	1
1858	68	1
1510	634	1
1127	134	1
1768	876	1
625	452	1
417	1215	1
560	817	1
589	712	1
992	1152	1
1205	1059	1
866	200	1
475	1460	1
30	104	1
1614	393	1
503	354	1
1463	1052	1
636	406	1
1406	283	1
428	675	1
1153	1369	1
1357	719	1
587	991	1
526	395	1
1943	1138	1
1424	1146	1
787	1168	1
1534	752	1
901	1092	1
372	1363	1
1067	289	1
1412	626	1
1089	1420	1
1061	51	1
175	498	1
424	511	1
1167	507	1
612	340	1
1174	1446	1
414	340	1
100	579	1
1981	445	1
1072	638	1
752	140	1
906	11	1
85	344	1
1043	794	1
1650	297	1
1037	1461	1
1216	1114	1
1316	908	1
91	945	1
426	39	1
231	1323	1
463	737	1
1574	668	1
1009	818	1
1967	978	1
859	1349	1
875	625	1
513	1019	1
851	480	1
78	665	1
565	528	1
993	1162	1
1928	182	1
1321	947	1
1205	1055	1
1951	1070	1
1566	500	1
1864	185	1
361	1154	1
1080	1452	1
1885	36	1
184	319	1
1591	515	1
1248	337	1
1180	928	1
952	1213	1
1987	811	1
1907	906	1
690	1099	1
708	164	1
862	709	1
1931	585	1
1954	962	1
1830	1308	1
1662	374	1
1184	550	1
1802	1214	1
864	806	1
1307	179	1
1016	562	1
176	191	1
953	538	1
198	464	1
1365	895	1
1205	499	1
1381	284	1
931	1114	1
1311	122	1
927	800	1
1493	1449	1
660	1398	1
952	80	1
873	477	1
253	565	1
532	410	1
287	804	1
179	2	1
86	1174	1
1506	1011	1
435	1270	1
302	502	1
985	1390	1
1830	87	1
214	353	1
847	352	1
247	1209	1
873	159	1
971	1077	1
738	898	1
849	841	1
1949	1299	1
1573	656	1
1811	303	1
521	479	1
921	743	1
1795	669	1
360	199	1
1507	840	1
448	1487	1
1303	797	1
1839	863	1
1519	613	1
440	745	1
1229	670	1
896	0	1
1196	559	1
339	709	1
752	1054	1
1818	264	1
1502	776	1
1946	382	1
14	760	1
1223	1326	1
461	958	1
1970	1425	1
1815	830	1
1881	230	1
1675	290	1
744	511	1
1781	1026	1
1667	1190	1
877	772	1
1915	842	1
1249	829	1
605	1062	1
129	916	1
1488	1447	1
377	1153	1
1634	768	1
79	120	1
1885	995	1
1502	1491	1
1421	417	1
1682	567	1
1533	788	1
361	769	1
1308	1275	1
212	41	1
1604	280	1
677	599	1
520	1462	1
971	983	1
803	436	1
130	165	1
334	971	1
1234	768	1
216	649	1
1560	1310	1
1236	1140	1
915	853	1
895	1050	1
1902	1111	1
407	570	1
1361	162	1
320	1397	1
1151	1455	1
185	509	1
1617	1070	1
1386	156	1
660	1367	1
511	1164	1
345	1458	1
1587	174	1
1283	1394	1
1338	863	1
1869	1373	1
1460	6	1
1761	1358	1
454	1054	1
1530	1028	1
529	710	1
925	1259	1
328	847	1
1793	82	1
1063	543	1
1074	1205	1
488	1277	1
1918	353	1
1467	49	1
44	1440	1
1672	1101	1
664	309	1
363	324	1
1888	946	1
961	223	1
899	722	1
299	1265	1
531	1017	1
1761	1479	1
1729	1289	1
1558	837	1
1775	392	1
754	1355	1
1193	336	1
822	802	1
805	1330	1
585	1269	1
816	900	1
138	684	1
982	387	1
1847	662	1
1894	1468	1
343	511	1
234	239	1
587	835	1
1128	229	1
1703	1494	1
423	218	1
1142	1105	1
1760	697	1
234	762	1
1113	1376	1
971	130	1
1191	1303	1
271	157	1
1446	905	1
1472	984	1
238	551	1
1498	278	1
1282	1172	1
280	950	1
544	747	1
1034	218	1
1800	10	1
1558	1140	1
1319	1322	1
1139	195	1
1793	535	1
601	1168	1
1148	1017	1
385	360	1
554	1168	1
892	609	1
921	381	1
1866	403	1
1382	338	1
261	1234	1
1026	1118	1
945	1034	1
1233	1217	1
1588	521	1
1976	846	1
1471	1093	1
7	1328	1
1779	1163	1
1198	524	1
201	679	1
1785	955	1
1588	230	1
990	73	1
908	960	1
1378	1093	1
1448	301	1
1148	1379	1
1937	1142	1
809	649	1
639	236	1
1647	1170	1
139	407	1
219	1480	1
1996	359	1
346	1408	1
843	1212	1
846	172	1
1233	1019	1
846	304	1
545	968	1
1096	499	1
1436	1363	1
1059	1159	1
1214	736	1
462	294	1
1829	1421	1
803	1221	1
217	980	1
223	843	1
1877	1008	1
1659	1452	1
1724	308	1
1541	320	1
1202	195	1
1769	1247	1
1651	827	1
1130	510	1
173	933	1
1925	856	1
1792	395	1
1621	30	1
1974	852	1
187	1030	1
589	16	1
1140	527	1
1373	923	1
843	79	1
1712	595	1
362	772	1
1462	1274	1
1457	232	1
1887	1304	1
1621	88	1
1564	1237	1
1855	742	1
1113	1082	1
773	556	1
431	672	1
431	1406	1
1914	616	1
1263	876	1
454	1143	1
1173	440	1
1719	1190	1
1814	167	1
1346	501	1
1956	945	1
187	850	1
1420	670	1
1751	1150	1
1712	736	1
792	330	1
1162	545	1
1705	929	1
1450	585	1
372	565	1
890	781	1
448	29	1
340	865	1
61	874	1
1927	863	1
1351	612	1
633	196	1
443	1154	1
238	610	1
1363	144	1
1333	48	1
1020	1323	1
1194	224	1
203	38	1
146	65	1
1802	1493	1
1400	105	1
1953	518	1
1023	707	1
1862	1486	1
72	996	1
1758	84	1
1784	809	1
1003	1491	1
316	675	1
1293	310	1
662	770	1
1448	467	1
798	1377	1
1935	568	1
386	60	1
507	1051	1
820	635	1
1446	1318	1
1636	1295	1
1400	430	1
1622	1411	1
1489	1408	1
897	559	1
1308	1240	1
1478	653	1
4	888	1
306	423	1
215	1040	1
1779	1200	1
970	873	1
1389	219	1
794	505	1
1013	337	1
180	413	1
398	1379	1
499	344	1
607	932	1
1041	1032	1
1117	1276	1
1397	392	1
1937	1366	1
988	1390	1
1392	265	1
665	583	1
1204	286	1
1997	1354	1
729	982	1
902	1474	1
1759	899	1
1042	345	1
1828	171	1
574	211	1
1440	138	1
831	171	1
1201	879	1
77	379	1
1878	649	1
1508	1158	1
754	546	1
1332	841	1
179	1387	1
880	274	1
395	421	1
605	1249	1
1648	761	1
1967	110	1
153	47	1
761	986	1
489	969	1
1791	111	1
552	917	1
912	50	1
1547	1152	1
1385	338	1
69	805	1
793	242	1
1172	1038	1
751	739	1
1627	192	1
998	1027	1
858	389	1
1658	151	1
1711	783	1
283	467	1
754	49	1
1441	754	1
1282	601	1
21	223	1
683	48	1
284	742	1
154	1254	1
1317	1036	1
79	848	1
284	547	1
926	1361	1
974	963	1
463	839	1
866	1347	1
198	1103	1
1880	553	1
727	155	1
1147	36	1
1483	1195	1
1597	1301	1
1044	1276	1
495	875	1
94	1016	1
1126	570	1
532	270	1
1718	545	1
1579	623	1
1056	1219	1
665	851	1
359	110	1
674	119	1
923	1380	1
942	968	1
153	767	1
710	523	1
493	1226	1
1300	872	1
404	285	1
1169	395	1
485	73	1
141	299	1
832	1	1
130	736	1
1964	1061	1
1609	214	1
1873	861	1
1937	1143	1
867	36	1
985	109	1
1510	1248	1
1507	1128	1
1254	1424	1
1739	40	1
461	814	1
1961	997	1
692	288	1
729	269	1
61	491	1
1017	854	1
1781	407	1
1509	1322	1
294	1474	1
1981	1209	1
1113	1225	1
1237	829	1
1475	1231	1
220	201	1
647	758	1
1979	288	1
120	511	1
439	349	1
1904	1271	1
1720	330	1
1555	205	1
1743	1062	1
706	699	1
1114	1038	1
472	177	1
325	692	1
804	388	1
838	566	1
811	537	1
700	1255	1
1980	187	1
912	338	1
539	173	1
291	988	1
1416	834	1
521	311	1
1906	1227	1
1256	306	1
295	1010	1
560	1169	1
1346	1054	1
200	22	1
1779	922	1
1616	1193	1
828	1167	1
1953	713	1
550	1356	1
1767	764	1
223	617	1
923	224	1
1873	8	1
1701	488	1
1115	782	1
1459	55	1
217	149	1
1404	870	1
414	313	1
1555	685	1
1430	652	1
396	1178	1
375	400	1
1210	313	1
689	358	1
732	812	1
1260	1498	1
1897	364	1
784	211	1
975	467	1
1876	162	1
1184	1477	1
935	1172	1
970	1326	1
988	1181	1
885	3	1
562	158	1
1870	342	1
1765	1317	1
1608	35	1
620	270	1
281	246	1
1525	1216	1
673	1440	1
840	679	1
1080	340	1
1244	709	1
1111	501	1
1458	279	1
214	1286	1
350	965	1
1817	308	1
279	587	1
1509	150	1
380	1009	1
1002	905	1
7	1297	1
1997	309	1
1217	371	1
150	465	1
684	385	1
1765	247	1
1610	1152	1
1711	120	1
1516	1450	1
505	384	1
1705	977	1
710	185	1
1087	1175	1
1944	455	1
851	986	1
1929	594	1
1860	876	1
1119	557	1
342	1098	1
897	991	1
1152	1351	1
603	796	1
150	740	1
1760	110	1
1870	1055	1
1001	1477	1
708	883	1
76	542	1
1296	1205	1
1874	576	1
1894	460	1
1358	184	1
1433	1446	1
1617	108	1
175	422	1
1124	223	1
1993	890	1
1886	725	1
1178	584	1
703	135	1
1550	1060	1
1510	327	1
1614	1173	1
1888	1431	1
1119	401	1
1002	961	1
857	568	1
1987	1455	1
1701	854	1
647	709	1
935	725	1
1536	608	1
1216	69	1
524	811	1
475	593	1
328	1340	1
906	1213	1
1383	910	1
853	1121	1
1000	211	1
693	830	1
752	311	1
581	624	1
1767	529	1
603	1386	1
978	618	1
1164	4	1
473	170	1
1753	858	1
1158	1399	1
323	1030	1
1032	275	1
1786	377	1
94	332	1
950	17	1
468	1180	1
1624	944	1
1498	507	1
1905	1372	1
941	577	1
1549	845	1
204	1453	1
1268	1014	1
1037	279	1
1470	1248	1
1086	693	1
1274	900	1
444	281	1
637	576	1
1386	1089	1
530	783	1
530	230	1
408	93	1
567	206	1
1048	1278	1
701	371	1
342	1387	1
1824	181	1
1753	486	1
1918	1402	1
900	466	1
1782	1476	1
1029	36	1
783	215	1
34	1117	1
974	1108	1
840	987	1
204	1029	1
155	1251	1
785	100	1
1685	390	1
22	1202	1
30	1446	1
1417	153	1
383	696	1
1161	856	1
910	864	1
1839	248	1
603	614	1
191	1378	1
159	668	1
1709	932	1
88	894	1
1316	760	1
116	42	1
1586	600	1
1308	107	1
313	422	1
1949	382	1
1755	581	1
281	96	1
835	1184	1
1454	1150	1
1470	132	1
1673	287	1
960	968	1
764	249	1
1149	525	1
1110	360	1
738	1319	1
1877	132	1
217	63	1
290	487	1
863	489	1
356	1244	1
1499	1179	1
1075	1	1
95	801	1
1167	530	1
449	167	1
343	707	1
18	968	1
126	767	1
1602	311	1
957	1187	1
1504	803	1
1984	1147	1
140	324	1
782	366	1
1473	813	1
359	511	1
1207	469	1
1206	261	1
162	846	1
1469	1430	1
483	732	1
318	1229	1
1403	439	1
953	529	1
700	160	1
546	731	1
548	1320	1
1376	676	1
1881	124	1
104	1057	1
719	898	1
172	1401	1
1931	368	1
428	937	1
554	1172	1
338	980	1
1778	334	1
120	983	1
1774	1031	1
718	925	1
912	1325	1
1486	392	1
298	211	1
1458	858	1
422	1111	1
1322	938	1
689	1215	1
409	799	1
1427	798	1
1921	605	1
1154	934	1
1007	722	1
1810	1156	1
948	380	1
534	847	1
643	106	1
312	1183	1
1681	1171	1
124	1340	1
457	1227	1
75	104	1
644	25	1
1520	263	1
755	923	1
980	334	1
1200	405	1
621	170	1
1716	1281	1
232	1120	1
708	289	1
723	1196	1
1006	817	1
731	771	1
552	1265	1
207	62	1
741	1326	1
1879	540	1
1981	149	1
496	815	1
660	204	1
1280	1029	1
762	276	1
1298	118	1
755	759	1
737	360	1
394	29	1
113	1037	1
1612	271	1
1957	557	1
628	759	1
260	945	1
1942	979	1
1915	1093	1
1287	1220	1
725	757	1
324	264	1
423	1488	1
1181	843	1
1330	1345	1
707	800	1
237	466	1
469	1408	1
1176	1310	1
411	52	1
1775	625	1
964	816	1
1717	614	1
738	325	1
299	185	1
570	233	1
497	628	1
1079	1083	1
1138	534	1
1862	88	1
1430	560	1
606	615	1
1797	366	1
1901	418	1
389	341	1
866	74	1
615	765	1
184	292	1
53	982	1
1352	1487	1
1586	853	1
160	981	1
535	741	1
1087	79	1
1125	888	1
787	431	1
1894	25	1
653	764	1
75	585	1
682	560	1
1827	976	1
1253	464	1
451	172	1
484	993	1
28	1200	1
1595	31	1
1857	831	1
263	1359	1
428	1457	1
1303	963	1
122	352	1
1435	1462	1
1270	1421	1
154	555	1
1053	1319	1
211	378	1
5	314	1
954	848	1
558	1076	1
1452	981	1
683	21	1
1633	68	1
1878	777	1
1670	904	1
369	847	1
833	730	1
550	11	1
673	163	1
1764	1464	1
1675	571	1
250	991	1
466	1473	1
1175	131	1
1268	1379	1
1759	715	1
1630	1048	1
968	1112	1
740	791	1
904	1242	1
733	1320	1
1952	24	1
719	236	1
1285	392	1
1084	1195	1
486	498	1
951	242	1
682	696	1
776	1359	1
1529	864	1
536	340	1
70	1193	1
1330	557	1
400	1242	1
68	1168	1
475	161	1
1347	1216	1
1843	1094	1
874	781	1
841	57	1
1138	1280	1
1138	563	1
1346	837	1
1810	999	1
759	608	1
1388	374	1
841	1109	1
1003	1182	1
297	717	1
406	1421	1
12	936	1
1398	1378	1
13	1135	1
1527	657	1
818	1302	1
632	1217	1
130	1371	1
1159	294	1
636	1133	1
890	920	1
648	1279	1
1156	205	1
840	120	1
259	679	1
677	203	1
1200	1112	1
1253	1306	1
1932	377	1
852	1348	1
333	242	1
1556	430	1
390	1091	1
1754	430	1
600	545	1
1908	592	1
1481	553	1
1970	63	1
65	1087	1
1665	236	1
396	937	1
1230	150	1
1665	564	1
515	792	1
22	5	1
310	1292	1
1030	1080	1
223	25	1
1706	1415	1
1960	725	1
1500	79	1
115	893	1
988	1392	1
427	936	1
3	1180	1
1156	1335	1
215	450	1
1325	445	1
1259	897	1
1501	1250	1
56	342	1
1322	923	1
1745	774	1
1006	1099	1
653	1408	1
466	615	1
257	251	1
823	1107	1
1957	702	1
47	909	1
1705	498	1
412	391	1
684	736	1
1324	560	1
1144	1266	1
1337	944	1
396	1338	1
587	483	1
1977	1340	1
1345	1043	1
38	850	1
829	1356	1
30	364	1
1163	397	1
1362	713	1
904	1283	1
1498	995	1
1633	1154	1
409	1050	1
1002	823	1
688	1435	1
1229	1336	1
1732	1163	1
1490	1089	1
1830	162	1
1864	1186	1
1718	456	1
1030	161	1
205	182	1
774	920	1
561	789	1
111	13	1
433	419	1
1318	627	1
206	720	1
1935	169	1
1638	66	1
829	620	1
709	967	1
636	576	1
819	711	1
227	1286	1
202	645	1
1040	167	1
215	1071	1
1374	22	1
608	663	1
1304	1124	1
609	765	1
1416	478	1
145	938	1
151	992	1
1469	1009	1
878	496	1
410	1418	1
949	1205	1
627	979	1
1852	925	1
10	1339	1
1659	924	1
536	941	1
260	483	1
457	968	1
1449	593	1
315	182	1
1202	147	1
1662	157	1
1243	576	1
497	895	1
1783	164	1
491	441	1
1951	668	1
1321	320	1
546	5	1
331	284	1
1009	716	1
1107	805	1
1523	965	1
768	1127	1
557	692	1
1348	667	1
492	1497	1
210	883	1
164	433	1
1676	1117	1
1352	1043	1
45	390	1
498	551	1
1685	1209	1
546	518	1
754	814	1
164	1283	1
666	143	1
324	1183	1
711	392	1
952	220	1
1800	1094	1
1045	58	1
1541	3	1
731	954	1
1795	786	1
938	135	1
1066	131	1
1284	1386	1
1956	831	1
1120	961	1
869	1098	1
410	1434	1
1582	536	1
162	14	1
424	576	1
348	463	1
918	195	1
1680	609	1
140	399	1
1201	382	1
693	1069	1
527	166	1
392	276	1
1601	1187	1
1809	641	1
1926	604	1
1809	318	1
1849	878	1
1668	1440	1
1936	748	1
1965	1185	1
833	1491	1
776	849	1
1455	1369	1
999	1445	1
392	68	1
571	850	1
1726	1033	1
5	196	1
1751	305	1
351	1128	1
1217	136	1
1968	266	1
1011	720	1
972	1387	1
636	1366	1
1575	1159	1
324	936	1
711	747	1
1000	1334	1
50	144	1
326	852	1
1083	767	1
1343	1125	1
997	1328	1
1773	548	1
1533	360	1
1365	614	1
1831	556	1
1734	719	1
933	1431	1
271	1096	1
1802	875	1
592	1133	1
1596	396	1
407	1103	1
572	1150	1
158	336	1
1177	1194	1
371	891	1
1696	1139	1
618	315	1
1827	563	1
1884	780	1
1256	314	1
319	612	1
666	609	1
1394	68	1
1727	892	1
1072	1153	1
1789	1029	1
765	287	1
1804	694	1
0	1425	1
1382	1199	1
1932	340	1
405	1365	1
1951	673	1
721	151	1
444	653	1
1955	234	1
928	657	1
790	431	1
1463	1006	1
32	460	1
1282	961	1
63	286	1
1522	342	1
354	1348	1
452	1000	1
504	1403	1
813	641	1
1708	1472	1
962	467	1
551	490	1
1222	352	1
1082	291	1
448	75	1
71	218	1
1468	888	1
323	1349	1
15	1376	1
1011	900	1
1156	1174	1
769	1439	1
482	1167	1
1558	1424	1
322	61	1
601	1482	1
878	1094	1
578	434	1
266	1352	1
1202	253	1
304	1050	1
1050	327	1
754	43	1
558	97	1
669	621	1
245	1406	1
1541	978	1
666	552	1
889	919	1
533	589	1
1467	1492	1
610	1188	1
627	25	1
1978	889	1
1580	550	1
690	773	1
678	619	1
1041	896	1
582	1075	1
1440	963	1
1452	1410	1
534	71	1
119	15	1
1862	198	1
1526	15	1
106	555	1
846	443	1
1773	1199	1
1562	452	1
998	644	1
511	685	1
1544	183	1
1060	1115	1
243	1068	1
404	37	1
294	855	1
275	456	1
439	1224	1
1388	438	1
1820	1100	1
1754	803	1
1363	1391	1
1500	707	1
1291	1212	1
1623	783	1
604	1114	1
1443	1011	1
346	1231	1
226	864	1
147	269	1
415	861	1
1042	92	1
1313	1343	1
1386	175	1
1202	1318	1
1992	741	1
707	1054	1
935	982	1
475	267	1
1410	215	1
298	882	1
304	1213	1
536	1227	1
1291	171	1
856	1205	1
1623	430	1
1570	1308	1
648	327	1
1710	216	1
535	1056	1
301	954	1
681	275	1
1493	381	1
7	1177	1
72	1348	1
1193	1235	1
1088	1453	1
1406	205	1
1575	1292	1
1898	1263	1
883	730	1
1320	467	1
893	1311	1
253	417	1
1956	1267	1
1043	158	1
1361	1018	1
717	1083	1
1815	1072	1
983	877	1
194	440	1
74	1113	1
1587	1213	1
1608	1422	1
1098	753	1
432	1282	1
1237	789	1
1197	844	1
272	140	1
176	1330	1
939	1097	1
422	1295	1
909	517	1
1379	1025	1
569	1037	1
147	1162	1
1967	1478	1
1464	861	1
1010	365	1
1497	944	1
1059	938	1
1093	1243	1
1992	1433	1
1414	547	1
402	93	1
392	204	1
1393	422	1
817	485	1
1144	624	1
698	119	1
1448	323	1
675	608	1
1696	1360	1
752	1071	1
294	164	1
173	1161	1
1337	802	1
505	524	1
1402	1443	1
1811	741	1
1598	959	1
40	658	1
464	413	1
1122	307	1
879	807	1
1870	716	1
757	1451	1
1034	904	1
981	670	1
1785	460	1
1515	564	1
1276	204	1
1110	1295	1
1858	395	1
1048	848	1
639	425	1
474	987	1
1041	103	1
252	647	1
1484	373	1
1036	1415	1
1036	909	1
1695	395	1
66	0	1
1872	1462	1
1129	973	1
206	609	1
1653	467	1
543	481	1
1851	679	1
1605	1308	1
570	870	1
387	756	1
92	514	1
772	850	1
1488	1021	1
1276	1109	1
922	830	1
1026	45	1
1954	27	1
1096	1108	1
1031	673	1
1548	951	1
394	844	1
1162	195	1
1383	798	1
383	1302	1
1410	1423	1
1271	588	1
1106	287	1
897	168	1
421	1423	1
1570	1324	1
1432	1434	1
1260	234	1
1560	109	1
911	1074	1
420	1112	1
463	1458	1
83	1027	1
1700	699	1
1698	849	1
326	115	1
1062	1469	1
1056	1096	1
850	1107	1
938	231	1
584	1369	1
734	1458	1
844	244	1
1352	1414	1
1561	1395	1
1487	498	1
685	1322	1
517	102	1
749	340	1
845	59	1
1816	171	1
1503	828	1
487	1170	1
1690	224	1
742	630	1
1143	1120	1
1950	1426	1
1819	190	1
554	1496	1
160	1020	1
1026	325	1
1509	560	1
396	562	1
1407	1405	1
1710	1476	1
892	1250	1
668	222	1
135	1428	1
1340	482	1
1507	210	1
671	141	1
714	867	1
1945	1224	1
117	595	1
528	640	1
1511	110	1
1666	1399	1
1831	162	1
1335	463	1
1694	434	1
1938	1373	1
153	1063	1
1667	153	1
842	1338	1
855	1012	1
6	151	1
527	294	1
1229	730	1
451	529	1
1975	384	1
1404	1185	1
1830	1461	1
1614	190	1
1489	945	1
301	740	1
1631	1098	1
1866	539	1
1904	1283	1
1336	107	1
1919	70	1
1832	220	1
1801	798	1
853	447	1
826	25	1
120	553	1
1314	820	1
1879	765	1
372	960	1
125	995	1
118	1332	1
1748	1357	1
1414	1339	1
1992	424	1
1578	179	1
592	1346	1
1306	1132	1
635	754	1
806	1426	1
1360	861	1
1539	556	1
789	707	1
718	1280	1
1049	64	1
729	792	1
820	1412	1
223	1424	1
442	1145	1
1402	1422	1
937	748	1
110	886	1
1739	1485	1
1519	1276	1
1310	419	1
832	1391	1
1237	1007	1
854	817	1
1759	349	1
1850	648	1
497	836	1
48	630	1
650	786	1
118	1060	1
1604	1353	1
1631	1039	1
633	910	1
491	980	1
816	245	1
388	890	1
269	100	1
1038	1369	1
510	924	1
792	1401	1
1082	726	1
829	1012	1
987	1329	1
1588	438	1
1116	524	1
523	1054	1
1995	649	1
1379	329	1
1463	665	1
75	977	1
1349	954	1
1977	436	1
1546	919	1
1988	850	1
1918	110	1
1968	678	1
643	845	1
1410	63	1
1466	383	1
1298	1273	1
594	1108	1
957	166	1
1281	135	1
641	2	1
1586	1457	1
1299	1363	1
885	1017	1
790	95	1
1796	99	1
589	520	1
1184	957	1
166	355	1
1943	72	1
363	186	1
313	1181	1
423	713	1
1707	1330	1
1457	422	1
775	412	1
1278	1119	1
1656	815	1
1563	270	1
1634	834	1
996	1051	1
6	1015	1
1210	10	1
1150	636	1
730	370	1
1454	312	1
1898	960	1
1192	121	1
366	926	1
782	567	1
1789	1090	1
535	156	1
1563	151	1
598	624	1
918	74	1
1325	1142	1
1765	1380	1
923	1255	1
633	505	1
1903	114	1
878	719	1
1142	153	1
1403	808	1
100	766	1
1369	311	1
1734	419	1
192	1158	1
347	1387	1
1348	1022	1
1162	96	1
1171	818	1
1151	575	1
835	204	1
127	613	1
626	1227	1
1880	560	1
1561	32	1
945	1059	1
1838	883	1
1066	516	1
1476	1166	1
872	1259	1
684	895	1
661	210	1
1984	989	1
985	323	1
1944	1173	1
846	328	1
1792	1357	1
1823	107	1
255	173	1
351	138	1
1349	969	1
1612	1208	1
1730	659	1
1588	1005	1
600	799	1
1790	1392	1
1758	160	1
1490	755	1
1373	348	1
1613	638	1
1849	490	1
1937	316	1
269	1068	1
930	1028	1
227	1183	1
441	1011	1
949	59	1
714	375	1
1133	895	1
681	360	1
280	290	1
1753	1327	1
1119	918	1
1265	488	1
685	1491	1
976	577	1
555	1392	1
215	162	1
104	52	1
166	1181	1
668	724	1
1074	275	1
1607	1465	1
964	1197	1
1762	1355	1
305	501	1
1429	613	1
1324	725	1
1673	929	1
1434	919	1
934	188	1
1764	771	1
1181	1409	1
1271	1189	1
650	1223	1
880	360	1
1115	260	1
1451	1083	1
500	144	1
611	881	1
1857	878	1
1728	965	1
69	105	1
234	1301	1
1793	615	1
1361	1498	1
367	368	1
1498	33	1
1892	164	1
1998	957	1
443	321	1
1162	963	1
1108	698	1
1165	350	1
440	958	1
565	724	1
387	808	1
1271	420	1
1284	886	1
770	342	1
1832	86	1
1059	1017	1
361	539	1
1455	852	1
1109	1217	1
791	1095	1
1306	493	1
1918	640	1
520	63	1
611	292	1
715	102	1
1010	1387	1
520	1046	1
668	270	1
750	715	1
1984	1241	1
538	268	1
176	360	1
1907	31	1
1910	138	1
319	547	1
99	274	1
1512	588	1
1653	35	1
1650	281	1
807	1057	1
633	516	1
1600	459	1
172	65	1
945	797	1
567	1204	1
806	526	1
895	630	1
415	874	1
381	194	1
1338	659	1
931	531	1
1633	69	1
595	20	1
355	1244	1
27	828	1
1125	1178	1
30	1371	1
931	1136	1
1047	702	1
905	1452	1
1986	1392	1
1536	1242	1
1893	525	1
1908	1416	1
1138	1264	1
377	53	1
229	939	1
1169	359	1
1019	1202	1
1655	622	1
1263	648	1
73	131	1
318	1104	1
740	1181	1
1613	171	1
313	129	1
1128	108	1
147	487	1
308	233	1
1730	1279	1
1509	839	1
780	405	1
544	1492	1
269	741	1
1459	1325	1
1230	185	1
46	424	1
236	194	1
1143	1089	1
948	1312	1
1912	1450	1
1012	88	1
592	691	1
582	1448	1
69	1060	1
1997	869	1
327	564	1
1458	242	1
283	623	1
1081	1000	1
1991	1344	1
995	560	1
772	1052	1
899	666	1
26	422	1
417	942	1
1130	977	1
119	846	1
286	492	1
141	1069	1
1766	484	1
1270	772	1
52	1306	1
320	101	1
1302	1140	1
1872	1277	1
275	436	1
1420	872	1
1929	1038	1
184	687	1
219	1457	1
624	774	1
690	873	1
1445	218	1
573	391	1
559	401	1
847	697	1
857	317	1
1026	1073	1
1726	78	1
819	541	1
1235	824	1
1471	36	1
1882	679	1
1058	1383	1
484	166	1
1404	577	1
1311	620	1
1904	502	1
1276	710	1
516	1027	1
107	1110	1
810	833	1
699	198	1
1696	949	1
1224	970	1
1391	614	1
683	58	1
465	716	1
1889	1257	1
723	980	1
662	277	1
1039	691	1
804	941	1
1413	27	1
1237	320	1
373	1098	1
1714	108	1
1090	418	1
1231	822	1
1372	255	1
367	1197	1
1924	823	1
1066	593	1
519	325	1
675	1131	1
1866	321	1
251	547	1
538	1281	1
1181	415	1
89	1100	1
1007	1326	1
1173	1460	1
1029	1359	1
1287	744	1
910	208	1
923	454	1
410	0	1
1820	35	1
1393	1360	1
1787	743	1
658	1131	1
425	1166	1
722	79	1
705	1170	1
1242	1212	1
1414	271	1
1672	535	1
1604	35	1
1304	771	1
1263	178	1
839	281	1
1660	664	1
285	1084	1
1307	85	1
958	782	1
1359	602	1
1734	576	1
554	4	1
1896	1073	1
1132	1125	1
903	1449	1
1412	418	1
1114	1087	1
1151	11	1
126	341	1
148	118	1
1815	525	1
1823	803	1
1965	1393	1
304	1385	1
1149	585	1
1180	825	1
1520	928	1
535	181	1
1176	260	1
1560	58	1
554	1460	1
984	1125	1
1379	574	1
1443	702	1
1212	684	1
1526	1347	1
1024	1178	1
1	757	1
712	1410	1
390	1124	1
177	1056	1
1948	1125	1
958	769	1
412	641	1
1644	663	1
123	267	1
959	1455	1
1830	601	1
95	22	1
178	50	1
531	1013	1
697	1066	1
299	1435	1
809	178	1
949	923	1
287	347	1
686	1435	1
1490	1207	1
1009	527	1
1050	532	1
344	855	1
1537	553	1
778	1401	1
475	340	1
903	381	1
928	1449	1
1468	648	1
1712	310	1
1184	826	1
1458	1351	1
389	1159	1
1354	522	1
1177	939	1
1374	352	1
423	1220	1
27	1238	1
866	1486	1
617	452	1
197	90	1
561	1311	1
531	1473	1
285	1309	1
886	840	1
1563	274	1
1912	1108	1
675	1240	1
436	1206	1
720	263	1
693	1100	1
1195	361	1
827	1221	1
1258	1457	1
1689	1451	1
856	1426	1
1305	1272	1
1803	1373	1
1360	1009	1
1946	1421	1
1516	169	1
825	738	1
615	751	1
1993	380	1
1920	538	1
555	195	1
1566	1339	1
904	721	1
1931	1134	1
608	561	1
480	1481	1
1064	371	1
282	1381	1
1684	1184	1
943	286	1
21	552	1
113	591	1
621	1237	1
1963	65	1
928	283	1
770	534	1
946	760	1
207	1242	1
1838	5	1
1797	504	1
281	955	1
796	27	1
1645	1320	1
547	278	1
1314	1259	1
575	1458	1
1061	1456	1
1445	301	1
1652	952	1
766	940	1
737	923	1
1717	110	1
155	1325	1
1570	1399	1
1303	1100	1
1408	116	1
170	1395	1
23	242	1
566	1479	1
1577	1035	1
808	1349	1
1070	300	1
514	1269	1
173	1024	1
964	340	1
846	881	1
474	668	1
1394	613	1
40	731	1
684	576	1
399	6	1
1537	1165	1
1408	494	1
1575	74	1
1678	750	1
1828	280	1
1932	538	1
564	148	1
1134	679	1
1172	1383	1
1372	1483	1
139	876	1
819	709	1
813	753	1
1225	362	1
1132	649	1
659	107	1
1327	980	1
1276	1344	1
87	941	1
868	805	1
1424	40	1
1081	931	1
1826	1340	1
1560	1466	1
137	1119	1
1433	1201	1
309	567	1
30	1259	1
1711	1464	1
193	50	1
1570	1072	1
1759	1471	1
418	1124	1
170	326	1
1874	459	1
790	154	1
416	222	1
1340	1393	1
1279	1010	1
1725	69	1
751	490	1
1968	1333	1
190	828	1
1984	365	1
1886	342	1
962	1015	1
147	254	1
1077	1026	1
457	160	1
1679	481	1
1955	285	1
853	722	1
650	512	1
1798	280	1
290	866	1
246	60	1
346	83	1
422	1491	1
1730	1450	1
1525	857	1
542	307	1
477	687	1
1363	1148	1
967	1484	1
1413	870	1
941	626	1
1286	341	1
1435	237	1
1640	1070	1
419	834	1
230	79	1
1340	860	1
524	1329	1
1386	678	1
1467	655	1
3	88	1
1583	135	1
55	83	1
1443	652	1
397	993	1
1367	1075	1
481	938	1
645	1334	1
304	797	1
204	889	1
970	320	1
163	1360	1
913	710	1
55	1083	1
614	285	1
1939	421	1
137	1487	1
1414	730	1
170	1330	1
392	779	1
934	704	1
1713	883	1
306	419	1
562	835	1
1480	918	1
806	1304	1
1526	1040	1
1501	70	1
699	1004	1
1676	69	1
851	71	1
1750	1126	1
1848	386	1
983	366	1
455	180	1
950	109	1
1421	211	1
1249	465	1
1079	872	1
943	1041	1
721	1083	1
1052	719	1
1717	1495	1
344	895	1
223	1045	1
1758	1275	1
679	44	1
1989	565	1
1153	1079	1
1687	1217	1
1211	33	1
1316	947	1
1531	1354	1
1894	1294	1
1143	1214	1
440	379	1
594	1053	1
69	1178	1
0	947	1
437	477	1
1421	692	1
529	194	1
493	388	1
1291	1101	1
1204	1430	1
1756	265	1
366	1223	1
1853	1081	1
1061	1368	1
1573	881	1
828	1122	1
309	521	1
1118	750	1
1610	707	1
329	1024	1
1157	779	1
1101	547	1
1339	878	1
1793	568	1
1438	907	1
1012	35	1
1496	1484	1
573	1261	1
840	49	1
841	798	1
655	823	1
721	575	1
1296	479	1
1042	164	1
1450	838	1
1646	632	1
1069	710	1
1119	813	1
1138	1179	1
1767	728	1
324	60	1
541	1485	1
1640	854	1
1952	446	1
1228	904	1
53	790	1
1399	632	1
1644	622	1
1124	1186	1
820	305	1
1540	1250	1
1943	533	1
19	216	1
955	97	1
243	698	1
1981	173	1
550	648	1
195	1490	1
506	1495	1
167	330	1
502	648	1
956	1445	1
331	874	1
1649	615	1
1351	1340	1
15	753	1
1595	326	1
807	265	1
1126	890	1
10	1069	1
1616	804	1
1934	1176	1
1697	1042	1
1103	609	1
1060	499	1
1536	972	1
545	49	1
1508	1036	1
550	119	1
1206	1182	1
1972	509	1
1309	170	1
1685	89	1
837	661	1
1583	2	1
1634	334	1
1134	670	1
1270	1499	1
1364	243	1
1741	1109	1
1284	26	1
1262	14	1
1165	1033	1
640	1293	1
509	612	1
899	1044	1
1682	1317	1
21	907	1
990	151	1
758	770	1
982	361	1
24	1090	1
636	592	1
1297	995	1
282	422	1
1250	627	1
1293	1144	1
1791	1072	1
1377	460	1
818	595	1
486	985	1
1985	165	1
908	1152	1
1831	1434	1
1517	1066	1
312	1497	1
1776	572	1
1802	521	1
998	581	1
432	1365	1
149	244	1
469	668	1
967	135	1
727	1426	1
417	1123	1
1609	433	1
780	1019	1
501	662	1
1765	990	1
521	1389	1
1885	861	1
1385	280	1
350	1420	1
1926	773	1
643	1252	1
1095	43	1
98	881	1
844	254	1
1786	1291	1
505	338	1
297	1089	1
895	896	1
905	285	1
1759	929	1
573	194	1
830	708	1
837	872	1
897	1413	1
1652	1217	1
879	839	1
1341	541	1
9	832	1
348	1267	1
901	149	1
1482	300	1
103	40	1
529	1047	1
100	656	1
1796	639	1
1152	736	1
7	649	1
485	445	1
572	708	1
628	1294	1
1126	1487	1
760	928	1
123	688	1
878	498	1
545	1384	1
1762	49	1
1391	1325	1
402	500	1
853	1362	1
654	850	1
527	769	1
633	369	1
1248	183	1
411	1333	1
1895	1431	1
1053	52	1
471	611	1
1437	370	1
1434	1370	1
1689	358	1
1745	503	1
1449	1301	1
465	858	1
990	375	1
827	195	1
1727	787	1
1007	689	1
1297	1365	1
1183	422	1
1057	1328	1
1462	1478	1
1259	1187	1
88	906	1
1122	582	1
1645	1433	1
319	218	1
1432	868	1
652	982	1
876	206	1
705	230	1
1580	1195	1
976	986	1
267	60	1
1424	993	1
1278	431	1
887	746	1
1223	1097	1
1037	485	1
1950	133	1
400	1098	1
547	520	1
1799	459	1
547	1353	1
1846	1314	1
79	951	1
1227	1156	1
1202	1314	1
1151	750	1
866	1086	1
1236	1095	1
1791	207	1
1629	1135	1
398	1028	1
465	897	1
1311	895	1
152	465	1
393	111	1
645	1163	1
842	599	1
880	549	1
138	607	1
867	63	1
1814	1144	1
258	266	1
877	378	1
1785	1363	1
11	1493	1
341	617	1
1040	1166	1
79	23	1
1031	278	1
1298	419	1
773	520	1
1615	382	1
119	1049	1
569	1287	1
794	680	1
1584	1061	1
485	701	1
376	946	1
455	552	1
161	958	1
943	707	1
1844	987	1
801	1425	1
1174	257	1
786	617	1
381	201	1
1565	979	1
83	1261	1
1460	1022	1
40	534	1
40	640	1
1300	684	1
568	1187	1
202	795	1
1511	358	1
1838	1372	1
1752	400	1
601	44	1
566	1149	1
1405	765	1
259	68	1
1549	465	1
267	501	1
1407	1367	1
793	280	1
1141	193	1
1516	1340	1
807	330	1
834	69	1
456	1160	1
1301	389	1
1189	711	1
795	454	1
1564	581	1
651	95	1
1673	468	1
1091	1049	1
1667	1440	1
1300	963	1
1104	531	1
1428	396	1
1287	88	1
560	716	1
1961	1392	1
1896	491	1
444	1393	1
1037	1147	1
1855	1044	1
1859	490	1
181	784	1
1837	276	1
1123	257	1
1942	117	1
1081	1304	1
286	302	1
1451	1452	1
296	1114	1
1787	1207	1
725	718	1
1714	1359	1
1899	558	1
133	167	1
1777	956	1
291	185	1
1008	584	1
707	1314	1
741	1457	1
1125	488	1
1988	617	1
490	632	1
983	1121	1
359	858	1
209	1006	1
289	666	1
1715	612	1
1698	45	1
1555	416	1
192	1369	1
171	50	1
203	565	1
982	1381	1
1016	482	1
1813	539	1
1469	7	1
554	328	1
1899	1411	1
1665	248	1
11	512	1
753	232	1
600	1416	1
295	1128	1
1098	689	1
1835	402	1
55	935	1
1643	722	1
942	1177	1
1051	694	1
1882	1104	1
1392	1317	1
305	884	1
288	1331	1
1716	401	1
1133	36	1
210	603	1
323	1219	1
1254	950	1
669	97	1
545	499	1
1721	488	1
1731	331	1
1183	802	1
1679	380	1
644	764	1
1875	577	1
1075	662	1
1958	132	1
1308	593	1
651	1278	1
1740	1336	1
1779	1282	1
92	251	1
1227	788	1
1292	1262	1
1514	984	1
1118	1274	1
12	331	1
1483	1499	1
1056	1105	1
965	714	1
1654	873	1
289	1051	1
256	866	1
648	174	1
784	901	1
1788	1227	1
1757	999	1
62	357	1
1763	294	1
245	1398	1
417	656	1
1168	1478	1
551	969	1
689	634	1
1383	1283	1
1110	455	1
1501	784	1
1824	1074	1
934	1339	1
639	820	1
1803	1014	1
49	1482	1
1683	1202	1
1309	660	1
882	197	1
1410	755	1
526	571	1
1214	19	1
1081	645	1
1131	179	1
1564	1413	1
1747	1275	1
1394	567	1
924	1053	1
1194	97	1
1069	346	1
994	1375	1
1708	245	1
1797	1257	1
1192	42	1
1925	802	1
1239	692	1
1390	969	1
329	1111	1
628	69	1
1778	1131	1
690	594	1
1245	652	1
97	1419	1
1523	634	1
1841	1084	1
1736	123	1
65	198	1
1413	1276	1
717	846	1
471	201	1
422	652	1
618	872	1
211	1067	1
1923	153	1
1495	1291	1
892	1071	1
1619	560	1
1028	1381	1
1049	397	1
430	549	1
849	1037	1
1730	968	1
1432	90	1
515	1210	1
927	980	1
1589	1365	1
1528	426	1
161	110	1
285	155	1
247	875	1
1848	1035	1
1362	1121	1
1589	1092	1
1009	1326	1
413	487	1
1027	916	1
1378	96	1
789	186	1
357	422	1
238	198	1
318	1182	1
1550	977	1
71	996	1
561	116	1
310	948	1
667	1290	1
869	971	1
1826	704	1
1401	1399	1
1025	1384	1
1167	1360	1
1700	1297	1
562	954	1
1429	1419	1
417	463	1
572	430	1
1518	1468	1
308	139	1
879	307	1
1811	1346	1
1305	732	1
428	1365	1
247	129	1
592	1358	1
773	1140	1
1167	1367	1
1210	697	1
1813	883	1
1807	466	1
1836	41	1
590	110	1
947	345	1
72	986	1
533	337	1
213	203	1
870	571	1
1340	146	1
1380	1392	1
540	924	1
322	142	1
1865	99	1
1005	340	1
1735	1207	1
1782	740	1
1387	1272	1
844	830	1
965	432	1
1277	684	1
101	47	1
148	811	1
918	774	1
774	46	1
1852	478	1
1738	808	1
1369	37	1
581	1284	1
1976	1190	1
978	1248	1
654	360	1
1692	67	1
328	462	1
796	422	1
1479	1134	1
713	1333	1
776	523	1
1996	743	1
1291	665	1
1113	457	1
518	1202	1
1683	1272	1
1994	691	1
1147	464	1
1252	1103	1
890	282	1
1068	306	1
1304	473	1
1978	1301	1
939	263	1
1324	1346	1
247	687	1
651	1271	1
454	956	1
596	1409	1
488	1483	1
1569	1091	1
1774	338	1
530	1096	1
135	713	1
309	1416	1
1585	700	1
661	334	1
1145	1356	1
1079	694	1
83	1215	1
1835	386	1
579	1265	1
656	469	1
1416	949	1
624	1408	1
134	1159	1
1380	371	1
420	462	1
1059	983	1
1310	640	1
253	1064	1
50	1257	1
1725	732	1
1873	1360	1
1871	751	1
1879	1160	1
1970	810	1
869	196	1
723	236	1
1668	254	1
748	826	1
631	712	1
1541	715	1
1673	37	1
1377	1417	1
1568	96	1
1252	1213	1
50	1425	1
1259	117	1
654	914	1
1407	157	1
1302	939	1
1492	51	1
1857	280	1
6	1223	1
225	1345	1
1745	1025	1
1912	253	1
1086	1064	1
1395	644	1
1504	1019	1
776	264	1
1077	1278	1
1020	950	1
1166	395	1
364	957	1
344	1030	1
608	739	1
1215	1105	1
878	530	1
613	884	1
349	1448	1
1405	353	1
490	754	1
1588	175	1
1925	1155	1
1888	1312	1
834	434	1
1960	372	1
404	924	1
528	1492	1
809	1431	1
465	638	1
608	438	1
828	1210	1
1739	1000	1
702	1481	1
1862	1446	1
1581	1391	1
303	920	1
614	1120	1
691	615	1
1971	482	1
1663	74	1
1444	569	1
362	273	1
894	770	1
1093	1036	1
387	645	1
1682	306	1
1608	1055	1
440	930	1
1212	1287	1
1100	314	1
322	1343	1
1308	1054	1
332	702	1
1116	1275	1
1013	857	1
1369	762	1
1730	1439	1
889	922	1
234	1472	1
842	1221	1
565	1076	1
961	1368	1
1146	100	1
857	1202	1
1871	525	1
1358	815	1
16	232	1
1640	446	1
175	1134	1
1404	78	1
1036	1223	1
1966	405	1
1378	1413	1
1247	669	1
625	547	1
1930	73	1
124	1196	1
236	958	1
671	893	1
1247	1282	1
334	260	1
830	1414	1
1183	1067	1
704	132	1
1076	1143	1
392	1286	1
394	830	1
1831	468	1
490	303	1
1515	376	1
909	1450	1
1140	1053	1
1838	749	1
504	1106	1
958	1012	1
1843	250	1
988	1167	1
1745	1493	1
1623	857	1
411	552	1
800	312	1
114	616	1
982	1055	1
1856	247	1
334	107	1
1070	455	1
1870	147	1
1749	401	1
1639	1342	1
344	771	1
1966	1184	1
845	1485	1
1136	604	1
1107	929	1
1396	130	1
1653	365	1
1228	1208	1
344	336	1
1243	1237	1
984	1087	1
532	798	1
607	1361	1
1897	1318	1
889	1338	1
1635	1463	1
385	1065	1
371	328	1
1290	1432	1
484	1053	1
142	998	1
1102	1200	1
856	537	1
533	802	1
1409	561	1
1464	837	1
360	1494	1
1068	170	1
10	211	1
1175	358	1
1082	38	1
1082	1330	1
9	606	1
764	285	1
272	404	1
438	791	1
173	770	1
1311	1310	1
20	1361	1
209	721	1
1717	455	1
423	57	1
553	1035	1
1946	259	1
1094	651	1
627	115	1
1168	556	1
1631	289	1
1463	948	1
480	1390	1
199	881	1
891	67	1
377	27	1
1932	1256	1
1975	340	1
799	1140	1
303	819	1
759	1006	1
855	168	1
1532	1224	1
1444	849	1
1138	74	1
813	699	1
110	980	1
720	1370	1
97	77	1
667	1113	1
1062	374	1
899	1240	1
709	880	1
339	1016	1
962	380	1
1357	592	1
684	790	1
1214	1229	1
788	200	1
776	1443	1
601	29	1
1545	1397	1
212	491	1
510	823	1
1038	974	1
1738	1446	1
1863	482	1
788	610	1
1269	557	1
1022	1332	1
1251	1040	1
1546	1287	1
68	1135	1
1145	563	1
837	128	1
1636	1082	1
1572	811	1
1819	1088	1
1262	96	1
1187	1466	1
1368	365	1
1393	72	1
692	18	1
1918	1344	1
123	1456	1
1832	1330	1
630	963	1
471	1374	1
902	232	1
1898	22	1
770	902	1
158	1099	1
1005	296	1
1613	731	1
969	1479	1
1618	382	1
204	1041	1
1980	331	1
292	790	1
786	1082	1
955	900	1
1701	476	1
1187	645	1
677	1180	1
1371	109	1
128	849	1
735	813	1
1789	261	1
1361	1208	1
357	406	1
1936	346	1
1638	1448	1
449	1180	1
674	655	1
1997	1063	1
1524	926	1
531	743	1
1047	328	1
1895	169	1
142	171	1
814	655	1
562	516	1
1211	679	1
1445	1327	1
437	851	1
28	67	1
1254	1457	1
1330	819	1
559	1316	1
1344	1065	1
761	849	1
1157	119	1
1055	495	1
1495	1113	1
1426	540	1
278	1222	1
1689	1434	1
1616	260	1
103	260	1
1350	749	1
1428	503	1
375	889	1
613	579	1
1886	1161	1
1816	750	1
1910	277	1
318	154	1
519	166	1
126	778	1
1684	1362	1
68	1419	1
1257	1002	1
1451	393	1
1697	1057	1
1891	185	1
1021	113	1
1980	868	1
1616	731	1
832	1348	1
117	716	1
284	1355	1
377	980	1
1129	1267	1
842	165	1
856	1075	1
1989	334	1
556	1482	1
1305	158	1
1161	56	1
106	90	1
1874	1316	1
1869	1244	1
489	1411	1
1005	1013	1
1354	653	1
1030	1380	1
1339	543	1
1945	1145	1
1360	413	1
153	14	1
1849	725	1
1149	571	1
369	709	1
1611	21	1
1296	1288	1
377	230	1
1932	1224	1
1033	341	1
1289	105	1
534	1136	1
724	1178	1
1511	949	1
491	546	1
1697	344	1
80	448	1
264	255	1
1834	1293	1
1764	725	1
202	432	1
1131	798	1
146	1170	1
1335	661	1
1612	712	1
1172	1182	1
1353	598	1
1494	1454	1
1699	1305	1
994	771	1
1282	618	1
1208	72	1
698	1349	1
1328	235	1
1529	1258	1
829	638	1
1423	943	1
1485	593	1
391	748	1
688	1266	1
1699	988	1
962	107	1
455	1172	1
1236	960	1
345	686	1
168	1309	1
844	1390	1
1528	1253	1
45	399	1
562	1291	1
1313	1239	1
1832	711	1
154	434	1
1738	1126	1
1098	729	1
1294	583	1
1679	877	1
1034	447	1
1380	1472	1
674	1338	1
1155	612	1
469	177	1
1573	125	1
1422	839	1
1907	619	1
1530	541	1
292	316	1
548	339	1
238	553	1
1211	702	1
424	1166	1
696	440	1
1521	418	1
1896	764	1
92	1028	1
368	239	1
1871	1308	1
81	813	1
1956	1272	1
259	552	1
1434	46	1
827	1196	1
164	1495	1
1617	0	1
964	1102	1
408	354	1
932	1479	1
789	826	1
380	946	1
384	516	1
977	48	1
1350	75	1
793	301	1
795	1384	1
1820	285	1
711	188	1
1067	1441	1
1335	281	1
314	1154	1
1087	384	1
1413	127	1
345	1039	1
714	220	1
395	1213	1
1108	256	1
1146	407	1
628	463	1
1924	897	1
1934	623	1
1819	792	1
1852	269	1
1747	456	1
8	100	1
1718	64	1
497	694	1
318	1304	1
665	725	1
1022	1185	1
265	765	1
1227	181	1
537	772	1
1225	341	1
1473	611	1
301	787	1
1840	1130	1
218	1403	1
583	932	1
768	873	1
991	562	1
1421	428	1
967	1497	1
1910	91	1
1998	1136	1
111	912	1
778	256	1
433	802	1
35	707	1
459	221	1
284	495	1
1106	969	1
825	525	1
492	1047	1
1163	676	1
566	883	1
1071	1307	1
1245	92	1
66	1034	1
471	963	1
1690	695	1
933	465	1
1869	966	1
243	385	1
505	507	1
1382	1379	1
1445	1435	1
699	1140	1
1231	21	1
387	1269	1
1356	346	1
35	1035	1
785	1034	1
411	562	1
898	1108	1
1063	896	1
1701	484	1
1214	879	1
1482	1229	1
475	940	1
1273	353	1
343	814	1
1875	899	1
1633	282	1
1961	858	1
473	1174	1
336	477	1
1061	438	1
1094	1474	1
867	134	1
815	39	1
1194	6	1
1103	107	1
1044	911	1
1762	1242	1
1938	1116	1
676	348	1
735	274	1
630	811	1
1533	957	1
1784	1375	1
959	936	1
1027	335	1
338	288	1
412	442	1
940	1128	1
819	342	1
1428	1125	1
1166	1417	1
29	1100	1
1257	1334	1
1848	1268	1
1563	600	1
1983	653	1
1093	1458	1
1442	939	1
1683	510	1
1475	940	1
1181	1108	1
1701	1361	1
998	1248	1
220	977	1
1121	1168	1
282	958	1
465	441	1
64	1457	1
914	610	1
74	1132	1
537	1344	1
407	1129	1
549	1324	1
432	849	1
1727	564	1
555	105	1
1328	635	1
1678	1231	1
90	230	1
307	144	1
1267	1375	1
1381	1085	1
1018	1133	1
518	272	1
1073	56	1
17	740	1
1535	1015	1
441	1018	1
114	1446	1
443	1074	1
187	1443	1
1897	1260	1
724	751	1
1401	354	1
1557	1275	1
1627	1263	1
1005	561	1
1205	1087	1
1688	1358	1
307	2	1
1663	1057	1
490	1061	1
1662	1269	1
489	736	1
1778	368	1
1042	508	1
528	520	1
1980	418	1
578	1356	1
1265	476	1
445	1322	1
483	1322	1
425	784	1
1127	156	1
727	1094	1
134	1415	1
221	924	1
21	1221	1
352	886	1
277	992	1
1333	737	1
1208	1134	1
1668	395	1
454	11	1
290	247	1
749	163	1
1865	158	1
997	1473	1
737	246	1
37	222	1
1353	902	1
710	960	1
457	897	1
319	1486	1
147	1382	1
1903	1019	1
1274	1475	1
1325	874	1
725	1137	1
967	827	1
1066	730	1
1887	1481	1
1448	24	1
522	211	1
1733	320	1
1424	1113	1
1012	1301	1
1508	918	1
594	1001	1
334	1268	1
53	404	1
1935	1149	1
349	481	1
1183	885	1
364	413	1
541	859	1
1376	1267	1
75	981	1
1787	27	1
194	774	1
1532	168	1
766	1487	1
1718	1282	1
1172	516	1
959	535	1
294	1035	1
598	767	1
1552	506	1
1495	518	1
1098	266	1
1577	589	1
1340	13	1
128	1311	1
1150	844	1
1916	1483	1
1419	649	1
1889	986	1
1522	1060	1
1245	893	1
8	380	1
511	1367	1
147	817	1
1200	1298	1
771	1117	1
1941	386	1
1767	545	1
1281	372	1
773	1159	1
121	621	1
1218	156	1
998	568	1
1096	38	1
1076	16	1
987	214	1
74	1382	1
1494	73	1
1566	1428	1
1378	1224	1
1229	482	1
1833	920	1
1397	346	1
119	1273	1
1178	396	1
1193	329	1
179	896	1
1566	958	1
1323	928	1
1160	1320	1
189	56	1
1569	562	1
1939	1237	1
781	424	1
263	58	1
1833	1176	1
762	925	1
1450	822	1
20	629	1
1581	1182	1
1052	636	1
117	1277	1
1267	85	1
914	557	1
1675	286	1
749	748	1
1190	251	1
372	784	1
1148	751	1
1259	810	1
146	648	1
1889	60	1
871	353	1
1369	44	1
1836	1277	1
816	1017	1
1049	984	1
387	336	1
677	752	1
1054	670	1
616	941	1
1183	409	1
861	999	1
1705	114	1
904	643	1
736	1119	1
72	774	1
338	458	1
1558	585	1
1081	713	1
1644	1131	1
1033	905	1
271	1399	1
441	1057	1
1564	863	1
1279	1035	1
1519	1151	1
637	856	1
1745	406	1
107	240	1
1715	497	1
1367	216	1
1915	583	1
266	900	1
1361	1360	1
1676	57	1
1680	1052	1
1614	577	1
472	129	1
721	511	1
108	578	1
1315	800	1
1117	332	1
1202	1356	1
1999	901	1
1384	295	1
1534	141	1
1740	959	1
755	824	1
1293	530	1
1721	698	1
263	1067	1
963	941	1
1641	1324	1
1328	42	1
616	871	1
1765	1022	1
896	880	1
1553	906	1
280	1089	1
98	144	1
24	1439	1
687	703	1
502	1229	1
38	411	1
1212	601	1
1922	230	1
1371	834	1
164	910	1
1572	1494	1
149	1076	1
1646	1244	1
933	1470	1
279	138	1
893	1411	1
1056	46	1
1074	1493	1
235	771	1
1994	757	1
1983	889	1
1688	1303	1
1996	968	1
591	800	1
7	372	1
1401	48	1
1844	1148	1
1722	1035	1
820	1388	1
1220	743	1
1824	997	1
161	1045	1
1713	1225	1
1579	1112	1
278	380	1
288	104	1
473	1159	1
1365	245	1
1786	1187	1
292	944	1
374	733	1
61	889	1
464	886	1
1794	100	1
1149	612	1
1292	21	1
1800	100	1
805	915	1
946	1481	1
1550	663	1
1845	941	1
1108	471	1
812	1041	1
1787	203	1
1811	155	1
505	516	1
586	254	1
381	393	1
1224	103	1
1280	230	1
1573	77	1
378	101	1
1036	53	1
55	858	1
1962	1172	1
190	848	1
1158	667	1
1611	1402	1
1831	1271	1
1996	59	1
1676	156	1
318	1093	1
122	1156	1
527	232	1
102	21	1
51	1241	1
248	31	1
1959	40	1
781	553	1
1945	1366	1
1280	836	1
1908	1298	1
1394	136	1
1540	736	1
506	515	1
150	197	1
1322	590	1
1232	636	1
1367	1278	1
470	1017	1
1833	152	1
767	973	1
94	22	1
245	356	1
642	373	1
448	473	1
1771	410	1
567	1413	1
630	336	1
615	193	1
151	1471	1
1845	837	1
1765	944	1
449	641	1
1007	690	1
1821	576	1
1015	62	1
1208	411	1
1606	834	1
441	687	1
9	863	1
249	1435	1
899	1285	1
546	1370	1
795	156	1
1640	268	1
78	419	1
936	575	1
1476	627	1
1525	587	1
135	18	1
1822	581	1
908	746	1
532	1288	1
1378	736	1
346	1303	1
1146	717	1
1629	1470	1
1284	205	1
1302	1477	1
835	90	1
239	806	1
1141	147	1
571	208	1
832	1259	1
682	910	1
750	1446	1
429	984	1
219	652	1
475	879	1
135	1370	1
211	837	1
670	441	1
120	1139	1
1396	522	1
1071	755	1
1712	1394	1
1013	1076	1
408	327	1
702	90	1
1545	267	1
1839	1117	1
355	812	1
560	166	1
23	254	1
1599	904	1
200	962	1
1919	789	1
1679	889	1
1572	236	1
540	634	1
1617	957	1
460	1094	1
914	435	1
52	1133	1
343	1079	1
881	1474	1
1575	1388	1
1064	812	1
1381	1318	1
1236	464	1
637	529	1
157	335	1
1761	763	1
628	1397	1
1427	1125	1
932	710	1
609	1039	1
1877	548	1
1605	1293	1
558	374	1
1869	11	1
1095	1482	1
1181	182	1
1199	513	1
627	1268	1
1060	1396	1
1225	87	1
853	675	1
1057	358	1
1861	1160	1
1240	991	1
132	1066	1
599	580	1
1059	211	1
911	537	1
1268	1397	1
1529	585	1
1429	378	1
1634	1460	1
1496	1217	1
143	964	1
1434	241	1
1170	1034	1
810	511	1
1462	160	1
1518	527	1
1519	749	1
1837	97	1
114	896	1
1936	260	1
280	180	1
973	1480	1
228	335	1
329	304	1
1691	545	1
27	567	1
630	1277	1
511	227	1
266	855	1
695	1248	1
1406	284	1
106	538	1
739	924	1
882	412	1
1336	480	1
86	432	1
705	1048	1
453	1304	1
182	423	1
1130	69	1
251	571	1
1682	521	1
1622	75	1
1153	765	1
350	698	1
133	936	1
1188	998	1
845	666	1
1520	509	1
426	482	1
227	14	1
860	523	1
1561	1072	1
1871	742	1
1867	159	1
783	1099	1
849	1353	1
1182	1367	1
330	291	1
1306	215	1
492	222	1
440	1207	1
1871	54	1
1891	657	1
1560	270	1
1525	1145	1
305	1021	1
685	1117	1
454	1188	1
1526	1045	1
1400	573	1
1714	1100	1
1657	992	1
1374	906	1
1001	71	1
1993	1188	1
1843	1	1
653	145	1
383	178	1
499	967	1
937	963	1
1423	985	1
805	558	1
1588	554	1
354	545	1
199	480	1
1987	371	1
285	787	1
132	702	1
1184	841	1
1483	813	1
123	1068	1
747	1285	1
977	1010	1
93	1342	1
475	1168	1
1592	858	1
271	644	1
919	1088	1
64	1195	1
1540	480	1
948	1367	1
1731	414	1
1439	603	1
1673	134	1
1609	687	1
1202	890	1
645	763	1
1479	327	1
332	563	1
126	1027	1
1078	734	1
1295	134	1
39	30	1
92	1465	1
658	1322	1
1164	984	1
1215	326	1
169	1037	1
1343	664	1
1067	534	1
572	98	1
1466	799	1
1646	612	1
1970	733	1
1501	824	1
1224	719	1
1682	328	1
1119	33	1
81	433	1
216	713	1
1068	377	1
683	1392	1
841	502	1
935	339	1
895	1435	1
1464	1013	1
1812	1060	1
1632	73	1
802	359	1
458	431	1
87	1445	1
1426	1049	1
577	628	1
212	1478	1
1261	599	1
1949	125	1
950	173	1
791	113	1
1220	1004	1
1453	1420	1
1716	1421	1
298	9	1
1267	789	1
276	1414	1
1212	233	1
1862	983	1
1920	1091	1
907	1349	1
521	253	1
1964	792	1
411	984	1
212	857	1
1318	1018	1
648	975	1
1323	764	1
1790	543	1
71	1111	1
484	1196	1
408	291	1
1625	914	1
1500	1351	1
1877	710	1
514	953	1
1311	917	1
1040	1006	1
1715	125	1
937	593	1
1958	1499	1
1005	288	1
1772	946	1
476	1135	1
880	634	1
496	1461	1
610	1181	1
785	98	1
59	1430	1
605	1488	1
73	1480	1
1531	146	1
896	912	1
234	870	1
1816	293	1
1198	142	1
718	394	1
256	303	1
1638	920	1
295	1401	1
1576	546	1
690	1263	1
359	684	1
1207	1459	1
936	28	1
1057	1352	1
354	610	1
1024	469	1
1139	1264	1
1227	32	1
21	1096	1
709	1359	1
1630	489	1
1567	17	1
1242	581	1
104	146	1
912	873	1
585	1224	1
794	168	1
374	496	1
1214	490	1
1357	651	1
503	1250	1
1665	824	1
505	908	1
0	893	1
1996	985	1
436	645	1
1583	1173	1
1072	1401	1
1611	893	1
1339	1265	1
1569	504	1
110	355	1
1896	34	1
339	797	1
1346	783	1
1946	331	1
1772	1341	1
371	169	1
448	412	1
98	1137	1
75	161	1
485	272	1
838	569	1
982	924	1
1967	1334	1
1563	537	1
708	604	1
242	990	1
1409	694	1
746	1144	1
887	141	1
1764	603	1
727	440	1
890	258	1
768	1249	1
165	464	1
1367	467	1
854	1284	1
439	395	1
401	1236	1
1226	1476	1
1721	900	1
590	113	1
481	546	1
800	250	1
1230	711	1
872	1338	1
251	46	1
208	1474	1
1623	219	1
1857	975	1
880	1214	1
640	525	1
1499	1192	1
791	282	1
1737	1402	1
21	479	1
1800	1059	1
1226	1102	1
711	985	1
416	1353	1
787	409	1
1076	1496	1
770	316	1
615	976	1
1088	1118	1
979	1220	1
1846	120	1
1666	1038	1
1962	1434	1
1885	517	1
1950	1051	1
552	387	1
428	234	1
1199	720	1
141	488	1
408	117	1
306	1299	1
283	554	1
259	723	1
183	577	1
1258	212	1
799	518	1
1132	1101	1
1771	334	1
1417	723	1
1801	1131	1
1449	1321	1
1304	663	1
1651	437	1
228	1431	1
419	813	1
778	483	1
221	1077	1
1395	1349	1
1633	1255	1
1591	1488	1
458	1259	1
491	156	1
726	691	1
806	1404	1
431	1123	1
1853	513	1
1873	680	1
459	1242	1
1751	1480	1
1258	554	1
1692	529	1
434	1044	1
1955	427	1
1442	576	1
515	836	1
653	412	1
1996	715	1
396	1484	1
1263	1353	1
46	585	1
75	17	1
1161	1056	1
1025	713	1
885	1365	1
1194	457	1
1016	330	1
1743	783	1
951	126	1
1373	955	1
1388	1464	1
46	111	1
40	672	1
616	1099	1
1986	1043	1
47	1480	1
606	1193	1
1055	1098	1
1863	231	1
58	18	1
45	457	1
753	916	1
1934	765	1
477	657	1
649	147	1
757	108	1
1706	1032	1
1514	407	1
1248	1193	1
1759	93	1
396	151	1
471	306	1
1514	721	1
190	401	1
141	471	1
982	985	1
1512	673	1
1029	1014	1
645	545	1
1073	92	1
707	509	1
425	994	1
1650	584	1
225	559	1
1356	579	1
1735	904	1
868	740	1
1492	1160	1
911	1495	1
1762	12	1
540	700	1
1500	616	1
362	560	1
1957	219	1
1946	79	1
929	109	1
274	200	1
1302	1160	1
1606	103	1
980	1251	1
1376	1462	1
1905	986	1
1180	905	1
1350	552	1
900	1321	1
1591	567	1
1006	1442	1
458	862	1
1438	579	1
1839	774	1
137	1235	1
1615	1203	1
1085	237	1
259	242	1
1901	389	1
814	157	1
486	945	1
1811	437	1
1047	266	1
86	1006	1
943	333	1
1682	373	1
1039	954	1
1950	970	1
328	1198	1
763	808	1
68	207	1
913	1434	1
392	1109	1
20	799	1
812	1144	1
266	208	1
481	1460	1
1149	876	1
859	1240	1
1808	1348	1
3	762	1
1922	1422	1
1306	100	1
1842	453	1
1134	642	1
916	1123	1
1756	1478	1
1844	973	1
1046	1029	1
1212	718	1
1866	834	1
1922	471	1
93	1029	1
1709	1497	1
1476	273	1
466	362	1
1289	822	1
1543	1008	1
1365	1259	1
1245	962	1
717	1266	1
517	645	1
27	1402	1
655	410	1
223	97	1
1277	612	1
1607	513	1
620	730	1
1025	1368	1
1102	791	1
390	970	1
867	1109	1
751	662	1
1261	692	1
1130	1440	1
1562	930	1
1187	1283	1
1973	247	1
641	186	1
1722	972	1
1933	1177	1
1794	571	1
797	924	1
1184	646	1
1736	1238	1
406	722	1
1100	96	1
1255	517	1
984	906	1
1606	277	1
524	149	1
557	1016	1
354	524	1
1033	151	1
1053	1228	1
1837	839	1
897	325	1
461	533	1
1575	684	1
911	1280	1
264	1005	1
1049	825	1
968	1020	1
1924	717	1
1452	1147	1
1802	805	1
1960	178	1
986	343	1
739	1406	1
669	1252	1
575	1318	1
1218	337	1
1613	691	1
6	792	1
1388	1083	1
1920	92	1
1555	1134	1
1882	1362	1
34	48	1
1857	1367	1
1411	254	1
559	710	1
584	1388	1
1120	583	1
365	1400	1
1547	1367	1
1269	354	1
17	1013	1
128	1222	1
1285	337	1
1776	348	1
1786	673	1
1629	823	1
44	986	1
294	125	1
1660	721	1
1561	864	1
1268	808	1
1967	1336	1
52	469	1
782	247	1
827	1469	1
795	159	1
1664	760	1
152	1133	1
644	1048	1
1748	385	1
1966	552	1
1819	1291	1
778	136	1
1879	1398	1
1907	299	1
655	191	1
297	652	1
1784	1155	1
304	629	1
487	1465	1
601	252	1
864	649	1
1397	454	1
1026	959	1
985	343	1
820	73	1
728	273	1
1645	741	1
311	1321	1
21	1413	1
138	1305	1
1941	857	1
216	1217	1
637	683	1
1840	88	1
1148	1245	1
713	1197	1
581	1139	1
1085	715	1
1235	905	1
1200	241	1
880	197	1
1066	885	1
1477	1384	1
679	639	1
1959	1043	1
1658	1322	1
1947	346	1
248	1371	1
363	357	1
1502	63	1
1836	1001	1
367	724	1
1578	180	1
60	373	1
1978	1478	1
1552	1313	1
1925	365	1
717	1381	1
1355	488	1
1817	370	1
1911	1274	1
760	54	1
648	37	1
162	931	1
1399	707	1
276	745	1
1344	40	1
1875	1121	1
1933	1219	1
1232	1425	1
917	241	1
1260	880	1
746	1172	1
1962	912	1
1560	1201	1
5	129	1
1995	531	1
1418	649	1
1073	917	1
1054	820	1
1611	977	1
522	1421	1
1307	1310	1
1911	1225	1
1385	387	1
1266	1289	1
1319	805	1
753	1277	1
615	572	1
134	661	1
1097	1194	1
1623	1203	1
438	167	1
99	124	1
408	270	1
159	34	1
1114	522	1
180	1194	1
1750	1105	1
1922	1196	1
766	1200	1
1306	1138	1
972	274	1
104	729	1
485	1162	1
1926	1449	1
540	337	1
597	765	1
1935	901	1
1642	835	1
15	1209	1
1401	558	1
1819	580	1
692	658	1
1707	628	1
349	653	1
606	865	1
1957	390	1
1910	669	1
1013	1099	1
859	926	1
1409	1466	1
527	893	1
407	1377	1
1328	605	1
548	831	1
1593	204	1
235	1115	1
1690	1156	1
666	916	1
1114	527	1
332	1349	1
1577	563	1
262	654	1
1374	162	1
508	1202	1
758	192	1
357	623	1
806	500	1
369	260	1
1888	419	1
486	1122	1
503	486	1
221	1160	1
660	387	1
1302	719	1
1876	1070	1
1131	898	1
1015	1146	1
1818	265	1
1868	1327	1
302	370	1
1906	1306	1
1685	459	1
845	1177	1
1035	846	1
1042	892	1
1144	56	1
811	1161	1
684	1275	1
464	1098	1
9	339	1
908	836	1
794	437	1
1272	62	1
1348	720	1
1531	407	1
1029	779	1
1386	947	1
1663	1378	1
1449	1094	1
1511	1286	1
977	1418	1
1347	210	1
1911	1139	1
1344	928	1
837	1056	1
957	177	1
491	768	1
940	497	1
325	285	1
1260	1148	1
1677	111	1
52	50	1
1456	96	1
1318	1323	1
1929	888	1
1614	807	1
494	386	1
447	1230	1
520	1166	1
1338	560	1
822	1417	1
462	1061	1
921	1189	1
1047	586	1
1282	1252	1
928	422	1
1416	1397	1
556	1128	1
1674	23	1
877	328	1
1207	1013	1
925	163	1
336	789	1
1842	661	1
219	46	1
1969	902	1
1944	720	1
523	880	1
1372	984	1
72	1323	1
709	647	1
1155	313	1
1712	666	1
242	920	1
1501	1462	1
584	1454	1
1642	98	1
1346	870	1
1371	306	1
1990	233	1
1479	223	1
388	790	1
448	1384	1
1467	618	1
1659	1059	1
776	729	1
174	304	1
1586	1281	1
539	7	1
678	412	1
1747	1323	1
889	253	1
1471	500	1
1348	73	1
387	50	1
1332	982	1
846	669	1
1577	735	1
1010	1341	1
1709	1415	1
1092	1230	1
89	856	1
1269	405	1
1991	1024	1
352	586	1
991	1187	1
800	537	1
1576	100	1
1816	64	1
158	1037	1
1370	894	1
1886	552	1
1131	1369	1
1413	718	1
1167	915	1
1238	486	1
1900	357	1
1522	1126	1
239	221	1
1580	1103	1
329	377	1
244	1161	1
1923	304	1
1478	1149	1
1042	896	1
979	1458	1
1166	708	1
568	282	1
611	749	1
1874	544	1
1607	1248	1
413	1366	1
1770	1032	1
82	203	1
441	845	1
210	789	1
983	1169	1
1901	866	1
170	1158	1
340	1169	1
699	1407	1
200	873	1
185	119	1
66	1055	1
1179	524	1
1702	233	1
1281	1165	1
1359	134	1
401	424	1
1650	237	1
1522	689	1
796	400	1
760	680	1
117	630	1
1534	834	1
1955	454	1
895	789	1
29	380	1
1241	1161	1
1419	410	1
1411	1304	1
1368	935	1
1811	530	1
755	1125	1
279	728	1
365	256	1
1502	365	1
1601	1231	1
1656	728	1
608	420	1
965	1168	1
549	542	1
85	1457	1
1083	350	1
648	960	1
42	288	1
939	411	1
562	428	1
425	432	1
1920	136	1
616	836	1
558	1136	1
1017	914	1
858	275	1
1924	668	1
948	46	1
1031	228	1
619	1393	1
1204	401	1
619	1031	1
1481	1033	1
766	583	1
218	710	1
1264	509	1
1774	763	1
1983	1240	1
1093	396	1
208	1470	1
17	608	1
836	278	1
155	425	1
1894	740	1
1197	859	1
394	789	1
1103	501	1
1641	18	1
1920	1169	1
318	755	1
1356	683	1
1326	1119	1
149	167	1
1921	1222	1
528	522	1
1789	676	1
1160	566	1
272	630	1
1494	77	1
1504	608	1
179	1432	1
455	652	1
679	505	1
814	1239	1
1796	737	1
1192	839	1
506	627	1
1299	286	1
951	587	1
1384	1254	1
1353	407	1
1964	597	1
1406	1239	1
115	527	1
485	422	1
1966	160	1
54	123	1
256	1111	1
1917	854	1
338	901	1
887	1122	1
557	123	1
781	448	1
334	226	1
1378	313	1
688	1285	1
31	478	1
158	732	1
1645	91	1
1486	1107	1
788	1008	1
257	1185	1
1098	988	1
1500	1090	1
256	909	1
1083	1485	1
1820	104	1
776	1143	1
15	380	1
914	659	1
127	1028	1
1209	660	1
841	637	1
314	1074	1
1609	1143	1
1219	1232	1
1081	484	1
1284	103	1
1705	679	1
2	1226	1
779	954	1
1296	720	1
1807	1009	1
943	717	1
1923	399	1
1718	1380	1
1611	99	1
1358	334	1
1201	767	1
1730	1180	1
1565	241	1
1412	1371	1
1267	284	1
728	1067	1
1201	1182	1
1917	591	1
1158	345	1
810	359	1
1297	572	1
1333	411	1
1454	1002	1
509	108	1
319	719	1
1433	419	1
1015	456	1
1199	1232	1
245	813	1
864	1099	1
1728	1266	1
1865	358	1
865	16	1
991	1444	1
198	1332	1
1172	980	1
984	703	1
1215	425	1
1794	1000	1
150	927	1
278	835	1
892	842	1
952	738	1
1084	361	1
229	184	1
1025	1057	1
1068	1062	1
956	749	1
1842	1391	1
1636	1114	1
940	1087	1
1265	622	1
321	1137	1
1626	1229	1
1089	229	1
1365	539	1
1579	1057	1
1467	98	1
463	1265	1
1116	1470	1
58	747	1
823	348	1
1823	1343	1
1832	737	1
1845	366	1
357	396	1
911	1463	1
1090	396	1
27	403	1
882	852	1
646	1329	1
7	1037	1
1875	430	1
73	1365	1
51	315	1
1157	362	1
189	622	1
1562	1251	1
1053	14	1
1858	310	1
609	405	1
365	1131	1
597	1408	1
197	592	1
1605	201	1
970	874	1
1968	96	1
405	423	1
1248	1433	1
884	1321	1
1351	1094	1
1554	1069	1
1147	1068	1
511	135	1
1916	2	1
1769	312	1
1538	1397	1
298	571	1
1099	1001	1
485	880	1
662	391	1
621	958	1
945	324	1
657	675	1
42	496	1
195	936	1
87	1359	1
163	1304	1
267	275	1
317	878	1
1834	983	1
1406	114	1
19	733	1
1574	678	1
1314	1308	1
803	421	1
708	397	1
1320	981	1
1919	411	1
356	1133	1
296	1434	1
158	53	1
1348	567	1
241	1110	1
487	160	1
695	620	1
1134	138	1
1049	1342	1
1352	901	1
1835	620	1
896	1479	1
299	87	1
1827	1063	1
572	1416	1
1772	1400	1
1898	616	1
1050	1432	1
563	1195	1
154	1164	1
478	1362	1
48	1123	1
761	16	1
427	1429	1
1165	859	1
1931	1122	1
662	1458	1
1216	636	1
420	1149	1
1969	326	1
808	240	1
149	713	1
39	771	1
1082	1004	1
394	550	1
143	254	1
1127	1306	1
1279	944	1
1290	374	1
140	1202	1
434	636	1
1696	548	1
214	108	1
1307	1295	1
1190	628	1
280	144	1
1394	1036	1
1253	896	1
1440	399	1
1621	84	1
291	1222	1
1993	109	1
383	316	1
1935	1006	1
1181	1424	1
108	737	1
1280	1429	1
1312	727	1
1493	721	1
161	1118	1
1396	1013	1
556	704	1
1995	276	1
1273	292	1
201	204	1
756	650	1
1178	643	1
720	378	1
767	68	1
16	1251	1
729	662	1
1417	252	1
463	80	1
1554	962	1
668	1354	1
311	232	1
625	179	1
1684	245	1
260	1150	1
1115	763	1
269	1271	1
51	1487	1
365	1115	1
1940	1466	1
478	1461	1
551	701	1
1455	1201	1
383	606	1
1869	587	1
1018	1122	1
64	828	1
494	192	1
845	1391	1
1459	1235	1
1331	896	1
1592	980	1
220	1470	1
1499	1165	1
743	554	1
1772	1477	1
849	412	1
503	772	1
202	1194	1
39	649	1
985	331	1
192	478	1
29	106	1
576	793	1
50	725	1
632	457	1
744	685	1
1014	105	1
1157	464	1
203	268	1
1290	114	1
117	346	1
593	1111	1
631	1199	1
1064	565	1
736	199	1
1086	1343	1
185	683	1
1833	375	1
749	1428	1
1103	1397	1
1903	543	1
1977	506	1
552	87	1
260	879	1
788	647	1
995	571	1
419	947	1
860	390	1
1004	511	1
1483	180	1
125	352	1
1551	1166	1
1311	612	1
257	926	1
224	873	1
1334	406	1
1221	1297	1
217	320	1
257	940	1
608	186	1
1043	591	1
1259	114	1
522	1339	1
447	723	1
220	96	1
772	928	1
1650	1158	1
402	59	1
1408	58	1
700	1351	1
607	1018	1
294	697	1
1382	1492	1
235	485	1
1339	174	1
410	242	1
467	585	1
1214	1262	1
1875	62	1
962	233	1
1678	295	1
1268	864	1
534	342	1
403	1152	1
1702	533	1
1761	184	1
58	681	1
1231	1115	1
1225	870	1
470	323	1
1903	996	1
1003	1361	1
867	1320	1
572	348	1
1356	1096	1
1169	241	1
1177	585	1
1344	152	1
1983	1275	1
1507	905	1
84	530	1
438	179	1
895	335	1
980	573	1
662	398	1
450	1247	1
1433	530	1
1804	770	1
1595	1022	1
1246	985	1
682	216	1
1729	223	1
1872	1069	1
691	508	1
1507	112	1
1344	827	1
1485	38	1
833	1421	1
1494	445	1
894	518	1
1512	466	1
400	800	1
792	1417	1
992	992	1
1421	1161	1
768	1117	1
1007	734	1
1787	371	1
434	11	1
523	952	1
1396	614	1
1484	707	1
165	784	1
1315	1136	1
1345	856	1
1345	1156	1
1320	597	1
1758	511	1
1161	786	1
150	57	1
1080	139	1
747	369	1
765	1155	1
402	1438	1
1798	1218	1
1707	1185	1
1997	1468	1
1834	1214	1
827	321	1
43	1432	1
310	1112	1
55	248	1
1953	1165	1
335	783	1
1504	1236	1
191	1213	1
1589	943	1
39	870	1
1932	984	1
1883	1239	1
382	123	1
879	54	1
879	238	1
373	194	1
952	1165	1
747	721	1
1974	194	1
1081	1063	1
443	801	1
1609	253	1
560	215	1
1222	1213	1
947	1115	1
1209	131	1
1449	1279	1
136	500	1
161	240	1
70	964	1
1100	780	1
1879	1001	1
1535	12	1
1630	1261	1
1524	1090	1
483	174	1
530	1146	1
1582	1354	1
1321	1474	1
433	1336	1
1587	1239	1
1798	136	1
1984	12	1
840	998	1
444	1082	1
1839	748	1
997	30	1
1746	1303	1
1432	1375	1
1921	805	1
1427	1225	1
987	1177	1
513	210	1
1506	1190	1
1108	1454	1
1640	995	1
903	567	1
1096	502	1
938	821	1
234	1286	1
1869	1415	1
70	940	1
1341	780	1
1390	574	1
589	586	1
1277	993	1
312	151	1
1970	1343	1
1291	1375	1
1712	1226	1
497	1062	1
1537	489	1
798	900	1
1558	1343	1
300	566	1
352	359	1
217	851	1
469	975	1
1218	900	1
1412	107	1
576	421	1
1009	912	1
1220	1340	1
1824	506	1
890	810	1
1657	114	1
1284	151	1
350	644	1
493	132	1
1890	221	1
96	147	1
416	204	1
1197	268	1
258	132	1
1992	609	1
329	299	1
75	717	1
1584	59	1
1417	1385	1
1865	557	1
502	249	1
1864	1343	1
811	646	1
828	1265	1
1047	1149	1
1410	612	1
1231	60	1
714	534	1
782	729	1
1099	272	1
1486	899	1
427	408	1
1487	762	1
1102	128	1
1856	1430	1
1670	380	1
1990	219	1
556	1396	1
1881	917	1
195	756	1
507	773	1
724	859	1
549	946	1
1629	1103	1
14	1211	1
1542	795	1
541	407	1
302	373	1
745	1456	1
946	341	1
1401	1113	1
1818	1366	1
642	1324	1
720	300	1
1740	1201	1
451	1038	1
1503	846	1
1474	323	1
86	1285	1
1785	1045	1
398	620	1
1499	964	1
1189	821	1
1188	1391	1
1218	1159	1
1502	1487	1
909	681	1
1138	1455	1
53	1126	1
1902	1077	1
1765	730	1
14	258	1
1810	1015	1
386	1039	1
57	546	1
1275	340	1
1691	42	1
1133	827	1
1375	88	1
128	277	1
420	1123	1
1485	561	1
1380	1319	1
1957	530	1
1725	100	1
653	531	1
1850	1171	1
1581	1390	1
247	1345	1
383	1347	1
1766	827	1
1186	84	1
408	1254	1
867	227	1
443	1490	1
1693	63	1
877	1019	1
1445	1075	1
1977	1050	1
773	462	1
609	560	1
231	109	1
857	570	1
1611	971	1
693	880	1
571	1114	1
1582	836	1
602	1118	1
406	1374	1
797	469	1
1256	1315	1
465	1195	1
498	1264	1
566	189	1
1692	64	1
1555	1295	1
438	320	1
853	1320	1
1052	1106	1
364	919	1
1444	1108	1
189	1243	1
1857	558	1
1240	1160	1
1653	377	1
340	397	1
1705	692	1
739	973	1
887	1403	1
863	1095	1
1068	589	1
667	54	1
1272	369	1
273	675	1
1743	1495	1
957	817	1
1200	1198	1
752	1197	1
361	349	1
482	583	1
378	286	1
1594	832	1
324	1240	1
921	995	1
550	862	1
966	1166	1
876	1312	1
26	835	1
412	91	1
1877	1006	1
193	157	1
50	1060	1
1046	1399	1
1057	1462	1
1706	920	1
494	986	1
1945	202	1
295	80	1
1462	604	1
609	74	1
694	1293	1
31	454	1
571	1304	1
479	1040	1
1260	44	1
1603	503	1
1695	927	1
1757	952	1
1761	1135	1
353	518	1
1350	804	1
1415	598	1
1376	1216	1
1020	1318	1
1571	1018	1
504	272	1
441	765	1
1456	296	1
195	289	1
641	23	1
356	638	1
389	437	1
1804	617	1
1283	267	1
1049	1444	1
275	936	1
420	821	1
1569	59	1
1501	379	1
628	1289	1
617	405	1
549	1477	1
825	1263	1
5	328	1
1876	1071	1
1249	612	1
90	901	1
1071	485	1
447	500	1
374	725	1
961	990	1
404	1353	1
973	1174	1
1804	623	1
939	709	1
1885	69	1
33	938	1
850	719	1
1122	1156	1
258	1280	1
1276	810	1
1709	3	1
1891	362	1
52	1052	1
1472	973	1
1096	1020	1
944	451	1
97	626	1
1669	824	1
806	924	1
1481	756	1
176	182	1
670	1194	1
1313	386	1
746	1364	1
1979	92	1
1549	1266	1
270	836	1
810	929	1
1427	87	1
1159	1214	1
1940	762	1
1890	1119	1
1223	836	1
1176	566	1
763	1237	1
1589	763	1
1859	893	1
347	262	1
18	1232	1
134	1430	1
1221	1249	1
1985	1480	1
1638	1061	1
1966	362	1
250	939	1
1136	1418	1
155	13	1
1806	1293	1
1933	39	1
1612	926	1
886	116	1
927	1235	1
459	1020	1
1285	780	1
422	1152	1
903	1476	1
1844	619	1
1488	485	1
1399	857	1
1492	1252	1
1484	388	1
720	101	1
63	365	1
32	852	1
1717	859	1
41	1107	1
875	548	1
481	1258	1
831	1494	1
731	15	1
1033	778	1
131	81	1
1208	318	1
1324	172	1
1045	194	1
639	25	1
1644	961	1
297	710	1
1310	153	1
349	1239	1
517	268	1
1758	225	1
728	849	1
109	1030	1
89	1303	1
1295	406	1
670	1456	1
483	1054	1
787	466	1
1234	1370	1
191	247	1
1098	607	1
723	111	1
878	788	1
776	807	1
1005	1106	1
1619	144	1
1483	234	1
1722	1457	1
1117	617	1
1506	218	1
393	606	1
1862	1097	1
260	95	1
957	652	1
148	1425	1
680	225	1
364	992	1
600	278	1
1236	138	1
988	1448	1
1960	163	1
768	669	1
349	836	1
1578	1094	1
1903	90	1
345	16	1
1697	321	1
1053	140	1
765	1475	1
40	238	1
938	1028	1
784	981	1
1781	340	1
1427	138	1
401	1240	1
418	909	1
604	1161	1
793	604	1
647	1121	1
1575	948	1
1320	132	1
1369	891	1
1045	814	1
1397	1292	1
774	889	1
66	521	1
706	1445	1
164	442	1
1658	887	1
276	124	1
1615	304	1
772	360	1
132	712	1
839	618	1
1867	79	1
583	906	1
503	584	1
943	1159	1
213	115	1
1349	658	1
1736	492	1
1930	508	1
359	781	1
1084	114	1
572	1222	1
19	171	1
1959	307	1
898	991	1
742	550	1
1529	290	1
933	1235	1
1034	409	1
261	296	1
207	983	1
1888	167	1
1599	741	1
1998	1459	1
1361	473	1
1031	926	1
1206	177	1
1188	734	1
1660	333	1
1812	1016	1
444	532	1
16	144	1
657	276	1
775	126	1
1371	540	1
1763	1024	1
1987	1137	1
1978	446	1
858	700	1
513	222	1
536	818	1
1121	300	1
1480	1064	1
1079	1237	1
276	667	1
854	1140	1
340	246	1
1882	1178	1
1729	850	1
336	1467	1
733	121	1
809	1322	1
1974	1431	1
1182	813	1
149	199	1
1111	1158	1
131	137	1
1670	737	1
1187	528	1
1892	193	1
502	1448	1
1654	594	1
152	722	1
888	1063	1
1431	906	1
664	537	1
1474	593	1
1252	800	1
1822	242	1
421	1452	1
333	1092	1
1129	503	1
1060	716	1
1456	650	1
1610	1242	1
972	715	1
388	932	1
304	795	1
152	1381	1
1413	769	1
275	1223	1
341	441	1
948	423	1
1646	830	1
702	1417	1
1390	875	1
323	237	1
614	145	1
507	603	1
1760	423	1
1291	699	1
239	182	1
100	1279	1
1176	659	1
1493	573	1
289	1464	1
1240	305	1
739	418	1
1649	961	1
467	696	1
468	2	1
414	1429	1
936	799	1
83	1263	1
1211	1207	1
1669	36	1
1856	1275	1
1520	112	1
549	1256	1
220	692	1
855	1464	1
1990	1328	1
1638	777	1
1743	823	1
1908	436	1
1341	703	1
725	16	1
1055	710	1
1178	9	1
481	45	1
1064	683	1
433	341	1
881	955	1
208	913	1
1821	1350	1
1021	946	1
383	187	1
1475	587	1
698	1484	1
1983	1229	1
1470	1328	1
1649	516	1
1085	125	1
179	654	1
1653	562	1
1274	1349	1
1490	161	1
94	641	1
369	1180	1
105	814	1
1052	717	1
1963	439	1
1233	470	1
160	1290	1
222	345	1
667	661	1
1833	485	1
1014	1353	1
1143	125	1
1638	871	1
1633	618	1
1760	131	1
1220	113	1
1085	1060	1
1409	1399	1
64	1421	1
1088	1379	1
552	663	1
108	661	1
1456	58	1
1070	627	1
1256	45	1
1690	1164	1
1104	24	1
826	1387	1
1302	1205	1
50	437	1
193	388	1
1408	719	1
175	360	1
143	631	1
1315	1197	1
1337	1114	1
323	1498	1
1788	1129	1
849	1147	1
1583	1089	1
1213	790	1
94	749	1
41	274	1
1424	1061	1
460	1336	1
1187	636	1
1973	278	1
1088	812	1
988	412	1
112	208	1
1939	448	1
1809	429	1
1624	1037	1
632	249	1
612	41	1
1421	1235	1
1074	54	1
1545	840	1
1729	1273	1
1331	1252	1
1049	612	1
127	1466	1
1085	1165	1
436	21	1
824	1175	1
574	508	1
1843	994	1
271	1030	1
1665	974	1
1724	1086	1
963	805	1
189	1323	1
431	350	1
532	214	1
1523	446	1
1171	69	1
1804	800	1
329	1016	1
996	184	1
568	498	1
1254	1410	1
922	78	1
503	875	1
1145	291	1
91	214	1
1249	129	1
1471	698	1
943	617	1
1401	17	1
564	912	1
634	1219	1
1913	589	1
1927	1095	1
689	708	1
668	665	1
733	1366	1
70	211	1
491	111	1
163	625	1
1487	1263	1
881	961	1
752	968	1
1570	1232	1
1959	833	1
474	703	1
1041	1421	1
59	1003	1
1088	602	1
934	146	1
1020	923	1
1908	1493	1
710	1067	1
804	582	1
1981	1351	1
983	175	1
891	1424	1
1347	909	1
1208	1128	1
1286	281	1
1281	1476	1
1655	494	1
72	588	1
431	123	1
1609	126	1
1245	1018	1
815	149	1
1006	1149	1
855	14	1
1474	878	1
1730	1430	1
1211	987	1
386	1277	1
1695	1219	1
1525	773	1
767	518	1
37	1432	1
1543	389	1
1851	539	1
475	1308	1
1973	1223	1
735	192	1
1938	1025	1
1829	1257	1
1577	600	1
22	216	1
90	612	1
1953	670	1
1274	1088	1
932	1183	1
251	392	1
1867	925	1
1813	766	1
1798	644	1
311	173	1
590	999	1
543	1327	1
1980	1047	1
345	1211	1
946	1035	1
771	791	1
522	1176	1
1418	1293	1
340	1495	1
1385	416	1
1724	304	1
378	1230	1
1747	503	1
1048	381	1
1662	1320	1
1614	564	1
1460	113	1
1637	363	1
1696	1280	1
111	1227	1
1167	76	1
1476	112	1
1832	147	1
934	1065	1
989	1235	1
703	1420	1
1070	1045	1
61	601	1
1541	689	1
1111	324	1
812	175	1
945	787	1
340	845	1
1324	628	1
784	1094	1
337	201	1
286	407	1
117	135	1
680	217	1
956	1427	1
1627	889	1
1842	935	1
958	689	1
63	1372	1
1966	1263	1
1913	556	1
1156	317	1
57	658	1
1600	1428	1
1090	453	1
609	880	1
1278	279	1
847	1152	1
246	265	1
428	1103	1
1508	1449	1
460	634	1
573	661	1
467	124	1
1040	724	1
1203	1040	1
1903	48	1
672	420	1
1420	1438	1
1975	484	1
710	267	1
1905	672	1
122	1027	1
975	1462	1
1639	1345	1
619	88	1
1442	732	1
1302	1446	1
25	1458	1
1271	757	1
36	316	1
1720	254	1
1316	1332	1
1697	1397	1
1380	1101	1
96	233	1
158	718	1
920	312	1
1454	1183	1
121	1257	1
876	526	1
1808	1408	1
0	1248	1
727	1132	1
316	314	1
65	534	1
865	264	1
719	1081	1
973	1270	1
1209	1011	1
764	387	1
725	88	1
565	621	1
744	1415	1
279	21	1
643	324	1
1004	1026	1
1334	483	1
1902	63	1
1147	259	1
1285	1331	1
649	913	1
1855	1008	1
305	250	1
781	936	1
426	858	1
1349	775	1
1559	424	1
1546	1463	1
1744	873	1
41	310	1
1461	963	1
1537	1033	1
1947	605	1
1466	363	1
369	966	1
80	1428	1
488	1466	1
1653	1253	1
45	1494	1
1247	1079	1
1919	410	1
1261	1197	1
130	985	1
1059	117	1
506	924	1
1545	302	1
1599	50	1
1175	1042	1
711	1293	1
1463	263	1
1657	1119	1
1883	671	1
1518	1462	1
153	891	1
942	26	1
725	1277	1
104	437	1
1600	141	1
742	842	1
498	1199	1
539	1337	1
1163	953	1
646	690	1
307	48	1
418	533	1
1372	1361	1
1104	365	1
1867	1363	1
757	872	1
317	1313	1
1929	703	1
650	1279	1
1404	179	1
1508	230	1
715	660	1
1612	1100	1
1967	68	1
1732	221	1
351	832	1
403	1181	1
1146	176	1
1778	1221	1
1870	1441	1
1243	521	1
315	1089	1
905	400	1
1619	215	1
241	1490	1
1595	263	1
381	810	1
1703	1379	1
293	1027	1
1727	308	1
789	700	1
1609	47	1
1168	1131	1
288	65	1
209	850	1
1148	1114	1
559	42	1
1651	37	1
407	1069	1
1636	455	1
850	1294	1
1590	925	1
933	407	1
522	1210	1
313	746	1
1459	608	1
1427	947	1
1664	890	1
911	817	1
913	371	1
1803	659	1
333	1471	1
25	178	1
1548	1205	1
617	698	1
1939	862	1
1797	148	1
1843	1325	1
1797	1399	1
187	450	1
236	221	1
159	494	1
237	1291	1
360	1427	1
1126	539	1
63	437	1
869	294	1
1051	1464	1
1691	1106	1
615	832	1
1680	1159	1
1299	1433	1
759	1245	1
582	1042	1
1734	959	1
816	152	1
1275	520	1
327	39	1
1324	64	1
1465	1024	1
87	832	1
951	249	1
715	75	1
1219	167	1
1034	780	1
488	277	1
1471	165	1
1973	1395	1
1902	1094	1
233	438	1
1156	111	1
1477	1046	1
72	798	1
1257	738	1
1522	688	1
353	1133	1
1878	766	1
1077	1402	1
100	1364	1
836	51	1
939	399	1
1951	759	1
158	800	1
858	336	1
574	681	1
1347	1251	1
340	1132	1
415	474	1
694	228	1
806	345	1
535	664	1
737	176	1
1972	493	1
552	441	1
1047	787	1
1601	1482	1
570	442	1
1675	788	1
1238	1146	1
121	1483	1
889	225	1
536	477	1
893	687	1
978	1439	1
422	788	1
1063	527	1
587	163	1
248	1041	1
1154	970	1
1272	49	1
973	765	1
1244	393	1
1921	265	1
661	1025	1
228	899	1
500	944	1
281	1368	1
1554	167	1
278	628	1
1213	1330	1
1080	518	1
1866	99	1
891	1056	1
218	1074	1
1479	128	1
260	491	1
1131	1215	1
325	511	1
1247	418	1
1588	610	1
518	736	1
1642	1042	1
1303	1335	1
906	850	1
61	1316	1
1300	1187	1
1070	844	1
1541	1103	1
1464	1331	1
249	239	1
1674	682	1
1887	475	1
902	413	1
348	789	1
183	400	1
712	732	1
1313	1308	1
637	1115	1
756	821	1
1838	1445	1
1117	121	1
1206	826	1
222	1464	1
1009	204	1
134	1217	1
1692	114	1
83	1417	1
1041	800	1
1555	1367	1
1265	184	1
765	343	1
1913	1120	1
1067	1148	1
194	411	1
1187	849	1
574	561	1
1596	549	1
435	144	1
1343	202	1
509	1233	1
259	350	1
780	1284	1
665	546	1
8	130	1
912	39	1
262	507	1
1709	105	1
241	473	1
689	786	1
1205	20	1
1537	25	1
908	1200	1
1573	659	1
1769	362	1
286	1147	1
1826	1385	1
1780	1364	1
1819	430	1
961	853	1
692	1419	1
766	401	1
1144	1137	1
1262	680	1
547	122	1
115	1499	1
126	1174	1
1521	264	1
1164	145	1
53	1178	1
464	906	1
454	1203	1
307	691	1
960	838	1
1292	1143	1
1436	731	1
372	509	1
1292	1294	1
1123	949	1
108	320	1
1990	1433	1
658	340	1
1203	1404	1
766	1301	1
1430	545	1
1883	138	1
1495	1048	1
1578	1021	1
1925	1434	1
1882	486	1
1132	351	1
1688	1261	1
1539	163	1
1578	35	1
1873	1460	1
936	762	1
738	1491	1
1200	247	1
1511	1226	1
1222	1005	1
802	40	1
976	1127	1
1073	1248	1
952	622	1
794	846	1
242	677	1
323	1186	1
182	1261	1
490	362	1
1022	820	1
1709	272	1
1475	84	1
712	1262	1
1793	1111	1
1886	1464	1
366	382	1
4	360	1
342	1480	1
1666	175	1
1627	625	1
399	1417	1
1262	296	1
1421	780	1
195	127	1
186	1250	1
37	510	1
1190	1318	1
392	314	1
341	1077	1
1968	1344	1
916	652	1
1783	1062	1
813	1266	1
1272	989	1
1553	1309	1
1159	262	1
1502	261	1
1356	1144	1
1987	1136	1
692	1127	1
829	671	1
1791	168	1
626	876	1
1619	1398	1
1370	685	1
1033	107	1
99	1184	1
1909	1329	1
390	1170	1
1741	783	1
518	270	1
1285	1302	1
1078	105	1
1011	526	1
1209	1208	1
287	1364	1
74	179	1
980	1050	1
416	336	1
125	712	1
1000	782	1
1287	756	1
638	828	1
1876	348	1
662	1184	1
500	932	1
1730	845	1
1282	639	1
620	454	1
1431	1155	1
209	1105	1
1139	685	1
620	1400	1
609	1355	1
1021	599	1
676	55	1
628	43	1
390	613	1
1090	967	1
945	1183	1
98	245	1
719	1197	1
1484	350	1
1762	1354	1
543	264	1
1792	180	1
1994	610	1
1270	576	1
1647	1195	1
1258	842	1
1942	1464	1
394	616	1
859	1200	1
1795	458	1
485	656	1
882	761	1
638	860	1
369	454	1
1769	232	1
1598	1078	1
94	276	1
59	916	1
825	1156	1
1502	531	1
397	277	1
982	1307	1
833	807	1
1889	1495	1
175	186	1
1582	1213	1
557	354	1
339	72	1
591	1340	1
789	216	1
1722	992	1
1670	646	1
1264	390	1
701	388	1
308	286	1
1605	869	1
59	668	1
714	1180	1
71	140	1
1663	941	1
1286	490	1
619	730	1
1529	913	1
1804	1040	1
1474	1077	1
73	675	1
282	1421	1
1259	209	1
1610	250	1
1681	590	1
1990	908	1
1818	615	1
1460	130	1
967	708	1
265	37	1
474	831	1
465	1498	1
1343	1253	1
1411	1177	1
204	778	1
365	131	1
70	1366	1
1391	354	1
1003	1322	1
913	329	1
912	809	1
1273	266	1
842	937	1
1768	661	1
1621	1265	1
1660	1374	1
564	1082	1
67	631	1
810	532	1
715	624	1
1310	874	1
1889	754	1
144	670	1
399	752	1
1503	1133	1
1197	57	1
1947	490	1
1484	1416	1
1976	170	1
1201	328	1
264	536	1
505	816	1
1390	1289	1
697	1031	1
242	1147	1
1644	703	1
694	1377	1
894	522	1
1250	386	1
1060	808	1
108	224	1
86	840	1
1109	387	1
670	1104	1
1373	1110	1
1295	1320	1
918	687	1
514	270	1
656	1434	1
286	610	1
1375	434	1
36	449	1
138	26	1
1001	393	1
266	696	1
1129	1141	1
713	175	1
1014	1244	1
740	54	1
292	347	1
1316	346	1
1307	951	1
540	203	1
1387	899	1
1136	1250	1
779	494	1
1623	223	1
233	175	1
663	774	1
743	1219	1
156	647	1
1646	974	1
604	1351	1
429	1184	1
1556	720	1
1616	983	1
686	1157	1
1310	273	1
403	1266	1
651	779	1
1801	605	1
988	781	1
251	1210	1
1917	315	1
1109	494	1
1342	1462	1
45	291	1
1614	957	1
133	307	1
1960	1395	1
373	299	1
931	247	1
569	1393	1
578	1055	1
1482	481	1
1835	433	1
1463	712	1
58	206	1
1456	608	1
730	1279	1
605	531	1
712	398	1
89	1070	1
1332	206	1
357	1295	1
1116	71	1
1452	892	1
560	656	1
1857	253	1
651	782	1
337	469	1
735	1127	1
837	93	1
1308	176	1
1069	1133	1
76	677	1
1288	773	1
1844	45	1
865	995	1
1979	1345	1
263	618	1
403	987	1
148	1285	1
228	171	1
1316	1234	1
1429	173	1
55	879	1
1939	347	1
982	701	1
27	1178	1
759	903	1
1859	1384	1
427	399	1
838	297	1
619	1374	1
1338	446	1
1144	620	1
107	253	1
1843	494	1
1877	483	1
685	177	1
1782	469	1
126	94	1
620	700	1
1848	487	1
213	448	1
442	654	1
68	195	1
829	1050	1
721	334	1
1559	1152	1
282	1012	1
726	469	1
1176	1317	1
1026	1169	1
1521	412	1
49	411	1
1807	663	1
876	884	1
1821	1266	1
1283	721	1
1537	941	1
1265	119	1
1065	1308	1
1590	943	1
706	952	1
9	563	1
706	208	1
246	45	1
567	277	1
388	949	1
922	1408	1
1359	22	1
1234	286	1
923	768	1
201	387	1
581	775	1
778	911	1
858	745	1
386	675	1
755	1291	1
566	30	1
1988	1317	1
631	451	1
1774	247	1
1254	151	1
166	1086	1
375	658	1
450	304	1
695	1198	1
554	344	1
489	1355	1
1810	250	1
966	1237	1
1753	1060	1
719	1178	1
1332	1079	1
1970	1074	1
262	1049	1
1535	1040	1
1717	1071	1
391	518	1
1215	478	1
1687	380	1
1848	168	1
16	843	1
504	652	1
1180	289	1
942	1069	1
1060	1317	1
368	962	1
1564	1129	1
1289	274	1
120	1296	1
1186	1109	1
1453	845	1
1264	1348	1
1884	676	1
1072	920	1
161	361	1
294	975	1
1188	1452	1
909	256	1
598	274	1
1039	1300	1
694	495	1
1389	600	1
1192	60	1
603	1044	1
252	520	1
1764	732	1
1794	1178	1
176	355	1
889	300	1
1253	4	1
1925	231	1
1447	1404	1
992	1207	1
930	1463	1
1114	726	1
657	410	1
446	1190	1
303	522	1
844	462	1
532	93	1
1068	1259	1
1179	652	1
1641	1279	1
1264	1203	1
186	1100	1
691	1069	1
763	791	1
1235	138	1
385	1294	1
799	1166	1
1460	941	1
819	1171	1
1479	759	1
1277	851	1
668	684	1
1200	242	1
1137	982	1
265	519	1
1898	407	1
878	353	1
249	42	1
101	1481	1
544	356	1
1490	184	1
901	1260	1
1446	40	1
1063	479	1
800	648	1
529	972	1
1484	171	1
875	40	1
899	781	1
1062	175	1
1566	49	1
1198	935	1
141	468	1
391	4	1
1773	303	1
888	1061	1
429	82	1
11	463	1
1686	1230	1
1920	1349	1
36	266	1
1432	997	1
778	314	1
715	530	1
876	701	1
1712	217	1
168	1217	1
1412	113	1
139	1073	1
1535	1119	1
1394	125	1
13	1435	1
262	463	1
776	1209	1
390	1491	1
1144	969	1
887	814	1
861	638	1
649	165	1
1116	636	1
1722	884	1
206	272	1
1091	636	1
35	1185	1
346	846	1
953	888	1
340	1230	1
1664	244	1
1958	1044	1
1229	318	1
214	707	1
1235	1484	1
1865	1258	1
1194	246	1
999	284	1
1013	723	1
794	886	1
1949	1256	1
372	1318	1
1048	96	1
978	358	1
1353	693	1
1590	681	1
440	333	1
1589	1033	1
1684	539	1
1158	323	1
1719	778	1
752	367	1
1157	1154	1
1461	45	1
1359	1089	1
1719	119	1
1293	981	1
1982	383	1
1816	722	1
1005	821	1
1394	503	1
1973	638	1
995	544	1
773	1000	1
421	1411	1
1236	1141	1
430	555	1
1492	343	1
1559	879	1
1020	1091	1
550	127	1
1428	1016	1
1038	178	1
1678	213	1
1264	1347	1
1095	120	1
895	415	1
1941	528	1
1880	452	1
315	773	1
150	564	1
1571	212	1
222	1297	1
1357	170	1
1581	964	1
1721	568	1
1244	520	1
486	1288	1
1151	586	1
216	166	1
1090	899	1
1119	965	1
685	109	1
1346	1330	1
968	765	1
1949	979	1
487	1420	1
1254	1072	1
468	382	1
644	71	1
931	522	1
1609	1359	1
679	228	1
334	34	1
1414	887	1
1822	1233	1
193	358	1
75	734	1
775	646	1
1428	1092	1
1134	399	1
1534	287	1
1731	833	1
1104	211	1
1568	883	1
341	1237	1
1904	193	1
1105	1033	1
1241	827	1
1878	837	1
67	558	1
1780	155	1
418	1205	1
1989	610	1
1840	1028	1
1243	920	1
1669	1454	1
186	812	1
162	93	1
505	1454	1
767	1184	1
1988	1356	1
1188	286	1
453	327	1
176	633	1
482	241	1
826	1470	1
258	1246	1
1476	1272	1
976	168	1
1998	839	1
1713	748	1
1196	1079	1
468	916	1
325	1412	1
1229	1308	1
62	267	1
1418	864	1
863	582	1
435	829	1
766	416	1
885	366	1
1334	726	1
574	435	1
325	1318	1
385	117	1
112	983	1
579	871	1
99	1447	1
924	1417	1
452	548	1
1188	1049	1
1038	587	1
251	859	1
1507	701	1
292	718	1
1032	442	1
832	1103	1
1736	14	1
1524	1174	1
1297	1330	1
563	1121	1
1262	820	1
1745	948	1
1622	130	1
838	1230	1
1051	1095	1
319	376	1
1354	314	1
470	1094	1
1314	24	1
338	187	1
795	500	1
1646	443	1
671	1204	1
32	124	1
1251	1294	1
1655	1152	1
851	175	1
762	797	1
154	1423	1
901	1256	1
82	619	1
1749	865	1
522	29	1
1112	294	1
1371	249	1
1700	418	1
1105	725	1
1856	374	1
1533	676	1
583	738	1
1812	1414	1
1165	991	1
1106	982	1
1727	1037	1
1733	416	1
388	337	1
1381	500	1
649	968	1
1416	338	1
423	1496	1
1343	1000	1
1236	411	1
835	269	1
1551	982	1
641	97	1
1037	220	1
119	901	1
1931	816	1
1916	495	1
606	1081	1
462	1310	1
1438	976	1
257	695	1
1493	323	1
471	820	1
1848	207	1
508	809	1
1168	754	1
1012	1272	1
646	1342	1
1241	324	1
115	986	1
315	231	1
567	744	1
85	1245	1
886	533	1
1393	1077	1
1302	1380	1
1302	280	1
438	681	1
1150	1330	1
119	479	1
1208	652	1
444	141	1
820	94	1
1489	707	1
116	824	1
965	1429	1
1926	488	1
181	1192	1
379	263	1
1829	1331	1
233	506	1
1562	1185	1
1023	67	1
1077	256	1
1452	1241	1
779	220	1
1691	359	1
1890	1347	1
211	1499	1
1676	1018	1
500	1309	1
1255	1349	1
633	402	1
1504	853	1
1514	431	1
1892	858	1
1026	1172	1
1216	545	1
671	674	1
29	1314	1
630	319	1
1016	1197	1
1878	1467	1
1027	1449	1
380	196	1
129	141	1
1553	1020	1
1123	1114	1
362	769	1
1738	1498	1
737	1034	1
777	849	1
1669	1394	1
929	1110	1
317	840	1
1636	1057	1
1513	427	1
1166	681	1
14	102	1
1000	2	1
1171	232	1
1461	1073	1
1055	1359	1
1102	657	1
1527	1049	1
1901	420	1
183	1067	1
1133	567	1
1620	1352	1
260	1406	1
887	88	1
1312	609	1
528	225	1
1797	954	1
1707	1449	1
1532	1113	1
1306	232	1
1862	744	1
1334	285	1
795	564	1
1925	1094	1
1876	756	1
1150	1053	1
884	1073	1
1585	838	1
1758	60	1
387	1377	1
355	984	1
1924	1039	1
1889	41	1
1610	3	1
138	1391	1
492	71	1
1344	846	1
188	967	1
1585	1465	1
1406	830	1
30	384	1
1526	1410	1
677	765	1
223	750	1
1307	986	1
1808	1010	1
1569	955	1
1280	1272	1
967	108	1
1065	881	1
1462	700	1
313	270	1
1847	1178	1
1320	385	1
442	399	1
994	222	1
1430	303	1
1574	34	1
860	1440	1
1839	55	1
719	276	1
742	18	1
403	976	1
502	1338	1
1747	1019	1
1909	244	1
296	349	1
1197	1058	1
687	1138	1
507	1004	1
1271	172	1
934	328	1
154	960	1
1301	670	1
384	651	1
1182	1335	1
539	6	1
1494	0	1
1651	482	1
324	1260	1
1342	1291	1
598	853	1
1427	251	1
18	1494	1
1420	1086	1
1595	941	1
1876	947	1
1577	1029	1
572	650	1
840	1040	1
588	844	1
1435	232	1
1943	244	1
1436	1416	1
1957	567	1
1395	618	1
1902	1336	1
813	493	1
1963	1402	1
1488	239	1
612	1050	1
249	1237	1
1759	250	1
625	732	1
1268	1268	1
1895	88	1
132	583	1
1788	1349	1
714	227	1
224	401	1
178	25	1
1705	200	1
1720	177	1
1792	1395	1
1618	825	1
1221	1204	1
73	887	1
183	1251	1
432	606	1
1107	722	1
1095	837	1
1607	530	1
906	913	1
1462	1344	1
676	1214	1
870	426	1
1737	1244	1
1673	968	1
1557	78	1
722	626	1
1752	430	1
1580	342	1
465	137	1
1891	268	1
558	1244	1
1672	841	1
951	262	1
1225	746	1
298	697	1
41	1102	1
1401	853	1
676	683	1
961	1379	1
239	262	1
850	240	1
1736	514	1
1492	373	1
1983	1322	1
232	665	1
1921	535	1
217	994	1
402	1153	1
1548	510	1
1406	727	1
1569	416	1
1183	355	1
862	1283	1
657	685	1
1942	866	1
1411	943	1
478	1448	1
1562	300	1
1746	501	1
434	1474	1
1710	196	1
1419	1204	1
1156	1268	1
1313	1070	1
556	340	1
1122	694	1
174	1091	1
288	56	1
1879	201	1
1233	1077	1
1987	465	1
669	814	1
1635	718	1
1730	1421	1
1031	387	1
1313	1274	1
1231	524	1
405	779	1
1836	1425	1
1502	497	1
1884	378	1
57	234	1
1351	1248	1
153	638	1
727	632	1
28	1217	1
1283	586	1
1073	736	1
1096	1018	1
847	1365	1
1258	1476	1
1158	1232	1
886	1431	1
155	96	1
1636	959	1
1185	276	1
1198	195	1
1916	419	1
1083	640	1
424	603	1
364	584	1
678	1095	1
699	800	1
492	423	1
334	384	1
1172	1450	1
1195	612	1
1824	1301	1
738	1404	1
659	1291	1
1911	351	1
1604	1453	1
1575	1438	1
111	454	1
1855	526	1
433	733	1
418	815	1
526	163	1
110	787	1
32	443	1
960	1377	1
1264	493	1
1044	882	1
523	1221	1
80	170	1
437	225	1
437	336	1
1125	511	1
563	450	1
1472	842	1
633	276	1
1944	108	1
272	52	1
706	587	1
525	1322	1
142	652	1
1748	1240	1
1625	211	1
1307	306	1
1918	1422	1
860	1023	1
1372	394	1
1912	939	1
1385	983	1
347	849	1
177	541	1
1514	1356	1
1333	595	1
771	986	1
554	363	1
466	246	1
8	382	1
662	933	1
113	1266	1
1725	1128	1
838	869	1
887	168	1
191	1363	1
1721	265	1
258	1289	1
1497	1427	1
783	1186	1
1969	30	1
1006	248	1
1742	141	1
278	1280	1
1738	505	1
1091	129	1
199	433	1
180	1068	1
1514	1327	1
1693	939	1
1940	1406	1
845	115	1
1655	724	1
1470	232	1
265	51	1
376	1131	1
478	611	1
1887	1335	1
1870	9	1
726	614	1
1269	417	1
13	1083	1
171	893	1
1883	644	1
137	1443	1
1164	26	1
1898	637	1
1776	457	1
174	1377	1
1928	802	1
1541	826	1
554	623	1
1915	17	1
575	54	1
1671	847	1
1260	1202	1
1221	410	1
482	395	1
49	326	1
1690	736	1
1842	931	1
1982	817	1
557	129	1
1766	815	1
1389	376	1
593	1278	1
113	656	1
1689	1163	1
1086	1264	1
1689	507	1
1980	416	1
642	288	1
553	920	1
1425	1425	1
1873	657	1
1617	758	1
1521	855	1
1253	1346	1
1007	1227	1
1524	1230	1
1673	280	1
1216	1436	1
281	799	1
181	571	1
866	1434	1
256	1404	1
360	592	1
877	123	1
1176	97	1
1764	528	1
1168	348	1
435	21	1
335	340	1
775	387	1
252	149	1
1683	96	1
1443	1490	1
1121	1093	1
1345	1045	1
1528	275	1
64	207	1
1563	147	1
1937	1077	1
849	523	1
112	1012	1
1582	362	1
999	859	1
236	167	1
1538	1060	1
491	981	1
595	1155	1
896	354	1
1843	1077	1
1487	624	1
866	33	1
1781	969	1
1244	440	1
1014	43	1
1113	1050	1
942	333	1
1204	1394	1
1723	1497	1
447	704	1
501	523	1
368	621	1
53	1336	1
599	788	1
1629	1228	1
102	181	1
500	1089	1
918	34	1
1548	450	1
1663	368	1
1995	660	1
879	904	1
1448	1202	1
1709	802	1
395	1055	1
1463	1150	1
1861	630	1
713	709	1
66	381	1
658	1234	1
1157	28	1
105	66	1
1236	1372	1
64	1467	1
412	266	1
937	388	1
1271	1329	1
764	1134	1
391	1405	1
46	972	1
211	996	1
1998	689	1
869	798	1
1022	748	1
1524	1041	1
760	1150	1
576	1169	1
303	795	1
994	255	1
1414	1284	1
896	124	1
1792	1475	1
638	99	1
1847	283	1
965	678	1
881	1462	1
1535	54	1
609	195	1
1568	674	1
422	251	1
291	1252	1
925	1057	1
368	1357	1
1001	595	1
1189	1045	1
146	971	1
587	988	1
21	1076	1
434	1121	1
1397	1473	1
1104	1262	1
466	1228	1
1676	215	1
3	538	1
273	230	1
518	1002	1
1071	24	1
1315	966	1
119	52	1
508	348	1
1608	1244	1
1466	1165	1
553	501	1
501	859	1
1859	27	1
1957	784	1
1542	1112	1
1936	1396	1
1806	936	1
452	1207	1
1317	21	1
346	914	1
1059	628	1
1251	825	1
1418	1159	1
1991	760	1
516	1242	1
1846	362	1
613	1473	1
1658	38	1
1603	1487	1
1207	761	1
1256	126	1
1410	1042	1
201	22	1
692	560	1
1457	59	1
1152	862	1
881	1302	1
1821	473	1
1747	670	1
1346	861	1
918	829	1
179	557	1
1174	1121	1
823	1091	1
515	853	1
487	748	1
1716	1492	1
899	633	1
698	1389	1
932	1313	1
395	1479	1
211	1044	1
370	938	1
1974	854	1
516	914	1
1419	1003	1
1196	1050	1
1633	1468	1
580	846	1
1917	977	1
1095	156	1
1620	1045	1
1083	354	1
50	1177	1
1370	591	1
895	1102	1
1264	1263	1
1192	1215	1
1278	560	1
1414	1089	1
499	1004	1
892	1155	1
1428	463	1
1552	333	1
1964	245	1
1279	11	1
1586	1180	1
1664	160	1
43	1412	1
939	718	1
266	44	1
848	1209	1
803	1385	1
238	817	1
1521	1070	1
1191	615	1
538	278	1
643	143	1
302	1157	1
1422	419	1
1203	1135	1
1171	1079	1
777	470	1
1387	565	1
99	352	1
745	650	1
1595	44	1
1028	898	1
144	62	1
515	640	1
1489	113	1
284	9	1
1832	663	1
1158	866	1
371	1124	1
618	68	1
1593	798	1
401	1212	1
870	342	1
1616	313	1
1725	956	1
1681	775	1
269	908	1
1514	1128	1
1244	86	1
2	1052	1
437	1177	1
1727	1423	1
108	1167	1
445	258	1
432	38	1
599	817	1
1240	931	1
185	44	1
190	647	1
955	268	1
1482	557	1
1997	1231	1
1405	1491	1
393	1097	1
1920	986	1
1909	1029	1
1421	817	1
1567	538	1
1592	842	1
717	554	1
880	647	1
725	1016	1
756	1166	1
1836	1371	1
464	320	1
354	958	1
1503	1029	1
1810	1145	1
250	909	1
496	521	1
1107	655	1
109	731	1
1036	650	1
348	1006	1
305	846	1
1402	1431	1
1481	1427	1
823	349	1
312	166	1
421	494	1
156	192	1
1468	675	1
1038	45	1
739	1071	1
1342	846	1
1043	197	1
54	950	1
1466	965	1
905	684	1
273	199	1
42	89	1
1794	1440	1
279	467	1
876	215	1
323	1147	1
233	1197	1
1325	550	1
738	1121	1
261	334	1
1744	1370	1
49	888	1
663	811	1
1097	51	1
1186	1314	1
967	626	1
704	1264	1
1181	242	1
1270	191	1
192	752	1
1065	85	1
1405	716	1
1046	1452	1
1505	59	1
353	941	1
1825	100	1
295	931	1
292	1248	1
844	391	1
275	253	1
1064	709	1
677	1007	1
732	1067	1
50	928	1
241	64	1
160	349	1
479	576	1
977	1136	1
760	181	1
1108	1257	1
138	838	1
1410	1459	1
873	710	1
1986	533	1
94	1382	1
624	634	1
663	352	1
949	61	1
1115	235	1
1279	477	1
344	544	1
1602	1106	1
1222	356	1
1022	697	1
448	1385	1
1166	955	1
1854	329	1
1556	985	1
1209	393	1
111	1437	1
358	298	1
1579	719	1
1280	781	1
1203	1089	1
1086	725	1
436	1480	1
1981	919	1
409	46	1
1173	1416	1
1258	322	1
1058	1207	1
1375	1413	1
199	561	1
60	484	1
71	970	1
38	1274	1
750	587	1
381	1365	1
785	4	1
774	914	1
1239	1184	1
230	55	1
1353	1464	1
1991	225	1
1310	110	1
714	34	1
1280	128	1
264	356	1
759	343	1
145	799	1
1596	1144	1
1813	1097	1
217	848	1
1595	354	1
264	381	1
116	29	1
1946	1272	1
669	241	1
1061	1338	1
389	969	1
575	285	1
606	199	1
1768	885	1
132	556	1
1683	913	1
1017	1344	1
442	539	1
176	1117	1
188	1261	1
1659	420	1
1251	972	1
1869	306	1
1936	1400	1
1084	1224	1
1961	1295	1
958	540	1
942	687	1
231	968	1
1770	1487	1
263	793	1
958	1024	1
1594	1071	1
1933	432	1
1171	575	1
769	1382	1
733	1441	1
1395	1239	1
605	1133	1
404	592	1
708	760	1
1483	456	1
1571	862	1
1726	1402	1
268	1148	1
244	80	1
1425	75	1
1525	1255	1
1975	1036	1
427	1009	1
1198	741	1
856	1377	1
757	738	1
1304	354	1
742	378	1
1091	191	1
1877	936	1
436	1038	1
95	777	1
343	1209	1
297	1354	1
1381	977	1
1568	1076	1
1598	1041	1
304	503	1
1850	1075	1
723	656	1
1585	239	1
1491	12	1
1008	601	1
405	1301	1
126	903	1
1574	602	1
228	1204	1
556	1025	1
245	1194	1
1723	79	1
1465	152	1
1593	841	1
1442	1366	1
771	653	1
180	541	1
508	275	1
1095	959	1
1448	261	1
336	1320	1
1803	592	1
661	1167	1
813	53	1
351	1340	1
112	833	1
654	1134	1
1922	1332	1
1398	834	1
1128	583	1
1366	1047	1
1818	48	1
681	755	1
564	138	1
1778	889	1
1226	1467	1
673	29	1
782	1470	1
627	1391	1
1691	1050	1
1235	51	1
1934	1369	1
678	673	1
1848	186	1
837	1350	1
1952	13	1
1552	1290	1
62	1305	1
1763	1020	1
1378	251	1
1513	736	1
265	1234	1
1778	377	1
1438	1416	1
1396	235	1
1768	163	1
695	1412	1
188	810	1
301	1428	1
1821	24	1
444	1171	1
1984	1267	1
990	82	1
1946	536	1
156	880	1
157	1048	1
671	1222	1
1665	4	1
401	181	1
1790	147	1
764	553	1
39	807	1
1633	1234	1
180	173	1
703	575	1
912	1176	1
1008	852	1
1606	539	1
377	251	1
1065	1196	1
1104	1301	1
1304	842	1
1847	1109	1
166	1485	1
449	1341	1
855	697	1
394	1363	1
344	1023	1
149	509	1
1000	140	1
1208	292	1
289	929	1
367	1393	1
1671	402	1
1488	1209	1
1494	685	1
13	753	1
1386	228	1
608	374	1
1294	805	1
1823	210	1
148	1497	1
1174	556	1
508	161	1
1795	176	1
974	1363	1
619	509	1
1734	226	1
1461	850	1
1082	1265	1
194	31	1
1786	293	1
939	1160	1
259	1493	1
1115	403	1
16	311	1
934	1495	1
1222	1268	1
1321	943	1
1334	1348	1
1654	362	1
391	909	1
484	228	1
76	14	1
1468	121	1
672	1181	1
1855	35	1
335	1150	1
1259	985	1
458	70	1
1072	75	1
1579	58	1
960	115	1
1410	85	1
814	1447	1
1423	1319	1
591	901	1
414	1357	1
1772	1036	1
1042	500	1
1533	878	1
739	1060	1
246	92	1
1822	139	1
1634	181	1
291	133	1
399	641	1
22	1481	1
1125	548	1
164	284	1
583	912	1
718	25	1
517	596	1
559	1115	1
1622	691	1
764	313	1
386	584	1
1332	505	1
1508	430	1
1080	278	1
1506	1381	1
1989	759	1
1936	1008	1
47	843	1
1079	559	1
1106	1171	1
1672	101	1
1223	334	1
1508	903	1
1470	1445	1
142	68	1
128	1433	1
704	626	1
1611	674	1
198	1462	1
1325	581	1
1721	1131	1
1540	988	1
1265	261	1
1504	784	1
1930	1196	1
1032	775	1
1197	1111	1
1530	328	1
1643	385	1
1187	1385	1
970	1109	1
876	494	1
1837	499	1
99	1043	1
659	1404	1
516	1084	1
709	1454	1
797	830	1
1503	1178	1
55	946	1
616	651	1
363	298	1
1647	295	1
1152	837	1
1245	180	1
881	137	1
107	443	1
9	157	1
619	582	1
1244	326	1
1777	1454	1
1414	354	1
1737	683	1
1554	723	1
593	377	1
1359	69	1
1587	1263	1
410	479	1
1725	255	1
1229	993	1
584	1464	1
1030	1291	1
961	1017	1
1021	386	1
1421	1460	1
870	1053	1
930	1237	1
724	1336	1
1008	549	1
92	1415	1
1004	186	1
1328	259	1
1294	938	1
1644	1068	1
997	364	1
1286	1091	1
788	522	1
507	666	1
382	617	1
1089	405	1
230	491	1
479	623	1
1024	1239	1
955	1090	1
759	1430	1
1311	956	1
941	1208	1
1874	594	1
1204	856	1
223	381	1
400	143	1
331	1177	1
1274	1191	1
1892	5	1
1376	1406	1
1634	381	1
957	812	1
1001	265	1
1150	56	1
1911	1148	1
1000	1125	1
433	433	1
85	869	1
1192	1125	1
283	26	1
872	492	1
668	1057	1
706	925	1
196	471	1
1557	633	1
1258	572	1
1002	283	1
1710	56	1
623	855	1
559	320	1
617	291	1
1527	1282	1
536	598	1
147	159	1
1137	699	1
864	884	1
407	369	1
469	913	1
1385	64	1
1972	838	1
1618	1055	1
933	1398	1
1131	704	1
77	777	1
1524	837	1
720	1164	1
489	613	1
1658	251	1
442	363	1
1801	1223	1
1175	210	1
874	423	1
1704	349	1
1470	482	1
755	1097	1
353	1121	1
1802	1314	1
1136	875	1
756	1133	1
1423	602	1
1388	972	1
1252	1108	1
1161	437	1
1018	1132	1
685	492	1
1962	703	1
456	100	1
63	479	1
1894	451	1
1729	463	1
14	164	1
1588	1256	1
1213	1397	1
929	381	1
1754	976	1
767	1059	1
1430	1443	1
1543	980	1
257	183	1
687	171	1
374	1430	1
281	1237	1
913	1393	1
597	1295	1
1023	632	1
713	470	1
792	169	1
738	1024	1
1363	1309	1
1780	747	1
585	1304	1
912	142	1
1759	36	1
711	1458	1
1664	39	1
1715	1415	1
55	608	1
1335	756	1
239	92	1
1791	199	1
779	76	1
1009	84	1
1726	721	1
1610	14	1
977	882	1
1951	412	1
1030	1165	1
1060	1498	1
1832	877	1
1000	696	1
1415	681	1
1186	1123	1
443	1168	1
432	1371	1
1900	1245	1
1810	753	1
1435	226	1
561	1190	1
62	99	1
1071	433	1
298	1483	1
343	909	1
1344	307	1
1528	304	1
1756	1044	1
509	832	1
1105	140	1
1192	1269	1
1939	1024	1
1224	307	1
451	1109	1
258	446	1
549	1225	1
122	628	1
874	603	1
210	842	1
1793	169	1
182	1095	1
1998	1200	1
359	501	1
883	698	1
1285	334	1
168	267	1
1623	1037	1
1612	456	1
324	246	1
1259	1014	1
920	906	1
576	1481	1
117	698	1
1598	1393	1
198	1471	1
199	1331	1
1495	1181	1
511	1284	1
1733	1220	1
539	942	1
724	935	1
276	938	1
1294	993	1
72	1469	1
1497	471	1
1914	1328	1
1319	765	1
1162	757	1
1068	884	1
1176	61	1
424	922	1
1548	20	1
1097	1349	1
1428	1004	1
1364	386	1
266	1269	1
1450	957	1
913	490	1
141	1289	1
421	1305	1
1830	195	1
0	294	1
874	51	1
1636	105	1
59	1094	1
1024	1424	1
637	492	1
1138	216	1
749	1354	1
657	445	1
957	799	1
1885	376	1
726	1	1
1964	983	1
3	335	1
1630	1377	1
1383	1128	1
1316	577	1
728	1172	1
786	197	1
1081	1203	1
1698	492	1
1042	786	1
478	778	1
391	1456	1
416	694	1
176	530	1
994	290	1
79	266	1
11	1330	1
954	261	1
1236	547	1
274	566	1
413	1348	1
1432	996	1
382	143	1
110	625	1
1025	375	1
1832	341	1
1266	701	1
1238	1324	1
1750	366	1
966	121	1
77	658	1
518	227	1
1973	1	1
1927	263	1
1038	439	1
1100	1101	1
1084	1123	1
1410	578	1
1096	1016	1
76	422	1
1405	1122	1
672	1280	1
613	1456	1
304	98	1
285	1391	1
1466	589	1
158	179	1
1219	1035	1
1280	942	1
1580	602	1
893	527	1
177	322	1
166	738	1
1750	1142	1
1118	273	1
337	1027	1
303	338	1
1317	631	1
1807	513	1
716	264	1
585	1165	1
1618	3	1
1133	508	1
357	327	1
774	196	1
1221	666	1
1890	1012	1
533	1032	1
65	388	1
1317	13	1
1934	1195	1
577	1498	1
1687	46	1
1956	152	1
617	992	1
1519	362	1
732	891	1
621	1499	1
879	117	1
430	392	1
1196	809	1
668	317	1
1971	893	1
1105	874	1
300	517	1
1518	1049	1
1382	784	1
917	289	1
1396	1082	1
1210	841	1
1067	501	1
1844	304	1
673	339	1
790	606	1
413	69	1
121	18	1
1143	1330	1
1348	1342	1
1681	203	1
1035	1315	1
37	12	1
775	1204	1
11	192	1
1261	394	1
1198	929	1
963	770	1
145	1196	1
1166	308	1
116	1292	1
1120	1224	1
73	220	1
257	513	1
1307	1478	1
872	779	1
427	1060	1
892	727	1
27	397	1
488	1220	1
1621	339	1
1586	358	1
1859	627	1
1063	850	1
506	635	1
1843	688	1
256	1020	1
589	1198	1
1226	615	1
1450	1089	1
1793	256	1
561	1374	1
1201	552	1
1921	648	1
966	56	1
270	667	1
1868	184	1
1341	939	1
420	1228	1
1135	964	1
189	366	1
1430	309	1
662	1438	1
1204	1133	1
592	730	1
654	440	1
825	609	1
1955	46	1
588	1150	1
1537	1202	1
1201	1194	1
180	1198	1
427	641	1
700	100	1
209	1024	1
371	571	1
1177	1240	1
403	449	1
1158	1423	1
1135	1012	1
656	661	1
1731	1052	1
1868	743	1
1322	497	1
1199	1221	1
114	806	1
602	1330	1
53	451	1
1480	778	1
1732	979	1
1382	899	1
994	1209	1
342	1427	1
130	1380	1
1387	1086	1
1558	238	1
740	560	1
1556	714	1
1916	266	1
82	54	1
72	156	1
1229	402	1
1785	1459	1
1390	1473	1
1600	558	1
24	358	1
480	1166	1
157	1218	1
558	626	1
666	801	1
1421	1369	1
240	224	1
1027	1102	1
320	939	1
1530	236	1
463	74	1
924	47	1
110	869	1
22	77	1
106	598	1
578	645	1
365	603	1
1390	783	1
1298	388	1
24	1020	1
876	1376	1
627	55	1
1706	32	1
1086	75	1
1532	1483	1
733	1460	1
1058	699	1
1655	655	1
1605	1259	1
486	497	1
422	1120	1
1411	891	1
670	135	1
374	1317	1
1800	1438	1
1848	543	1
1427	69	1
1132	861	1
1507	163	1
1536	1411	1
1001	1194	1
42	408	1
1074	19	1
1150	1272	1
1993	823	1
1956	1339	1
364	556	1
32	404	1
1672	1388	1
11	1149	1
1433	215	1
273	1113	1
1275	821	1
529	332	1
1947	1384	1
786	712	1
1965	59	1
121	1452	1
1506	1233	1
1619	41	1
1329	659	1
955	535	1
1638	71	1
1491	964	1
1938	1100	1
247	1027	1
655	1359	1
239	930	1
1392	1422	1
324	590	1
527	605	1
545	1118	1
1931	971	1
1798	1347	1
472	831	1
1292	502	1
790	1396	1
672	839	1
544	1111	1
1248	645	1
898	895	1
1750	772	1
681	149	1
1019	1346	1
97	131	1
1812	362	1
1651	1144	1
500	1096	1
1658	925	1
1961	496	1
980	740	1
723	375	1
86	657	1
1808	1036	1
960	1067	1
1687	93	1
1703	975	1
289	84	1
1201	1289	1
366	303	1
1958	998	1
726	326	1
89	1099	1
343	1309	1
875	757	1
15	1491	1
1072	83	1
703	479	1
11	1391	1
167	460	1
1173	109	1
1841	309	1
1519	1405	1
1509	725	1
219	128	1
671	1024	1
736	773	1
1749	650	1
1374	265	1
1028	66	1
54	524	1
348	1393	1
1399	879	1
1222	216	1
1799	1375	1
952	925	1
848	887	1
705	42	1
1191	171	1
417	100	1
493	1029	1
135	39	1
1735	1153	1
1678	921	1
964	706	1
1407	1046	1
611	945	1
1861	427	1
1789	354	1
940	1354	1
1887	794	1
1681	825	1
443	848	1
1860	1162	1
384	915	1
1854	1412	1
1556	1452	1
1273	1394	1
367	808	1
1133	641	1
71	18	1
1611	598	1
1499	822	1
1966	1304	1
1553	490	1
1364	1170	1
1826	974	1
1246	1308	1
1605	1067	1
593	406	1
803	298	1
1554	1352	1
640	1490	1
1418	865	1
1511	1105	1
1722	1242	1
1874	1155	1
1135	1090	1
460	718	1
1364	624	1
462	1458	1
1680	712	1
1989	888	1
851	1069	1
44	1326	1
328	1204	1
1882	1026	1
1643	1261	1
1725	308	1
592	825	1
300	272	1
485	490	1
1384	575	1
911	955	1
1736	1043	1
1472	8	1
1337	1029	1
1509	710	1
512	135	1
187	68	1
314	532	1
1165	966	1
498	1321	1
1801	1123	1
550	1490	1
1007	1491	1
1185	1050	1
1769	1474	1
1289	386	1
306	169	1
730	322	1
923	51	1
1530	855	1
668	305	1
204	1382	1
951	1278	1
1539	1123	1
308	568	1
1461	935	1
977	973	1
1602	125	1
363	510	1
1294	54	1
74	1118	1
784	785	1
401	130	1
1472	113	1
1797	1355	1
320	585	1
1228	12	1
971	1432	1
562	1365	1
1853	738	1
1058	370	1
798	1309	1
1607	375	1
1309	281	1
1854	844	1
1964	931	1
125	1395	1
56	938	1
462	1443	1
590	361	1
1164	27	1
201	725	1
1338	299	1
1905	1326	1
1233	1298	1
104	922	1
208	1390	1
1784	305	1
398	924	1
1745	1445	1
548	1424	1
983	86	1
1386	1402	1
1028	1347	1
1596	257	1
102	120	1
356	616	1
827	670	1
1226	307	1
780	492	1
917	608	1
1742	1196	1
501	534	1
1642	883	1
698	1033	1
425	340	1
926	7	1
422	458	1
186	564	1
1978	116	1
1631	811	1
839	374	1
1998	1485	1
887	791	1
1821	798	1
1103	236	1
1176	1179	1
985	298	1
193	1217	1
664	1009	1
1455	125	1
456	20	1
1087	143	1
525	824	1
737	555	1
1198	695	1
1314	1207	1
1891	1123	1
815	167	1
769	1338	1
1012	808	1
1837	989	1
455	555	1
1217	67	1
925	599	1
931	684	1
511	352	1
1141	1037	1
767	80	1
209	720	1
966	828	1
1023	978	1
397	631	1
1951	1024	1
247	1177	1
307	1037	1
1493	579	1
1619	734	1
1973	1195	1
1918	702	1
268	1099	1
857	774	1
1064	269	1
1922	572	1
1203	1489	1
1816	526	1
565	1033	1
1435	1228	1
732	903	1
61	1079	1
586	20	1
959	983	1
935	1175	1
1169	1159	1
1784	136	1
920	1375	1
1756	328	1
809	232	1
1114	375	1
1948	1013	1
255	658	1
1395	1162	1
1269	514	1
1242	778	1
152	1319	1
1010	687	1
755	975	1
366	981	1
1262	1270	1
585	979	1
1780	1428	1
459	473	1
749	760	1
237	931	1
1776	758	1
1058	1265	1
1199	1493	1
1749	758	1
168	735	1
1940	373	1
1893	591	1
1323	601	1
1541	963	1
838	1103	1
1535	1481	1
1082	786	1
358	1195	1
851	1297	1
1941	10	1
1885	131	1
57	42	1
1746	1105	1
1979	172	1
1910	1069	1
1547	307	1
1914	562	1
108	918	1
730	414	1
1656	109	1
618	1043	1
810	897	1
373	1034	1
1045	291	1
1570	1298	1
593	1213	1
441	738	1
1431	284	1
259	261	1
1884	1253	1
41	1178	1
1757	546	1
1529	950	1
1580	846	1
607	125	1
139	495	1
226	1220	1
322	397	1
1569	857	1
1853	1284	1
1618	1092	1
209	898	1
902	902	1
1144	381	1
926	173	1
878	520	1
1773	711	1
1526	1105	1
1887	309	1
956	1365	1
1004	799	1
1968	1089	1
446	623	1
167	207	1
949	1164	1
1850	1014	1
742	617	1
1622	802	1
371	920	1
550	1245	1
812	1213	1
1496	1137	1
1519	764	1
1016	96	1
1310	1413	1
1992	984	1
691	904	1
1851	546	1
1940	675	1
464	366	1
265	847	1
490	1375	1
1532	23	1
1860	1259	1
181	394	1
1767	789	1
1782	1429	1
1528	1157	1
358	680	1
548	438	1
1889	403	1
1879	1110	1
1456	657	1
462	932	1
1735	964	1
409	512	1
810	1135	1
564	1175	1
1679	517	1
500	1429	1
1355	1297	1
157	933	1
553	103	1
32	796	1
1213	136	1
941	744	1
1933	81	1
197	777	1
1707	1313	1
1302	1459	1
25	789	1
330	1014	1
697	570	1
1913	804	1
66	742	1
1913	1369	1
255	882	1
1824	946	1
1969	950	1
628	1221	1
1449	1212	1
1350	1460	1
241	837	1
223	1281	1
871	886	1
803	591	1
1712	1360	1
1397	764	1
584	1449	1
1583	322	1
1221	118	1
1144	532	1
1368	1331	1
1535	1097	1
918	1109	1
441	426	1
1080	241	1
342	192	1
178	1092	1
667	414	1
1722	999	1
181	845	1
672	1368	1
1179	1393	1
311	1354	1
1032	466	1
705	1449	1
60	948	1
298	1323	1
1594	745	1
106	640	1
799	185	1
1850	683	1
899	61	1
1508	1465	1
692	946	1
364	422	1
457	1101	1
893	172	1
384	346	1
1175	28	1
1968	1150	1
995	231	1
718	1108	1
375	235	1
864	470	1
762	1087	1
851	69	1
2	39	1
196	508	1
1775	1089	1
1865	529	1
322	1311	1
131	224	1
1070	1330	1
1109	396	1
991	1303	1
4	118	1
1067	1250	1
779	72	1
1999	859	1
1131	53	1
235	783	1
62	371	1
771	1421	1
1728	633	1
1915	458	1
1223	589	1
869	408	1
1953	322	1
604	23	1
1997	1250	1
1920	578	1
1718	8	1
1075	403	1
1426	1435	1
644	1087	1
863	223	1
110	209	1
463	1216	1
1146	300	1
1712	238	1
1729	460	1
901	827	1
492	427	1
753	1337	1
903	792	1
635	400	1
1199	506	1
579	887	1
938	1411	1
1312	597	1
347	1294	1
670	1243	1
1109	517	1
624	639	1
756	551	1
1079	719	1
1956	208	1
1551	358	1
1386	76	1
863	1323	1
1341	1079	1
1128	493	1
1775	345	1
1152	1098	1
1787	920	1
697	1091	1
1998	794	1
815	500	1
1111	832	1
196	1457	1
1289	289	1
1550	4	1
1392	1253	1
1045	944	1
1751	865	1
1612	785	1
67	211	1
1572	958	1
1483	1493	1
274	905	1
1	928	1
1515	1069	1
1861	1437	1
248	785	1
907	392	1
566	414	1
1599	999	1
1319	783	1
430	1085	1
1061	1401	1
1218	138	1
1074	797	1
24	1002	1
795	1380	1
316	1379	1
472	657	1
1618	809	1
1352	1114	1
1841	131	1
1479	771	1
1325	1418	1
634	1195	1
1251	282	1
121	391	1
180	463	1
1452	686	1
1354	1223	1
138	781	1
1241	1174	1
447	155	1
1757	456	1
376	443	1
844	359	1
296	940	1
1982	576	1
322	1194	1
82	561	1
1405	801	1
473	390	1
1610	298	1
957	1179	1
596	970	1
860	1093	1
1225	1033	1
309	1141	1
749	211	1
1003	1102	1
1898	1120	1
1480	1298	1
1584	676	1
1054	1473	1
431	385	1
1283	1315	1
57	1021	1
1783	819	1
1652	1147	1
452	272	1
1016	505	1
1167	323	1
1914	1239	1
821	223	1
1817	374	1
275	168	1
230	1120	1
1243	708	1
278	1434	1
313	289	1
523	38	1
526	1236	1
1937	1267	1
1031	1069	1
1070	413	1
1167	944	1
1581	108	1
1340	461	1
182	695	1
1325	1376	1
945	465	1
1215	1256	1
1115	699	1
606	834	1
203	577	1
6	263	1
1819	910	1
433	736	1
976	1025	1
1922	382	1
1187	1229	1
175	346	1
495	831	1
1847	848	1
1426	911	1
1127	1341	1
347	332	1
553	314	1
667	1436	1
789	1367	1
1036	984	1
1245	1323	1
1728	1314	1
846	988	1
388	1111	1
619	1114	1
1027	1297	1
538	691	1
1123	1275	1
1739	1372	1
1730	1007	1
308	1474	1
1704	688	1
803	843	1
1807	63	1
471	239	1
1078	1179	1
1686	250	1
1285	203	1
629	681	1
686	1175	1
1456	590	1
708	1202	1
1603	316	1
525	630	1
843	1056	1
25	934	1
1415	849	1
1060	390	1
1559	1219	1
1831	1407	1
111	545	1
452	191	1
188	717	1
130	814	1
1205	611	1
472	754	1
1441	899	1
119	827	1
1752	446	1
426	885	1
1651	1078	1
1344	968	1
188	923	1
665	895	1
515	1349	1
1381	915	1
985	1416	1
624	1048	1
193	1492	1
824	701	1
1894	1029	1
1807	991	1
883	154	1
40	715	1
653	33	1
1898	949	1
124	1203	1
229	1271	1
1542	1313	1
1185	476	1
499	1286	1
133	1282	1
1191	335	1
605	1484	1
1402	236	1
1272	128	1
1053	1363	1
964	953	1
1965	636	1
913	1190	1
1990	724	1
670	709	1
163	452	1
1141	220	1
78	729	1
143	607	1
777	1467	1
1164	614	1
1858	743	1
1428	636	1
1902	1048	1
1453	396	1
0	585	1
384	1184	1
1125	1145	1
1027	358	1
1372	918	1
690	377	1
801	1438	1
1368	558	1
1712	125	1
1751	120	1
1986	1114	1
696	550	1
1186	241	1
429	1176	1
1773	1320	1
648	653	1
723	478	1
1112	1076	1
1840	1203	1
360	68	1
1796	436	1
162	1320	1
822	1480	1
29	631	1
1634	611	1
535	775	1
1201	1157	1
589	725	1
313	742	1
1452	702	1
835	302	1
1547	658	1
1517	972	1
1433	988	1
13	341	1
1448	316	1
878	1418	1
830	1421	1
34	1384	1
641	1166	1
1954	59	1
368	1124	1
1334	609	1
212	1193	1
724	898	1
1398	1478	1
347	680	1
313	1374	1
156	785	1
844	755	1
1657	1321	1
1736	865	1
1883	1146	1
363	816	1
1546	1307	1
53	180	1
586	1426	1
1714	90	1
1508	591	1
1221	127	1
1018	866	1
263	1428	1
1766	426	1
1123	885	1
140	672	1
300	1479	1
691	24	1
1771	546	1
1923	788	1
1062	285	1
56	906	1
1628	1105	1
1700	846	1
1237	1012	1
38	646	1
1849	54	1
331	929	1
465	484	1
1720	89	1
523	1023	1
1885	933	1
662	530	1
1547	1341	1
1824	1272	1
1978	1027	1
494	1288	1
1520	1324	1
1441	895	1
579	663	1
1839	1418	1
1002	1291	1
133	125	1
1625	1465	1
619	606	1
153	189	1
860	1222	1
492	1312	1
1922	792	1
18	849	1
1595	1364	1
1258	118	1
175	555	1
398	917	1
830	311	1
1636	1028	1
1122	692	1
1757	1384	1
930	304	1
1287	743	1
1220	982	1
814	551	1
1263	509	1
779	1305	1
1825	1493	1
1575	425	1
489	465	1
791	1137	1
1161	844	1
1874	248	1
1560	858	1
1298	400	1
1933	608	1
99	45	1
1897	852	1
960	1226	1
1808	590	1
833	1152	1
1293	1297	1
1166	674	1
1025	854	1
362	857	1
591	846	1
1351	4	1
816	1426	1
1412	962	1
1510	980	1
162	849	1
1268	303	1
149	460	1
1820	230	1
406	688	1
1249	122	1
624	1014	1
1746	35	1
755	278	1
13	898	1
363	187	1
1104	1028	1
1150	272	1
555	493	1
298	427	1
386	730	1
1688	552	1
6	801	1
841	1429	1
1293	950	1
113	956	1
1153	546	1
634	1200	1
55	84	1
1551	161	1
415	345	1
260	497	1
1067	858	1
819	219	1
127	189	1
1398	381	1
188	240	1
1998	1403	1
1668	628	1
1923	522	1
91	908	1
688	797	1
206	1421	1
1221	1015	1
816	961	1
1793	212	1
1717	1061	1
1927	772	1
1443	361	1
1540	555	1
118	655	1
171	1163	1
1208	926	1
1901	772	1
116	72	1
1354	1327	1
1643	575	1
1477	412	1
1732	662	1
1316	303	1
1447	1348	1
1637	855	1
993	1125	1
1363	755	1
446	608	1
766	606	1
976	1133	1
954	16	1
451	1352	1
1677	821	1
1149	708	1
1326	80	1
367	235	1
197	124	1
1124	60	1
1323	572	1
1395	125	1
619	695	1
1583	1436	1
299	676	1
1243	1054	1
1738	1473	1
1885	1100	1
741	800	1
453	969	1
1424	1119	1
1844	890	1
729	902	1
1845	740	1
1736	213	1
1402	1250	1
1004	293	1
555	868	1
270	531	1
704	386	1
1956	659	1
172	663	1
1972	538	1
1309	783	1
1185	1193	1
628	817	1
87	23	1
196	143	1
862	1126	1
1793	955	1
730	66	1
746	385	1
1327	146	1
453	1186	1
87	673	1
1118	1031	1
1680	319	1
418	819	1
160	927	1
1230	1239	1
1625	60	1
379	988	1
1564	164	1
937	1295	1
883	702	1
1326	1438	1
1787	1434	1
1947	292	1
196	636	1
920	790	1
44	150	1
473	332	1
387	571	1
1004	807	1
1970	725	1
1451	358	1
734	293	1
1505	644	1
1703	697	1
523	1102	1
814	174	1
1598	514	1
1579	81	1
370	453	1
764	362	1
175	444	1
1046	233	1
1341	207	1
898	463	1
1626	678	1
1811	307	1
227	245	1
1866	130	1
131	261	1
1465	1195	1
754	696	1
1750	65	1
866	1273	1
1538	1142	1
38	1159	1
1093	408	1
464	335	1
827	825	1
1084	1040	1
1762	83	1
548	1192	1
52	221	1
1373	1141	1
1630	67	1
1346	889	1
1193	1362	1
1730	502	1
1141	1160	1
1594	1282	1
1051	1034	1
177	1022	1
1948	975	1
15	51	1
1389	1322	1
321	1257	1
182	442	1
1887	1198	1
1097	1013	1
6	1049	1
1383	262	1
379	242	1
1053	108	1
622	817	1
996	1082	1
373	1041	1
1201	1318	1
927	231	1
1719	724	1
347	502	1
632	753	1
1731	1367	1
1731	429	1
1192	1175	1
1516	112	1
701	550	1
1336	809	1
1447	592	1
1628	885	1
321	418	1
143	772	1
237	565	1
1439	218	1
175	1143	1
1120	449	1
210	876	1
1102	1249	1
1252	187	1
1586	303	1
830	970	1
1647	1316	1
732	817	1
512	591	1
103	517	1
274	522	1
1274	246	1
1106	327	1
312	496	1
1702	1331	1
1271	1379	1
1240	1151	1
659	264	1
267	1436	1
510	112	1
35	124	1
563	152	1
1910	1485	1
622	775	1
1700	367	1
478	782	1
494	481	1
981	1277	1
239	723	1
202	735	1
1805	1028	1
1887	1049	1
932	1445	1
928	1082	1
753	895	1
1076	1442	1
1556	716	1
17	948	1
428	73	1
1976	745	1
56	131	1
481	3	1
861	1363	1
352	1199	1
106	723	1
1096	647	1
134	1184	1
1891	1284	1
1290	170	1
1024	735	1
1783	63	1
169	905	1
1490	228	1
143	775	1
466	491	1
567	102	1
1490	210	1
771	727	1
196	772	1
526	666	1
1042	1278	1
1223	1431	1
97	885	1
635	1037	1
1123	748	1
1732	1351	1
1173	902	1
768	959	1
834	332	1
1206	509	1
606	1090	1
527	408	1
1033	882	1
1020	470	1
749	361	1
904	988	1
1224	269	1
549	931	1
270	990	1
1746	467	1
570	1391	1
1609	679	1
426	758	1
374	776	1
287	1341	1
1789	431	1
1597	656	1
1368	1248	1
1822	500	1
1793	32	1
1648	990	1
1847	1330	1
1781	31	1
1746	1490	1
599	652	1
1328	183	1
135	645	1
586	276	1
1427	896	1
1945	485	1
818	1103	1
1565	143	1
245	707	1
950	105	1
1768	191	1
989	1330	1
761	361	1
1179	905	1
60	766	1
832	138	1
316	1477	1
1962	402	1
1492	922	1
795	1318	1
1517	887	1
1755	1448	1
7	678	1
2	1247	1
659	1253	1
1678	668	1
597	771	1
373	963	1
612	117	1
655	809	1
1177	965	1
1102	1282	1
1383	1089	1
1767	953	1
1809	1054	1
279	15	1
275	1463	1
1409	773	1
762	1472	1
205	978	1
1355	403	1
1450	138	1
1307	566	1
693	1425	1
517	583	1
471	294	1
1452	608	1
307	674	1
135	834	1
274	1014	1
528	385	1
812	1074	1
1025	1284	1
1517	415	1
661	1102	1
1718	910	1
743	125	1
213	1179	1
1239	283	1
1927	1379	1
1355	1149	1
1790	228	1
1011	1496	1
1253	512	1
1604	544	1
1084	608	1
606	1305	1
410	145	1
1813	196	1
1290	1199	1
1767	636	1
902	1073	1
1952	1414	1
1686	177	1
565	1404	1
951	479	1
1699	294	1
1467	803	1
1809	891	1
113	221	1
1354	769	1
437	365	1
1239	442	1
168	1096	1
268	775	1
1435	880	1
1431	1485	1
649	837	1
155	475	1
379	1305	1
1354	1389	1
413	896	1
1140	1340	1
1451	440	1
261	1002	1
1182	1298	1
1610	772	1
114	1041	1
1080	491	1
1791	239	1
1567	544	1
653	619	1
1918	1137	1
1800	916	1
627	265	1
137	189	1
544	161	1
639	814	1
208	264	1
1384	999	1
132	851	1
1669	432	1
1966	281	1
705	870	1
1464	2	1
1810	441	1
77	46	1
1782	175	1
193	1017	1
203	53	1
1378	1107	1
1519	266	1
24	1468	1
582	1456	1
593	755	1
1590	446	1
1169	951	1
18	84	1
575	511	1
1533	312	1
523	917	1
411	1480	1
1102	794	1
502	1356	1
1131	97	1
1250	997	1
197	748	1
269	1193	1
747	947	1
3	1057	1
1928	855	1
809	575	1
1758	1269	1
247	1018	1
181	990	1
706	351	1
540	328	1
706	908	1
85	381	1
1275	1067	1
1554	1295	1
687	556	1
1460	341	1
1837	1037	1
1391	1473	1
1121	708	1
534	795	1
305	356	1
1724	355	1
1774	53	1
1858	1371	1
157	175	1
821	1166	1
1527	535	1
144	432	1
775	1352	1
608	722	1
797	813	1
1310	461	1
243	268	1
1320	151	1
632	225	1
1008	166	1
579	1458	1
1272	1163	1
1899	308	1
1906	482	1
590	870	1
1396	837	1
1905	1475	1
665	481	1
1078	265	1
461	81	1
110	1147	1
783	1478	1
439	406	1
842	1486	1
1517	1075	1
561	1230	1
1852	715	1
431	276	1
864	465	1
1648	312	1
1487	453	1
929	498	1
578	485	1
1056	119	1
750	938	1
876	819	1
1743	581	1
1929	273	1
1496	551	1
792	909	1
632	1210	1
1540	1190	1
878	115	1
1681	464	1
1008	1192	1
568	612	1
1692	873	1
1650	18	1
453	1192	1
1238	1436	1
335	339	1
1607	213	1
1394	623	1
1945	689	1
157	1496	1
539	853	1
420	1057	1
1050	829	1
871	467	1
1532	1055	1
1379	610	1
1066	322	1
871	844	1
289	407	1
27	826	1
491	713	1
516	473	1
404	1113	1
290	161	1
1902	1154	1
1139	71	1
186	768	1
62	1494	1
1568	1408	1
1046	1321	1
1875	628	1
1713	1366	1
655	998	1
978	992	1
1943	1032	1
1502	240	1
1139	368	1
1045	1253	1
808	1076	1
722	730	1
381	183	1
1492	303	1
879	1127	1
865	620	1
249	1243	1
393	705	1
1526	945	1
1835	1220	1
1547	953	1
114	1130	1
124	302	1
1715	276	1
268	1226	1
1806	492	1
1719	301	1
1174	1442	1
945	1368	1
254	600	1
1433	298	1
46	307	1
233	1120	1
1035	290	1
1963	1206	1
1971	334	1
1627	544	1
602	1051	1
23	399	1
1347	1298	1
328	1046	1
1013	1257	1
213	1208	1
240	70	1
513	1064	1
852	1198	1
1193	866	1
228	251	1
831	839	1
1489	377	1
789	731	1
1113	1347	1
690	1036	1
242	60	1
244	1095	1
449	687	1
927	936	1
1495	1192	1
1088	1276	1
51	1309	1
1698	362	1
1029	45	1
1419	545	1
1664	268	1
286	1150	1
839	1478	1
916	184	1
1931	791	1
888	265	1
405	557	1
1180	76	1
1512	1017	1
1608	875	1
310	1373	1
1696	1393	1
883	964	1
204	223	1
377	717	1
749	594	1
514	753	1
461	1197	1
587	1098	1
262	842	1
1502	136	1
1298	82	1
1860	731	1
542	1337	1
1523	41	1
1551	118	1
339	1018	1
1279	1393	1
1128	94	1
397	674	1
737	443	1
1090	836	1
152	873	1
1362	294	1
370	1297	1
653	1045	1
330	96	1
1489	162	1
465	1203	1
947	1418	1
1101	663	1
735	1035	1
1776	1296	1
1689	1478	1
115	791	1
713	543	1
321	603	1
1736	608	1
925	1403	1
1863	1352	1
197	736	1
1362	348	1
1233	167	1
1751	1278	1
1258	1034	1
954	544	1
1623	351	1
1828	1188	1
1421	131	1
461	787	1
1897	1476	1
614	374	1
463	1250	1
873	244	1
893	294	1
643	1301	1
790	1169	1
809	999	1
261	772	1
154	116	1
175	1250	1
1077	1071	1
327	814	1
1760	744	1
84	569	1
1755	1090	1
231	589	1
941	1298	1
378	964	1
683	1031	1
392	920	1
352	966	1
1215	259	1
1773	802	1
585	28	1
531	1422	1
1270	1064	1
48	1459	1
682	1364	1
1867	518	1
1696	934	1
1507	395	1
1145	704	1
1993	969	1
1157	643	1
966	102	1
1466	1448	1
1636	1305	1
1670	381	1
402	1032	1
853	261	1
804	308	1
1468	710	1
184	889	1
1195	1169	1
1009	1035	1
146	119	1
1730	576	1
1790	1381	1
910	116	1
463	1101	1
646	1070	1
35	610	1
1777	297	1
1839	1182	1
1829	821	1
1181	1244	1
1281	521	1
913	450	1
487	1229	1
476	685	1
1025	1252	1
727	1207	1
730	545	1
1967	1289	1
1142	1333	1
999	1433	1
443	1369	1
1689	1054	1
744	46	1
385	422	1
379	93	1
732	642	1
119	1186	1
748	633	1
777	1131	1
928	781	1
1600	1079	1
1971	63	1
664	445	1
1700	1223	1
1809	881	1
559	570	1
456	1353	1
1559	1048	1
1043	1164	1
808	119	1
1965	1476	1
973	620	1
1379	1392	1
210	785	1
1781	610	1
97	1392	1
1366	616	1
1017	1108	1
452	150	1
953	325	1
1000	800	1
456	1035	1
703	1478	1
490	1182	1
428	771	1
1879	752	1
919	239	1
1966	1104	1
189	127	1
253	1111	1
1505	782	1
1228	506	1
1268	345	1
1498	811	1
673	1175	1
1094	908	1
1804	994	1
720	936	1
288	41	1
936	1345	1
1011	1477	1
64	1205	1
1591	903	1
216	297	1
302	579	1
975	746	1
845	923	1
352	932	1
483	1194	1
350	624	1
281	950	1
1784	1277	1
1284	1453	1
1058	1313	1
986	1077	1
1904	713	1
219	1398	1
1679	1415	1
1391	1385	1
1165	1023	1
1677	1433	1
722	378	1
424	278	1
250	1	1
1049	252	1
429	956	1
248	4	1
1639	659	1
1028	650	1
1078	290	1
786	746	1
399	665	1
1898	1399	1
617	778	1
1726	1084	1
965	1401	1
964	1181	1
1185	945	1
752	683	1
240	935	1
1186	837	1
142	232	1
713	75	1
1332	176	1
1957	389	1
1578	1299	1
78	130	1
605	117	1
877	253	1
802	624	1
1243	1249	1
289	949	1
825	1429	1
1112	999	1
952	215	1
899	411	1
314	420	1
1019	184	1
1934	412	1
407	683	1
1477	1456	1
1565	523	1
1899	509	1
1857	246	1
84	814	1
1720	1344	1
191	1302	1
1687	955	1
1066	149	1
1659	865	1
905	528	1
745	1298	1
879	1467	1
1370	829	1
1089	623	1
861	750	1
248	181	1
389	948	1
21	726	1
1552	779	1
325	1349	1
1636	475	1
703	857	1
336	277	1
1011	750	1
1110	1239	1
569	902	1
897	841	1
1872	111	1
1056	474	1
1115	17	1
1013	514	1
511	1089	1
583	379	1
861	1378	1
1621	575	1
1920	209	1
524	1136	1
1235	337	1
1227	1033	1
859	587	1
1661	878	1
1883	288	1
946	1079	1
587	149	1
480	170	1
785	932	1
1661	1300	1
950	729	1
951	93	1
884	972	1
1101	478	1
164	1200	1
148	1166	1
1151	1089	1
1404	1357	1
1774	140	1
1653	713	1
164	1229	1
381	1065	1
1057	128	1
562	589	1
1565	1144	1
1508	458	1
663	933	1
720	1027	1
1346	852	1
1528	1262	1
1741	132	1
836	1434	1
88	417	1
1613	259	1
1127	1258	1
1439	1013	1
301	1487	1
967	850	1
1019	162	1
95	1245	1
1624	534	1
1294	464	1
924	444	1
610	1283	1
1754	1490	1
1121	12	1
637	381	1
359	753	1
753	1424	1
368	987	1
625	46	1
109	866	1
469	408	1
1425	1162	1
166	1123	1
838	91	1
341	1186	1
1209	642	1
970	1337	1
1190	404	1
925	649	1
1832	1380	1
1446	950	1
458	157	1
1167	1206	1
558	987	1
1518	1289	1
284	583	1
1189	139	1
297	857	1
286	410	1
1145	638	1
1834	73	1
191	1025	1
1267	1055	1
1806	1261	1
1531	149	1
1873	503	1
17	1464	1
1801	533	1
191	305	1
595	946	1
1453	719	1
1424	134	1
496	749	1
1925	1304	1
1502	140	1
574	1346	1
1978	968	1
472	848	1
451	399	1
481	330	1
1830	747	1
1498	936	1
244	589	1
357	59	1
1720	746	1
1050	694	1
205	1469	1
1998	557	1
1868	1086	1
1010	1427	1
262	102	1
503	1042	1
504	1461	1
1111	7	1
271	534	1
187	1487	1
312	1044	1
602	369	1
1835	797	1
1374	991	1
1724	1315	1
1121	611	1
1034	637	1
1799	94	1
1976	409	1
319	1361	1
678	802	1
1388	1159	1
688	945	1
139	329	1
979	1043	1
416	1083	1
782	161	1
763	1208	1
822	178	1
1959	1383	1
846	630	1
1179	212	1
1301	1056	1
1686	490	1
442	979	1
54	1057	1
1451	1163	1
1999	403	1
1854	948	1
1018	1287	1
211	164	1
521	1128	1
660	620	1
1183	31	1
1590	881	1
1558	417	1
1617	58	1
963	271	1
1238	544	1
682	1177	1
577	461	1
1557	206	1
547	33	1
18	1497	1
1474	217	1
1899	1423	1
1598	1215	1
1357	857	1
82	622	1
1973	1199	1
12	1325	1
205	619	1
67	1026	1
67	273	1
401	748	1
1305	539	1
1985	608	1
1322	709	1
329	49	1
1938	1087	1
225	1334	1
1261	1354	1
1851	402	1
1201	205	1
962	1043	1
1437	1354	1
737	464	1
1513	1258	1
1467	1383	1
622	308	1
1590	1046	1
497	1025	1
691	1063	1
1899	215	1
1742	304	1
633	385	1
1826	1374	1
859	169	1
1788	232	1
549	420	1
90	1184	1
1628	1043	1
1849	1059	1
400	1323	1
1106	1303	1
1736	107	1
488	79	1
799	1254	1
1087	809	1
716	68	1
1713	1373	1
178	929	1
1014	1039	1
1931	1430	1
1589	268	1
250	1421	1
902	982	1
1965	299	1
717	241	1
1595	12	1
814	615	1
438	80	1
1065	860	1
1962	1100	1
1512	1124	1
387	557	1
1167	420	1
1317	328	1
944	1034	1
1021	1204	1
1833	1382	1
1338	984	1
1809	8	1
1409	354	1
1650	1172	1
243	870	1
846	1320	1
338	375	1
771	738	1
774	1356	1
1077	1264	1
794	259	1
392	1094	1
1158	677	1
1171	937	1
207	890	1
1825	1379	1
69	215	1
143	1426	1
1940	1020	1
405	1487	1
1296	1255	1
294	1199	1
898	1446	1
641	33	1
1367	1345	1
837	139	1
325	123	1
573	257	1
954	118	1
305	1081	1
1444	846	1
1091	1393	1
1336	1270	1
1663	228	1
628	105	1
1002	1338	1
1694	1015	1
1042	938	1
922	302	1
905	620	1
775	474	1
1183	813	1
1725	560	1
996	863	1
1544	1015	1
446	1147	1
316	1219	1
699	1039	1
1142	111	1
456	77	1
1913	306	1
919	667	1
772	895	1
312	738	1
2	347	1
18	888	1
3	1278	1
1624	1286	1
1670	362	1
423	792	1
826	1408	1
1431	395	1
784	1194	1
84	1386	1
269	1077	1
1693	1258	1
129	760	1
722	585	1
1318	558	1
1837	1488	1
1047	992	1
627	1128	1
102	58	1
433	980	1
346	37	1
322	769	1
1022	1209	1
1759	588	1
1262	251	1
941	551	1
1121	748	1
1858	1378	1
489	688	1
697	779	1
746	218	1
1539	1200	1
1246	44	1
1919	893	1
825	86	1
1275	1087	1
1784	197	1
1598	822	1
1148	1381	1
1515	1455	1
1414	935	1
286	1365	1
1603	778	1
1620	144	1
1062	64	1
1387	733	1
1544	930	1
1735	196	1
1432	1067	1
1414	283	1
512	1071	1
383	882	1
1788	284	1
897	1372	1
1497	1054	1
587	874	1
1980	480	1
1749	1043	1
1580	1160	1
431	633	1
779	507	1
1155	606	1
1571	1013	1
1790	1201	1
1457	310	1
1195	304	1
1716	1371	1
1639	1220	1
772	532	1
1575	1252	1
1329	52	1
591	487	1
1549	835	1
145	579	1
810	88	1
1559	1059	1
309	1013	1
457	1332	1
605	506	1
324	1160	1
695	1203	1
234	437	1
1549	311	1
1708	968	1
232	216	1
646	1493	1
1328	1129	1
1732	813	1
553	159	1
674	984	1
1846	638	1
1029	1094	1
756	573	1
133	808	1
452	494	1
1820	900	1
807	1267	1
233	851	1
137	910	1
1287	508	1
898	1481	1
986	426	1
1179	314	1
467	594	1
1399	1075	1
219	348	1
1296	350	1
982	1247	1
1295	531	1
1227	193	1
663	989	1
1439	325	1
1035	541	1
344	683	1
742	683	1
1869	1259	1
537	953	1
1077	1308	1
1963	1186	1
603	384	1
512	1417	1
1442	725	1
1134	1069	1
1562	316	1
47	772	1
1449	542	1
924	91	1
1890	1098	1
1116	1493	1
973	412	1
1850	763	1
1743	38	1
223	208	1
460	825	1
1074	1222	1
430	335	1
369	813	1
725	244	1
1230	1417	1
923	492	1
1624	359	1
266	735	1
3	885	1
432	888	1
822	593	1
303	1300	1
282	167	1
568	1102	1
990	632	1
922	832	1
1308	1212	1
1571	992	1
1151	907	1
497	960	1
1381	1051	1
1567	768	1
445	1174	1
1886	1358	1
227	775	1
82	227	1
1455	1374	1
697	809	1
1332	216	1
833	1243	1
1154	721	1
1967	159	1
550	788	1
1095	155	1
400	569	1
1528	1007	1
1197	1352	1
1733	949	1
718	817	1
597	506	1
1448	657	1
1408	737	1
1520	955	1
1775	1494	1
730	1264	1
1771	926	1
1178	1117	1
775	465	1
958	516	1
1742	357	1
1968	175	1
378	471	1
240	107	1
906	670	1
42	1418	1
797	1226	1
10	1276	1
1208	719	1
1747	1260	1
52	1432	1
1047	1089	1
1745	988	1
1321	1101	1
1108	271	1
1836	1198	1
1008	280	1
241	1149	1
1395	52	1
504	707	1
692	449	1
377	369	1
835	806	1
1601	117	1
843	1072	1
221	751	1
1649	1239	1
1073	1064	1
1249	785	1
346	1115	1
806	919	1
1388	1412	1
95	209	1
1374	335	1
1637	1472	1
562	1284	1
1865	979	1
429	1390	1
894	56	1
396	122	1
206	58	1
285	93	1
501	1202	1
492	1095	1
865	1146	1
112	677	1
993	650	1
936	1264	1
628	236	1
1947	85	1
216	1395	1
380	1070	1
205	254	1
621	373	1
43	980	1
208	522	1
1823	733	1
592	1284	1
1491	1274	1
1627	396	1
800	1277	1
978	420	1
1289	68	1
1279	1457	1
1557	662	1
944	1186	1
1699	1300	1
824	558	1
1459	237	1
163	1145	1
273	1105	1
732	454	1
125	187	1
220	26	1
994	1498	1
80	411	1
1051	485	1
1003	824	1
1059	1370	1
1366	585	1
1842	185	1
1729	1114	1
1647	363	1
293	1393	1
686	754	1
1416	447	1
542	267	1
734	556	1
997	682	1
163	1185	1
891	816	1
384	796	1
455	691	1
650	319	1
876	1000	1
1465	606	1
1463	418	1
1156	226	1
1275	1220	1
210	1311	1
1649	732	1
393	1082	1
537	741	1
1881	297	1
694	1008	1
258	548	1
645	1033	1
1084	836	1
1188	730	1
1368	1125	1
1768	768	1
1166	1162	1
1118	596	1
1072	786	1
57	285	1
1024	1031	1
576	1310	1
1806	442	1
991	468	1
1478	1066	1
1117	481	1
1647	172	1
105	619	1
1306	625	1
287	836	1
772	1302	1
1181	561	1
1542	442	1
851	360	1
484	317	1
479	895	1
33	55	1
927	1473	1
1337	506	1
1800	484	1
260	525	1
916	32	1
1891	682	1
597	965	1
1338	631	1
248	439	1
1122	508	1
1621	641	1
317	95	1
25	1113	1
915	1160	1
888	435	1
328	645	1
1668	1446	1
663	767	1
915	1116	1
1980	556	1
1104	1379	1
734	1130	1
1697	1457	1
462	821	1
815	609	1
1068	531	1
1876	827	1
1532	1008	1
1204	1247	1
1919	552	1
211	912	1
190	1333	1
1602	204	1
1362	1151	1
857	782	1
1124	1274	1
955	528	1
434	573	1
955	1298	1
1504	1129	1
917	759	1
709	1337	1
940	1019	1
737	77	1
1961	1481	1
1482	980	1
277	108	1
1643	717	1
931	932	1
75	301	1
687	1142	1
1739	135	1
1437	1303	1
67	697	1
647	533	1
1266	563	1
1201	676	1
852	1296	1
458	1458	1
511	1297	1
668	1251	1
1846	617	1
1215	127	1
1936	1055	1
1766	1370	1
82	80	1
1443	1	1
906	236	1
129	738	1
1804	562	1
619	1015	1
285	1471	1
249	125	1
1744	827	1
613	1417	1
1463	709	1
177	634	1
1119	1071	1
1829	939	1
486	109	1
1113	1205	1
509	681	1
930	36	1
106	116	1
406	1216	1
1407	1020	1
83	1345	1
566	492	1
1754	1422	1
210	627	1
1695	391	1
1110	628	1
978	203	1
1637	28	1
1061	815	1
400	377	1
214	617	1
1107	139	1
1717	615	1
233	675	1
1632	847	1
33	196	1
327	780	1
1099	861	1
717	556	1
1590	1430	1
1091	81	1
519	1397	1
332	547	1
1139	648	1
699	190	1
1691	536	1
601	191	1
1269	489	1
515	718	1
237	823	1
949	682	1
1055	87	1
697	1226	1
45	20	1
1366	729	1
773	1131	1
59	431	1
712	1468	1
738	333	1
163	578	1
680	758	1
1013	155	1
524	1148	1
975	543	1
1337	466	1
1293	1368	1
413	807	1
836	690	1
777	1324	1
1298	1234	1
975	422	1
1276	16	1
1109	646	1
710	1098	1
359	747	1
1017	1020	1
1177	21	1
1846	1361	1
5	255	1
544	1398	1
89	316	1
967	1476	1
72	931	1
415	1028	1
1141	795	1
1861	98	1
29	814	1
1217	1126	1
1545	1469	1
398	1450	1
69	770	1
140	1414	1
1244	557	1
1620	902	1
1812	545	1
956	898	1
257	1456	1
1319	1007	1
1304	29	1
1745	900	1
678	972	1
1614	1127	1
478	758	1
1890	597	1
1576	751	1
1025	712	1
301	1481	1
1445	1099	1
1457	777	1
1772	373	1
164	676	1
1381	656	1
1834	887	1
992	767	1
1549	1377	1
1365	69	1
501	1083	1
1070	637	1
1584	1431	1
1287	176	1
999	370	1
1632	956	1
1713	270	1
1048	723	1
1690	838	1
1527	111	1
1306	1120	1
235	1362	1
787	887	1
1651	207	1
1628	546	1
415	391	1
1948	231	1
225	1406	1
337	38	1
75	381	1
1273	1065	1
80	213	1
11	1275	1
1458	270	1
919	567	1
811	864	1
1330	513	1
875	1271	1
1861	803	1
1912	743	1
1407	1101	1
1829	1339	1
1688	1471	1
439	1276	1
886	1323	1
1738	180	1
416	94	1
745	1064	1
626	51	1
513	705	1
839	1274	1
1928	1338	1
1288	752	1
1851	113	1
1145	360	1
74	1394	1
756	980	1
43	549	1
1502	583	1
1189	157	1
1954	1484	1
142	588	1
1465	7	1
1499	979	1
83	1368	1
110	47	1
1473	943	1
1208	1394	1
1342	1176	1
952	488	1
1112	189	1
1020	249	1
1926	1459	1
1302	1234	1
1691	514	1
127	1114	1
1312	388	1
1999	182	1
1995	1079	1
1865	1498	1
163	1453	1
1880	929	1
969	356	1
1960	716	1
738	327	1
366	733	1
55	347	1
1230	591	1
1594	1416	1
887	1320	1
897	112	1
613	388	1
488	931	1
1488	697	1
44	433	1
963	726	1
70	899	1
33	4	1
1994	1280	1
1516	1335	1
97	414	1
1858	905	1
1576	397	1
1033	484	1
936	370	1
1738	871	1
526	187	1
1625	1044	1
237	816	1
848	547	1
585	74	1
1570	1177	1
22	300	1
167	584	1
205	500	1
1415	1083	1
564	458	1
720	843	1
160	828	1
3	1120	1
1113	1269	1
105	1319	1
694	400	1
454	195	1
1470	1485	1
1520	867	1
1199	381	1
1051	1085	1
850	168	1
826	84	1
1195	739	1
1145	1362	1
1702	1478	1
269	1013	1
579	915	1
17	1492	1
504	1141	1
1154	456	1
174	1073	1
1766	1190	1
1348	140	1
1919	542	1
724	1269	1
421	242	1
358	332	1
1740	1301	1
798	863	1
724	1110	1
1892	1079	1
1307	583	1
632	787	1
834	770	1
355	396	1
1334	600	1
1505	875	1
552	878	1
1456	366	1
1428	260	1
1061	0	1
985	860	1
787	612	1
376	1165	1
1249	475	1
70	1150	1
374	1159	1
1523	352	1
477	1386	1
446	1281	1
596	636	1
177	502	1
785	300	1
45	655	1
1346	674	1
996	1416	1
1805	541	1
1937	510	1
854	1176	1
629	691	1
777	396	1
404	1286	1
173	341	1
1589	407	1
137	924	1
403	774	1
1399	1464	1
1793	345	1
787	1311	1
1021	560	1
849	985	1
307	1427	1
510	1499	1
1872	1458	1
1873	1407	1
1820	545	1
1769	281	1
1313	122	1
1327	1242	1
590	486	1
267	709	1
1631	312	1
977	443	1
241	930	1
26	1376	1
1401	485	1
582	429	1
172	3	1
1156	573	1
178	758	1
1748	1433	1
1661	325	1
76	168	1
1083	41	1
622	337	1
1357	1048	1
517	464	1
1289	10	1
1402	1389	1
641	482	1
695	484	1
537	944	1
56	700	1
1569	332	1
1711	330	1
1766	475	1
1087	821	1
943	1386	1
1047	454	1
330	1381	1
936	1442	1
64	334	1
834	838	1
1895	1155	1
503	941	1
1684	260	1
874	800	1
1370	1301	1
215	439	1
1348	611	1
1836	1449	1
368	1192	1
1297	92	1
1102	750	1
429	786	1
1527	22	1
1979	183	1
1831	1037	1
220	291	1
1620	926	1
1943	427	1
1101	729	1
1713	1281	1
1232	1376	1
31	746	1
1585	1200	1
434	1070	1
1914	17	1
595	1374	1
1884	330	1
1573	700	1
1992	642	1
1235	915	1
579	343	1
1825	365	1
307	556	1
470	832	1
997	1081	1
1829	179	1
1952	239	1
300	23	1
921	92	1
350	1038	1
1863	1194	1
929	9	1
356	427	1
1886	1314	1
1101	326	1
393	45	1
1744	786	1
1707	1489	1
1567	735	1
326	907	1
1801	1207	1
785	788	1
1146	204	1
1329	845	1
847	1371	1
1726	953	1
1964	181	1
251	1101	1
1220	310	1
1405	1222	1
960	268	1
1699	1197	1
1090	93	1
1484	727	1
566	966	1
1760	756	1
1817	71	1
1825	1144	1
127	800	1
104	611	1
100	871	1
194	97	1
450	612	1
1689	477	1
405	293	1
291	775	1
71	1383	1
1637	734	1
437	850	1
78	1287	1
1869	145	1
1770	828	1
275	943	1
1399	33	1
1649	20	1
1814	1239	1
1513	377	1
1874	638	1
1593	1114	1
1694	1004	1
170	56	1
1626	108	1
784	356	1
924	478	1
365	1076	1
961	4	1
1452	745	1
517	1095	1
1761	1371	1
1763	1432	1
926	898	1
652	830	1
1475	1061	1
208	21	1
1982	1258	1
495	68	1
150	1041	1
1426	497	1
481	26	1
852	1316	1
542	261	1
1178	819	1
1141	1067	1
1934	1102	1
991	965	1
344	1401	1
378	569	1
547	203	1
159	1336	1
1357	261	1
1221	1370	1
1531	1166	1
1252	1288	1
896	1095	1
1167	277	1
1616	1485	1
1615	1369	1
531	100	1
1299	626	1
1783	43	1
1091	326	1
170	437	1
1115	57	1
324	383	1
1652	558	1
1526	1359	1
1746	715	1
29	710	1
758	1168	1
397	981	1
693	1476	1
580	1073	1
589	1082	1
1058	934	1
682	881	1
1291	1273	1
1613	817	1
852	165	1
1818	859	1
533	81	1
477	1468	1
1185	155	1
1297	1480	1
168	762	1
1620	316	1
1393	45	1
90	365	1
1349	482	1
473	1276	1
69	773	1
524	525	1
1705	224	1
1739	753	1
1360	693	1
1248	1446	1
1762	332	1
1845	182	1
1661	784	1
1194	545	1
823	1354	1
694	1344	1
568	438	1
39	216	1
1611	1466	1
944	585	1
836	671	1
77	1139	1
313	172	1
1333	1416	1
1723	738	1
1536	420	1
979	1324	1
1823	354	1
1980	509	1
1415	172	1
417	714	1
1618	1126	1
741	243	1
1687	1474	1
546	1159	1
1977	1401	1
945	947	1
363	925	1
907	300	1
760	695	1
1186	650	1
112	363	1
1905	435	1
181	1359	1
1001	760	1
1163	1044	1
253	1063	1
332	1074	1
1393	125	1
1741	1492	1
360	1320	1
365	1432	1
451	339	1
1960	825	1
1485	1089	1
784	827	1
1660	1431	1
1799	1037	1
857	968	1
1507	1015	1
421	1142	1
296	1054	1
875	492	1
469	1156	1
1422	484	1
12	1481	1
69	1056	1
1597	862	1
1593	530	1
306	112	1
1407	586	1
654	1127	1
1608	1342	1
1345	1174	1
1976	258	1
352	1127	1
1230	101	1
1098	296	1
4	806	1
1568	609	1
855	643	1
973	421	1
1550	1109	1
414	307	1
1416	208	1
804	1071	1
637	1070	1
1454	490	1
1792	11	1
862	419	1
1839	1463	1
758	1477	1
1888	360	1
1565	346	1
312	604	1
133	390	1
160	665	1
726	732	1
352	1253	1
822	391	1
950	1334	1
817	569	1
498	276	1
112	836	1
1997	1209	1
1471	1475	1
287	359	1
1403	734	1
329	220	1
1147	21	1
240	705	1
817	513	1
1330	1494	1
314	1451	1
778	624	1
565	1230	1
255	614	1
282	863	1
1499	950	1
43	559	1
796	1319	1
1636	696	1
1355	144	1
1331	1033	1
697	69	1
222	1232	1
1768	394	1
1593	1455	1
471	1143	1
1796	471	1
1092	664	1
622	229	1
676	21	1
1037	72	1
251	911	1
933	1159	1
253	780	1
1277	193	1
1122	639	1
735	285	1
924	1344	1
1469	105	1
223	1018	1
413	26	1
1986	45	1
1784	20	1
1860	1060	1
310	1241	1
1562	558	1
907	457	1
1982	557	1
23	34	1
354	242	1
109	382	1
695	876	1
112	1281	1
440	1386	1
1563	764	1
370	1070	1
626	779	1
1158	1362	1
687	31	1
970	331	1
571	1284	1
1703	619	1
177	1375	1
160	905	1
1533	795	1
300	730	1
655	1340	1
983	1408	1
